{
    "Ar36": {
        "error": 0.0025000108441504336, 
        "fit": "parabolic", 
        "value": 0.03004230065576214
    }, 
    "Ar37": {
        "error": 0.13546950302456978, 
        "fit": "linear", 
        "value": 0.048691981350721003
    }, 
    "Ar38": {
        "error": 0.15231154494253296, 
        "fit": "linear", 
        "value": 1.2204906611969697
    }, 
    "Ar39": {
        "error": 0.10821669248433127, 
        "fit": "parabolic", 
        "value": 102.97975569278853
    }, 
    "Ar40": {
        "error": 0.51268927077537396, 
        "fit": "parabolic", 
        "value": 1422.1292476138208
    }, 
    "Ar41": {
        "error": 0.12509156455643022, 
        "fit": "average_SEM", 
        "value": 0.29374242942663842
    }
}