{
    "Ar36": {
        "error": 0.0010814076867526781, 
        "fit": "parabolic", 
        "value": 0.0023716443245360035
    }, 
    "Ar37": {
        "error": 0.13485501704358571, 
        "fit": "linear", 
        "value": -0.034094008599742251
    }, 
    "Ar38": {
        "error": 0.1691609143971998, 
        "fit": "linear", 
        "value": 0.0032709198846486241
    }, 
    "Ar39": {
        "error": 0.062858852879631083, 
        "fit": "parabolic", 
        "value": 6.2243021868113502
    }, 
    "Ar40": {
        "error": 0.17265738452451435, 
        "fit": "parabolic", 
        "value": 86.10009189612299
    }, 
    "Ar41": {
        "error": 0.12541017034146923, 
        "fit": "average_SEM", 
        "value": 0.23443977401999291
    }
}