{
    "Ar36": {
        "error": 0.0023462266226446219, 
        "fit": "parabolic", 
        "value": 0.032465926753474136
    }, 
    "Ar37": {
        "error": 0.12980482837121374, 
        "fit": "linear", 
        "value": -0.083382026100136952
    }, 
    "Ar38": {
        "error": 0.16063972504739105, 
        "fit": "linear", 
        "value": 1.2343211399767431
    }, 
    "Ar39": {
        "error": 0.10831492740544045, 
        "fit": "parabolic", 
        "value": 110.95676491019859
    }, 
    "Ar40": {
        "error": 0.5329454508861412, 
        "fit": "parabolic", 
        "value": 1532.4931584637902
    }, 
    "Ar41": {
        "error": 0.13596838678211329, 
        "fit": "average_SEM", 
        "value": -0.34140293573960662
    }
}