{
    "Ar36": {
        "error": 0.0023124671858414415, 
        "fit": "parabolic", 
        "value": 0.031901977094373216
    }, 
    "Ar37": {
        "error": 0.14404940842924102, 
        "fit": "linear", 
        "value": -0.1039247849556087
    }, 
    "Ar38": {
        "error": 0.14049189105276053, 
        "fit": "linear", 
        "value": 1.3164338758102558
    }, 
    "Ar39": {
        "error": 0.1052543182643879, 
        "fit": "parabolic", 
        "value": 110.73521331860491
    }, 
    "Ar40": {
        "error": 0.49685024674103506, 
        "fit": "parabolic", 
        "value": 1529.7007744707894
    }, 
    "Ar41": {
        "error": 0.11986198830207664, 
        "fit": "average_SEM", 
        "value": -0.067891883843112732
    }
}