{
    "Ar36": {
        "error": 0.0025135652131772659, 
        "fit": "parabolic", 
        "value": 0.032179329863299674
    }, 
    "Ar37": {
        "error": 0.13070846142762751, 
        "fit": "linear", 
        "value": 0.050365788059738251
    }, 
    "Ar38": {
        "error": 0.15404462013719067, 
        "fit": "linear", 
        "value": 1.3187269433007529
    }, 
    "Ar39": {
        "error": 0.10508156117327815, 
        "fit": "parabolic", 
        "value": 109.85298080655974
    }, 
    "Ar40": {
        "error": 0.49452233333809181, 
        "fit": "parabolic", 
        "value": 1517.2060561740625
    }, 
    "Ar41": {
        "error": 0.12981303966407851, 
        "fit": "average_SEM", 
        "value": -0.33024309512693434
    }
}