{
    "Ar36": {
        "error": 0.0023384869694220603, 
        "fit": "parabolic", 
        "value": 0.032434447014006502
    }, 
    "Ar37": {
        "error": 0.13588821973191606, 
        "fit": "linear", 
        "value": 0.026994207485612105
    }, 
    "Ar38": {
        "error": 0.1492524204482466, 
        "fit": "linear", 
        "value": 1.2962765441176072
    }, 
    "Ar39": {
        "error": 0.10342063737980565, 
        "fit": "parabolic", 
        "value": 109.85104785606558
    }, 
    "Ar40": {
        "error": 0.45805963589976184, 
        "fit": "parabolic", 
        "value": 1517.3636950813425
    }, 
    "Ar41": {
        "error": 0.13798292229087605, 
        "fit": "average_SEM", 
        "value": -0.060425858437229182
    }
}