{
    "Ar36": {
        "error": 0.0024956138813438254, 
        "fit": "parabolic", 
        "value": 0.032662541624823002
    }, 
    "Ar37": {
        "error": 0.14020103230233388, 
        "fit": "linear", 
        "value": 0.04220482782137782
    }, 
    "Ar38": {
        "error": 0.14529528126620239, 
        "fit": "linear", 
        "value": 1.3149389022135651
    }, 
    "Ar39": {
        "error": 0.11093019906717577, 
        "fit": "parabolic", 
        "value": 109.95424035526929
    }, 
    "Ar40": {
        "error": 0.51143904197811096, 
        "fit": "parabolic", 
        "value": 1518.5688586158326
    }, 
    "Ar41": {
        "error": 0.13945484539886385, 
        "fit": "average_SEM", 
        "value": -0.32253099997527895
    }
}