{
    "Ar36": {
        "error": 0.0025981881439804443, 
        "fit": "parabolic", 
        "value": 0.032486868850237771
    }, 
    "Ar37": {
        "error": 0.1369393880113064, 
        "fit": "linear", 
        "value": -0.11905480307232039
    }, 
    "Ar38": {
        "error": 0.15953496853045424, 
        "fit": "linear", 
        "value": 1.2185834640343893
    }, 
    "Ar39": {
        "error": 0.10831521857454619, 
        "fit": "parabolic", 
        "value": 110.93971750439243
    }, 
    "Ar40": {
        "error": 0.49063351738225525, 
        "fit": "parabolic", 
        "value": 1531.7162339879451
    }, 
    "Ar41": {
        "error": 0.13774060356716744, 
        "fit": "average_SEM", 
        "value": -0.080095658925347382
    }
}