{
    "Ar36": {
        "error": 0.0023905570264739187, 
        "fit": "parabolic", 
        "value": 0.032012572704282906
    }, 
    "Ar37": {
        "error": 0.14065689735989242, 
        "fit": "linear", 
        "value": -0.095121050105079735
    }, 
    "Ar38": {
        "error": 0.15762160859858676, 
        "fit": "linear", 
        "value": 1.2819746437375064
    }, 
    "Ar39": {
        "error": 0.10688239331793931, 
        "fit": "parabolic", 
        "value": 110.79785080773352
    }, 
    "Ar40": {
        "error": 0.49025963376694787, 
        "fit": "parabolic", 
        "value": 1529.7137086901212
    }, 
    "Ar41": {
        "error": 0.12970113644889428, 
        "fit": "average_SEM", 
        "value": -0.072307609449489968
    }
}