{
    "Ar36": {
        "error": 0.000963559749567423, 
        "fit": "parabolic", 
        "value": 0.002573792943443298
    }, 
    "Ar37": {
        "error": 0.13761946905698075, 
        "fit": "linear", 
        "value": 0.022082297365594628
    }, 
    "Ar38": {
        "error": 0.17964090448061928, 
        "fit": "linear", 
        "value": -0.03514634585144244
    }, 
    "Ar39": {
        "error": 0.062415642949700804, 
        "fit": "parabolic", 
        "value": 6.3964359919591942
    }, 
    "Ar40": {
        "error": 0.17663427986645147, 
        "fit": "parabolic", 
        "value": 88.868870506533796
    }, 
    "Ar41": {
        "error": 0.13779595653964852, 
        "fit": "average_SEM", 
        "value": -0.37312623354722746
    }
}