{
    "Ar36": {
        "error": 0.0010147049025821721, 
        "fit": "parabolic", 
        "value": 0.0022565572793806507
    }, 
    "Ar37": {
        "error": 0.14096243111526424, 
        "fit": "linear", 
        "value": 0.048122265462177002
    }, 
    "Ar38": {
        "error": 0.16207218001165691, 
        "fit": "linear", 
        "value": 0.015724917772100964
    }, 
    "Ar39": {
        "error": 0.067026885511133921, 
        "fit": "parabolic", 
        "value": 6.3920405290481073
    }, 
    "Ar40": {
        "error": 0.17271986034542014, 
        "fit": "parabolic", 
        "value": 89.033187903707457
    }, 
    "Ar41": {
        "error": 0.13900386580689239, 
        "fit": "average_SEM", 
        "value": -0.34866932732984424
    }
}