{
    "Ar36": {
        "error": 0.0010489863288796826, 
        "fit": "parabolic", 
        "value": 0.0025633555268495451
    }, 
    "Ar37": {
        "error": 0.13934655969834858, 
        "fit": "linear", 
        "value": 0.030554564067612276
    }, 
    "Ar38": {
        "error": 0.17025426952769032, 
        "fit": "linear", 
        "value": 0.0011881847726351036
    }, 
    "Ar39": {
        "error": 0.062284680933092494, 
        "fit": "parabolic", 
        "value": 6.407947571046158
    }, 
    "Ar40": {
        "error": 0.17845258120190077, 
        "fit": "parabolic", 
        "value": 89.060555121453845
    }, 
    "Ar41": {
        "error": 0.1390224915450779, 
        "fit": "average_SEM", 
        "value": -0.34701999037162751
    }
}