{
    "Ar36": {
        "error": 0.00014476799656092942, 
        "fit": "parabolic", 
        "value": 0.0022565055713372447
    }, 
    "Ar37": {
        "error": 0.012741489507161764, 
        "fit": "linear", 
        "value": 0.055901189209095078
    }, 
    "Ar38": {
        "error": 0.012594486881239386, 
        "fit": "linear", 
        "value": -0.0094031327151135428
    }, 
    "Ar39": {
        "error": 0.010210307575490709, 
        "fit": "parabolic", 
        "value": 6.41159899919659
    }, 
    "Ar40": {
        "error": 0.027828382488917634, 
        "fit": "parabolic", 
        "value": 88.961082719843859
    }, 
    "Ar41": {
        "error": 0.013832750597455224, 
        "fit": "linear", 
        "value": -0.34721683806365233
    }
}