{
    "Ar36": {
        "error": 0.001021164412350718, 
        "fit": "parabolic", 
        "value": 0.0022298679000592992
    }, 
    "Ar37": {
        "error": 0.14332480715594184, 
        "fit": "linear", 
        "value": 0.073073618535359361
    }, 
    "Ar38": {
        "error": 0.17264572577439674, 
        "fit": "linear", 
        "value": 0.0022711630188213716
    }, 
    "Ar39": {
        "error": 0.061341390417374658, 
        "fit": "parabolic", 
        "value": 6.3977424951637705
    }, 
    "Ar40": {
        "error": 0.16974685318200566, 
        "fit": "parabolic", 
        "value": 88.932917693521205
    }, 
    "Ar41": {
        "error": 0.13557521845895881, 
        "fit": "average_SEM", 
        "value": -0.090474377444770659
    }
}