{
    "Ar36": {
        "error": 0.0010248468007032822, 
        "fit": "parabolic", 
        "value": 0.0023629967107789383
    }, 
    "Ar37": {
        "error": 0.14208910032059965, 
        "fit": "linear", 
        "value": 0.040059891047862298
    }, 
    "Ar38": {
        "error": 0.16466249876122666, 
        "fit": "linear", 
        "value": 0.013097686270800414
    }, 
    "Ar39": {
        "error": 0.060232005195076363, 
        "fit": "parabolic", 
        "value": 6.3921551761457742
    }, 
    "Ar40": {
        "error": 0.17302076947911887, 
        "fit": "parabolic", 
        "value": 89.013378929543364
    }, 
    "Ar41": {
        "error": 0.1373094924493676, 
        "fit": "average_SEM", 
        "value": -0.36347096084151415
    }
}