{
    "Ar36": {
        "error": 0.0024079665208150648, 
        "fit": "parabolic", 
        "value": 0.029904929988949572
    }, 
    "Ar37": {
        "error": 0.13780536863057269, 
        "fit": "linear", 
        "value": 0.025614903480545861
    }, 
    "Ar38": {
        "error": 0.15670763507452279, 
        "fit": "linear", 
        "value": 1.252098695867363
    }, 
    "Ar39": {
        "error": 0.10603760260807554, 
        "fit": "parabolic", 
        "value": 103.08115150657019
    }, 
    "Ar40": {
        "error": 0.43590564528021108, 
        "fit": "parabolic", 
        "value": 1424.0208970151373
    }, 
    "Ar41": {
        "error": 0.14294646080003012, 
        "fit": "average_SEM", 
        "value": 0.019028901803249027
    }
}