{
    "Ar36": {
        "error": 0.0008936951603803208, 
        "fit": "parabolic", 
        "value": 0.0024380409952206167
    }, 
    "Ar37": {
        "error": 0.13509736125670113, 
        "fit": "linear", 
        "value": 0.013798604802359525
    }, 
    "Ar38": {
        "error": 0.16452405795468342, 
        "fit": "linear", 
        "value": -0.048916258574722038
    }, 
    "Ar39": {
        "error": 0.061066842056667479, 
        "fit": "parabolic", 
        "value": 6.4103043838320666
    }, 
    "Ar40": {
        "error": 0.17390477576998609, 
        "fit": "parabolic", 
        "value": 89.016160294402027
    }, 
    "Ar41": {
        "error": 0.12870816333257212, 
        "fit": "average_SEM", 
        "value": -0.3677904433454387
    }
}