{
    "Ar36": {
        "error": 0.00098464087963088132, 
        "fit": "parabolic", 
        "value": 0.0023275448510709134
    }, 
    "Ar37": {
        "error": 0.13903026487583311, 
        "fit": "linear", 
        "value": -0.032440710626843519
    }, 
    "Ar38": {
        "error": 0.15773375920636978, 
        "fit": "linear", 
        "value": 0.021241673225237689
    }, 
    "Ar39": {
        "error": 0.06090540056584462, 
        "fit": "parabolic", 
        "value": 6.2318513496437085
    }, 
    "Ar40": {
        "error": 0.16299926362623607, 
        "fit": "parabolic", 
        "value": 86.047228654287537
    }, 
    "Ar41": {
        "error": 0.13727909666195479, 
        "fit": "average_SEM", 
        "value": -0.013947643843712285
    }
}