{
    "Ar36": {
        "error": 0.0025059451189071852, 
        "fit": "parabolic", 
        "value": 0.03219798363836969
    }, 
    "Ar37": {
        "error": 0.1391822793406621, 
        "fit": "linear", 
        "value": -0.11798534376133973
    }, 
    "Ar38": {
        "error": 0.15250925911924321, 
        "fit": "linear", 
        "value": 1.236623452533657
    }, 
    "Ar39": {
        "error": 0.1013778862456655, 
        "fit": "parabolic", 
        "value": 111.09978137493344
    }, 
    "Ar40": {
        "error": 0.50937282601644807, 
        "fit": "parabolic", 
        "value": 1534.37882475581
    }, 
    "Ar41": {
        "error": 0.13180290234654091, 
        "fit": "average_SEM", 
        "value": -0.09670159089961089
    }
}