{
    "Ar36": {
        "error": 0.0023551738071963162, 
        "fit": "parabolic", 
        "value": 0.029453098975408498
    }, 
    "Ar37": {
        "error": 0.13794399903562141, 
        "fit": "linear", 
        "value": 0.013278417888023607
    }, 
    "Ar38": {
        "error": 0.16871624098079716, 
        "fit": "linear", 
        "value": 1.2409688508140544
    }, 
    "Ar39": {
        "error": 0.10309989417252799, 
        "fit": "parabolic", 
        "value": 103.10114577297986
    }, 
    "Ar40": {
        "error": 0.45490066144162378, 
        "fit": "parabolic", 
        "value": 1423.4790692075944
    }, 
    "Ar41": {
        "error": 0.13681357800308233, 
        "fit": "average_SEM", 
        "value": 0.28598449093231465
    }
}