{
    "Ar36": {
        "error": 0.00091437790395540604, 
        "fit": "parabolic", 
        "value": 0.00063714613135389727
    }, 
    "Ar37": {
        "error": 0.1360555836712859, 
        "fit": "linear", 
        "value": -0.10274262495094638
    }, 
    "Ar38": {
        "error": 0.12971843683287654, 
        "fit": "linear", 
        "value": -0.14588856329588051
    }, 
    "Ar39": {
        "error": 0.061372620982846487, 
        "fit": "parabolic", 
        "value": -0.00056742286230062038
    }, 
    "Ar40": {
        "error": 0.14109445408681381, 
        "fit": "parabolic", 
        "value": 0.38581945828448005
    }, 
    "Ar41": {
        "error": 0.13527519373281319, 
        "fit": "average_SEM", 
        "value": -0.10912230851343338
    }
}