{
    "Ar36": {
        "error": 0.00087420412570392693, 
        "fit": "parabolic", 
        "value": 0.00073223922145642956
    }, 
    "Ar37": {
        "error": 0.14151901617116402, 
        "fit": "linear", 
        "value": -0.077062509422269637
    }, 
    "Ar38": {
        "error": 0.14301133888186277, 
        "fit": "linear", 
        "value": -0.14393185311089818
    }, 
    "Ar39": {
        "error": 0.061328889980224906, 
        "fit": "parabolic", 
        "value": 0.013566805236999758
    }, 
    "Ar40": {
        "error": 0.14005043303176382, 
        "fit": "parabolic", 
        "value": 0.22888799475493249
    }, 
    "Ar41": {
        "error": 0.13424738875714132, 
        "fit": "average_SEM", 
        "value": -0.36718935165088623
    }
}