{
    "Ar36": {
        "error": 0.00085828394586728136, 
        "fit": "parabolic", 
        "value": 0.00079917406122112522
    }, 
    "Ar37": {
        "error": 0.12973521082486592, 
        "fit": "linear", 
        "value": 0.038590373891405245
    }, 
    "Ar38": {
        "error": 0.14961852173581403, 
        "fit": "linear", 
        "value": -0.052778742052661767
    }, 
    "Ar39": {
        "error": 0.057658328227662932, 
        "fit": "parabolic", 
        "value": -0.0088956988447176869
    }, 
    "Ar40": {
        "error": 0.13483384455683492, 
        "fit": "parabolic", 
        "value": 0.26739782659183897
    }, 
    "Ar41": {
        "error": 0.14310358214652694, 
        "fit": "average_SEM", 
        "value": -0.36458191786427052
    }
}