{
    "Ar36": {
        "error": 0.00087787934947349412, 
        "fit": "parabolic", 
        "value": 0.00059302287810492158
    }, 
    "Ar37": {
        "error": 0.13827766728096424, 
        "fit": "linear", 
        "value": 0.062127450112355861
    }, 
    "Ar38": {
        "error": 0.14942191813518968, 
        "fit": "linear", 
        "value": -0.09143321037403801
    }, 
    "Ar39": {
        "error": 0.058676278425471615, 
        "fit": "parabolic", 
        "value": -0.016085498602351631
    }, 
    "Ar40": {
        "error": 0.13909348359153059, 
        "fit": "parabolic", 
        "value": 0.1873259086199035
    }, 
    "Ar41": {
        "error": 0.1317641683734094, 
        "fit": "average_SEM", 
        "value": -0.35569956779479983
    }
}