{
    "Ar36": {
        "error": 0.00087916861002457322, 
        "fit": "parabolic", 
        "value": 0.00071456758745514133
    }, 
    "Ar37": {
        "error": 0.14218928169348191, 
        "fit": "linear", 
        "value": -0.084723136357930343
    }, 
    "Ar38": {
        "error": 0.13613145642627042, 
        "fit": "linear", 
        "value": -0.088884514203362602
    }, 
    "Ar39": {
        "error": 0.058650518397928494, 
        "fit": "parabolic", 
        "value": -0.026096258827519071
    }, 
    "Ar40": {
        "error": 0.13997002407648795, 
        "fit": "parabolic", 
        "value": 0.30993644768160677
    }, 
    "Ar41": {
        "error": 0.11814670076172749, 
        "fit": "average_SEM", 
        "value": -0.11205759395858877
    }
}