{
    "Ar36": {
        "error": 0.00076504609459859504, 
        "fit": "parabolic", 
        "value": 0.00061408133767860821
    }, 
    "Ar37": {
        "error": 0.13190025907336664, 
        "fit": "linear", 
        "value": 0.030916781643155516
    }, 
    "Ar38": {
        "error": 0.16637702742505583, 
        "fit": "linear", 
        "value": -0.10749504498767953
    }, 
    "Ar39": {
        "error": 0.064077067300228885, 
        "fit": "parabolic", 
        "value": -0.030078679076860123
    }, 
    "Ar40": {
        "error": 0.13365979558391033, 
        "fit": "parabolic", 
        "value": 0.25794300209225407
    }, 
    "Ar41": {
        "error": 0.138397159818926, 
        "fit": "average_SEM", 
        "value": -0.34938055644510313
    }
}