{
    "Ar36": {
        "error": 0.00076901261819509897, 
        "fit": "parabolic", 
        "value": 0.00051616926119089327
    }, 
    "Ar37": {
        "error": 0.14363141258595724, 
        "fit": "linear", 
        "value": 0.034463497693676751
    }, 
    "Ar38": {
        "error": 0.15900118066524149, 
        "fit": "linear", 
        "value": -0.07682578149479119
    }, 
    "Ar39": {
        "error": 0.064359402920752359, 
        "fit": "parabolic", 
        "value": -0.018331129910509239
    }, 
    "Ar40": {
        "error": 0.14022398788446608, 
        "fit": "parabolic", 
        "value": 0.21877013755215963
    }, 
    "Ar41": {
        "error": 0.1409548924375543, 
        "fit": "average_SEM", 
        "value": -0.34506451999302956
    }
}