{
    "Ar36": {
        "error": 0.00078714069332544239, 
        "fit": "parabolic", 
        "value": 0.00053766702698754265
    }, 
    "Ar37": {
        "error": 0.13284914043940591, 
        "fit": "linear", 
        "value": 0.059690401398332593
    }, 
    "Ar38": {
        "error": 0.16356250814138237, 
        "fit": "linear", 
        "value": -0.064265509213880981
    }, 
    "Ar39": {
        "error": 0.054237757465461507, 
        "fit": "parabolic", 
        "value": -0.026305281874089571
    }, 
    "Ar40": {
        "error": 0.13303294076710781, 
        "fit": "parabolic", 
        "value": 0.32469911481327007
    }, 
    "Ar41": {
        "error": 0.13051579911865208, 
        "fit": "average_SEM", 
        "value": -0.36299021658196579
    }
}