{
    "Ar36": {
        "error": 0.00077146438283550724, 
        "fit": "parabolic", 
        "value": 0.00054328133345782294
    }, 
    "Ar37": {
        "error": 0.13566366275714048, 
        "fit": "linear", 
        "value": 0.01028931994562049
    }, 
    "Ar38": {
        "error": 0.1737426483619271, 
        "fit": "linear", 
        "value": -0.083899677717313423
    }, 
    "Ar39": {
        "error": 0.060318552119080535, 
        "fit": "parabolic", 
        "value": -0.018393935303203601
    }, 
    "Ar40": {
        "error": 0.14219382989593388, 
        "fit": "parabolic", 
        "value": 0.16921272476690097
    }, 
    "Ar41": {
        "error": 0.14119993454902732, 
        "fit": "average_SEM", 
        "value": -0.37264400218613447
    }
}