{
    "Ar36": {
        "error": 0.00079469100797959727, 
        "fit": "parabolic", 
        "value": 0.00064941664029560581
    }, 
    "Ar37": {
        "error": 0.14002381181659976, 
        "fit": "linear", 
        "value": 0.069366063688135055
    }, 
    "Ar38": {
        "error": 0.1561767024927492, 
        "fit": "linear", 
        "value": -0.063002779822535673
    }, 
    "Ar39": {
        "error": 0.057571132971565749, 
        "fit": "parabolic", 
        "value": -0.019638816799923381
    }, 
    "Ar40": {
        "error": 0.13885008488671341, 
        "fit": "parabolic", 
        "value": 0.20708850891439276
    }, 
    "Ar41": {
        "error": 0.14472970615768141, 
        "fit": "average_SEM", 
        "value": -0.33596495499834417
    }
}