{
    "Ar36": {
        "error": 0.00099798901864843622, 
        "fit": "parabolic", 
        "value": 0.0022894330985048757
    }, 
    "Ar37": {
        "error": 0.13607953022012759, 
        "fit": "linear", 
        "value": 0.035339061404122483
    }, 
    "Ar38": {
        "error": 0.13294686500381933, 
        "fit": "linear", 
        "value": -0.030755999518479127
    }, 
    "Ar39": {
        "error": 0.058010137542294289, 
        "fit": "parabolic", 
        "value": -0.0010831213432852659
    }, 
    "Ar40": {
        "error": 0.13303650168608008, 
        "fit": "parabolic", 
        "value": 0.29082680001117156
    }, 
    "Ar41": {
        "error": 0.15771581467694476, 
        "fit": "average_SEM", 
        "value": 0.010000016617996153
    }
}