{
    "Ar36": {
        "error": 0.00092361563758040516, 
        "fit": "parabolic", 
        "value": 0.0020343264519111278
    }, 
    "Ar37": {
        "error": 0.15042922434532549, 
        "fit": "linear", 
        "value": 0.0050740865043763291
    }, 
    "Ar38": {
        "error": 0.14300751235649098, 
        "fit": "linear", 
        "value": -0.059634602849511428
    }, 
    "Ar39": {
        "error": 0.056457983587015058, 
        "fit": "parabolic", 
        "value": -0.024988019532878821
    }, 
    "Ar40": {
        "error": 0.1310877253095859, 
        "fit": "parabolic", 
        "value": 0.45821624169657282
    }, 
    "Ar41": {
        "error": 0.12862287530710004, 
        "fit": "average_SEM", 
        "value": 0.23949246314521588
    }
}