{
    "Ar36": {
        "error": 0.00092874883385610403, 
        "fit": "parabolic", 
        "value": 0.00063173936992006493
    }, 
    "Ar37": {
        "error": 0.12926648299219953, 
        "fit": "linear", 
        "value": -0.029252632401935624
    }, 
    "Ar38": {
        "error": 0.15015006869752032, 
        "fit": "linear", 
        "value": -0.054640824690197362
    }, 
    "Ar39": {
        "error": 0.062520243369361919, 
        "fit": "parabolic", 
        "value": 0.023167474165877517
    }, 
    "Ar40": {
        "error": 0.14423535266864917, 
        "fit": "parabolic", 
        "value": 0.37695990407401736
    }, 
    "Ar41": {
        "error": 0.13439665601667233, 
        "fit": "average_SEM", 
        "value": -0.024180959577315662
    }
}