{
    "Ar36": {
        "error": 0.00094119241098689218, 
        "fit": "parabolic", 
        "value": 0.00044622043617334559
    }, 
    "Ar37": {
        "error": 0.14380044614353804, 
        "fit": "linear", 
        "value": -0.018435424811839969
    }, 
    "Ar38": {
        "error": 0.15051325127913076, 
        "fit": "linear", 
        "value": -0.069467082737367569
    }, 
    "Ar39": {
        "error": 0.058520914525375438, 
        "fit": "parabolic", 
        "value": 0.0060505867864883486
    }, 
    "Ar40": {
        "error": 0.13755511719780461, 
        "fit": "parabolic", 
        "value": 0.26820015829053778
    }, 
    "Ar41": {
        "error": 0.13415724884249802, 
        "fit": "average_SEM", 
        "value": -0.031651840479474537
    }
}