{
    "Ar36": {
        "error": 0.00089248861012396544, 
        "fit": "parabolic", 
        "value": 0.00056429589031271952
    }, 
    "Ar37": {
        "error": 0.1410638612129502, 
        "fit": "linear", 
        "value": -0.025279125141530155
    }, 
    "Ar38": {
        "error": 0.1549960726980526, 
        "fit": "linear", 
        "value": -0.074216962781930546
    }, 
    "Ar39": {
        "error": 0.058971931221459654, 
        "fit": "parabolic", 
        "value": 0.032339375897108766
    }, 
    "Ar40": {
        "error": 0.13645501601537563, 
        "fit": "parabolic", 
        "value": 0.20846837755026992
    }, 
    "Ar41": {
        "error": 0.13418504567786105, 
        "fit": "average_SEM", 
        "value": 0.24004014616444086
    }
}