{
    "AX": {
        "error": 0.0538401184626034, 
        "fit": "average_SEM", 
        "value": -0.04765053660246647
    }, 
    "CDD": {
        "error": 0.0001070829664440738, 
        "fit": "average_SEM", 
        "value": 8.637187452728135e-05
    }, 
    "H1": {
        "error": 0.12100744330675947, 
        "fit": "average_SEM", 
        "value": 0.019714429217209624
    }, 
    "H2": {
        "error": 0.14023239274690408, 
        "fit": "average_SEM", 
        "value": -0.10174059263275316
    }, 
    "L1": {
        "error": 0.13642163068066207, 
        "fit": "average_SEM", 
        "value": -0.08238004480727897
    }, 
    "L2": {
        "error": 0.12477231347148655, 
        "fit": "average_SEM", 
        "value": 0.05915665148737995
    }
}