{
    "AX": {
        "error": 0.05006040613231253, 
        "fit": "average_SEM", 
        "value": -0.049998708309269405
    }, 
    "CDD": {
        "error": 0.00011128388308552346, 
        "fit": "average_SEM", 
        "value": 6.218774975018783e-05
    }, 
    "H1": {
        "error": 0.12250549118495603, 
        "fit": "average_SEM", 
        "value": 0.019361683623477195
    }, 
    "H2": {
        "error": 0.13902787652027443, 
        "fit": "average_SEM", 
        "value": -0.08666401709326439
    }, 
    "L1": {
        "error": 0.13089731630811535, 
        "fit": "average_SEM", 
        "value": -0.09145229026002602
    }, 
    "L2": {
        "error": 0.13454524473487614, 
        "fit": "average_SEM", 
        "value": 0.01608903377006451
    }
}