{
    "AX": {
        "error": 0.05746592721367788, 
        "fit": "average_SEM", 
        "value": -0.04896903608459979
    }, 
    "CDD": {
        "error": 0.00012134964582318084, 
        "fit": "average_SEM", 
        "value": 6.909750033325205e-05
    }, 
    "H1": {
        "error": 0.13364127504165102, 
        "fit": "average_SEM", 
        "value": 0.027541969989478172
    }, 
    "H2": {
        "error": 0.13408417240164663, 
        "fit": "average_SEM", 
        "value": -0.08419315445029901
    }, 
    "L1": {
        "error": 0.16824635158802093, 
        "fit": "average_SEM", 
        "value": -0.06289885767942502
    }, 
    "L2": {
        "error": 0.12117569630103359, 
        "fit": "average_SEM", 
        "value": 0.05270529431096899
    }
}