{
    "AX": {
        "error": 0.0524914106396617, 
        "fit": "average_SEM", 
        "value": -0.04822239404052703
    }, 
    "CDD": {
        "error": 0.00010076765133372017, 
        "fit": "average_SEM", 
        "value": 6.0460312589485614e-05
    }, 
    "H1": {
        "error": 0.131922102536775, 
        "fit": "average_SEM", 
        "value": 0.04356330875371997
    }, 
    "H2": {
        "error": 0.13413684198886278, 
        "fit": "average_SEM", 
        "value": -0.07832512302945058
    }, 
    "L1": {
        "error": 0.16539341571298202, 
        "fit": "average_SEM", 
        "value": -0.08543225113551468
    }, 
    "L2": {
        "error": 0.1303868869207897, 
        "fit": "average_SEM", 
        "value": 0.05402749392410947
    }
}