{
    "AX": {
        "error": 0.05426613798414827, 
        "fit": "average_SEM", 
        "value": -0.053140563836657544
    }, 
    "CDD": {
        "error": 0.00010241615674065135, 
        "fit": "average_SEM", 
        "value": 5.52779994904995e-05
    }, 
    "H1": {
        "error": 0.1318424457568267, 
        "fit": "average_SEM", 
        "value": 0.04024841530352003
    }, 
    "H2": {
        "error": 0.14509843315899262, 
        "fit": "average_SEM", 
        "value": -0.06487329819808818
    }, 
    "L1": {
        "error": 0.15614260127377058, 
        "fit": "average_SEM", 
        "value": -0.08088796277588699
    }, 
    "L2": {
        "error": 0.13308039235070387, 
        "fit": "average_SEM", 
        "value": 0.027650093597670396
    }
}