{
    "AX": {
        "error": 0.061027126627397565, 
        "fit": "average_SEM", 
        "value": -0.05187754965542505
    }, 
    "CDD": {
        "error": 0.00014559678111245275, 
        "fit": "average_SEM", 
        "value": 0.00011228343872870836
    }, 
    "H1": {
        "error": 0.15743095160232956, 
        "fit": "average_SEM", 
        "value": 0.05207263224680598
    }, 
    "H2": {
        "error": 0.14693280570239955, 
        "fit": "average_SEM", 
        "value": -0.35774559213055507
    }, 
    "L1": {
        "error": 0.13549184491684516, 
        "fit": "average_SEM", 
        "value": -0.06985292672761716
    }, 
    "L2": {
        "error": 0.12418246688468869, 
        "fit": "average_SEM", 
        "value": 0.04203304261383083
    }
}