{
    "AX": {
        "error": 0.05676381565333378, 
        "fit": "average_SEM", 
        "value": -0.04857418404167725
    }, 
    "CDD": {
        "error": 0.00014413869124817953, 
        "fit": "average_SEM", 
        "value": 0.00012955781292273768
    }, 
    "H1": {
        "error": 0.11888597532224496, 
        "fit": "average_SEM", 
        "value": 0.0369598842465267
    }, 
    "H2": {
        "error": 0.12735782098559167, 
        "fit": "average_SEM", 
        "value": -0.357486561851369
    }, 
    "L1": {
        "error": 0.14388068973603474, 
        "fit": "average_SEM", 
        "value": -0.07182382774384072
    }, 
    "L2": {
        "error": 0.12626142235714655, 
        "fit": "average_SEM", 
        "value": 0.023661462905066502
    }
}