{
    "AX": {
        "error": 0.04977007619426239, 
        "fit": "average_SEM", 
        "value": -0.04914429572980023
    }, 
    "CDD": {
        "error": 0.00013183777115103297, 
        "fit": "average_SEM", 
        "value": 0.00010364625066156602
    }, 
    "H1": {
        "error": 0.12813130884903323, 
        "fit": "average_SEM", 
        "value": 0.022155417683016924
    }, 
    "H2": {
        "error": 0.12105267916778903, 
        "fit": "average_SEM", 
        "value": -0.3581965095467038
    }, 
    "L1": {
        "error": 0.13393690598718663, 
        "fit": "average_SEM", 
        "value": -0.09524624746409245
    }, 
    "L2": {
        "error": 0.12018390725903284, 
        "fit": "average_SEM", 
        "value": 0.022883978191142282
    }
}