{
    "AX": {
        "error": 0.06785426097510729, 
        "fit": "average_SEM", 
        "value": -0.05022211917215221
    }, 
    "CDD": {
        "error": 0.00011171689695173436, 
        "fit": "average_SEM", 
        "value": 8.982674981881347e-05
    }, 
    "H1": {
        "error": 0.13285953833836373, 
        "fit": "average_SEM", 
        "value": 0.03195652148472921
    }, 
    "H2": {
        "error": 0.12558102634648716, 
        "fit": "average_SEM", 
        "value": -0.37536639844377834
    }, 
    "L1": {
        "error": 0.19347112044455686, 
        "fit": "average_SEM", 
        "value": -0.07899406095966696
    }, 
    "L2": {
        "error": 0.1351588993637184, 
        "fit": "average_SEM", 
        "value": 0.026452381608154003
    }
}