{
    "AX": {
        "error": 0.05381825759800396, 
        "fit": "average_SEM", 
        "value": -0.05070249800143453
    }, 
    "CDD": {
        "error": 8.005820469493419e-05, 
        "fit": "average_SEM", 
        "value": 4.145849961787462e-05
    }, 
    "H1": {
        "error": 0.1281421824736776, 
        "fit": "average_SEM", 
        "value": 0.014719055724951129
    }, 
    "H2": {
        "error": 0.12360223699406739, 
        "fit": "average_SEM", 
        "value": -0.3675346749731236
    }, 
    "L1": {
        "error": 0.1469228939975727, 
        "fit": "average_SEM", 
        "value": -0.06855355933463822
    }, 
    "L2": {
        "error": 0.1377274660639258, 
        "fit": "average_SEM", 
        "value": 0.053341906973057324
    }
}