{
    "AX": {
        "error": 0.062020318059876615, 
        "fit": "average_SEM", 
        "value": -0.05313777376173271
    }, 
    "CDD": {
        "error": 7.549958589366993e-05, 
        "fit": "average_SEM", 
        "value": 3.2821312197484075e-05
    }, 
    "H1": {
        "error": 0.11129715094919539, 
        "fit": "average_SEM", 
        "value": 0.022840766029872207
    }, 
    "H2": {
        "error": 0.14677223537923495, 
        "fit": "average_SEM", 
        "value": -0.35924269351073435
    }, 
    "L1": {
        "error": 0.14875711358158386, 
        "fit": "average_SEM", 
        "value": -0.07748576651792974
    }, 
    "L2": {
        "error": 0.12906739308568155, 
        "fit": "average_SEM", 
        "value": 0.010936832671157188
    }
}