{
    "AX": {
        "error": 0.061140416164987645, 
        "fit": "average_SEM", 
        "value": -0.04761736459460937
    }, 
    "CDD": {
        "error": 0.00010172140231402604, 
        "fit": "average_SEM", 
        "value": 6.737006220242215e-05
    }, 
    "H1": {
        "error": 0.11818604451441811, 
        "fit": "average_SEM", 
        "value": 0.03741682990544683
    }, 
    "H2": {
        "error": 0.14529632438097667, 
        "fit": "average_SEM", 
        "value": -0.3621042165077395
    }, 
    "L1": {
        "error": 0.13755613379008594, 
        "fit": "average_SEM", 
        "value": -0.06519611580944103
    }, 
    "L2": {
        "error": 0.13916581409717715, 
        "fit": "average_SEM", 
        "value": 0.03322232103803092
    }
}