{
    "AX": {
        "error": 0.05457663506432533, 
        "fit": "average_SEM", 
        "value": -0.04559854090330191
    }, 
    "CDD": {
        "error": 8.9743475580386e-05, 
        "fit": "average_SEM", 
        "value": 5.009568736164106e-05
    }, 
    "H1": {
        "error": 0.12095008164002709, 
        "fit": "average_SEM", 
        "value": 0.0498806695018882
    }, 
    "H2": {
        "error": 0.13863690302737855, 
        "fit": "average_SEM", 
        "value": -0.3670571087135209
    }, 
    "L1": {
        "error": 0.1605697002948878, 
        "fit": "average_SEM", 
        "value": -0.062295048042303985
    }, 
    "L2": {
        "error": 0.12652156682791924, 
        "fit": "average_SEM", 
        "value": 0.0393474113163797
    }
}