{
    "AX": {
        "error": 0.059218082561483455, 
        "fit": "average_SEM", 
        "value": -0.047390577037973954
    }, 
    "CDD": {
        "error": 0.00011939428602171222, 
        "fit": "average_SEM", 
        "value": 7.946212491434481e-05
    }, 
    "H1": {
        "error": 0.1283910884543659, 
        "fit": "average_SEM", 
        "value": 0.016530529828742146
    }, 
    "H2": {
        "error": 0.1465019587419153, 
        "fit": "average_SEM", 
        "value": -0.3585717187159591
    }, 
    "L1": {
        "error": 0.15421435630351765, 
        "fit": "average_SEM", 
        "value": -0.0756186575628817
    }, 
    "L2": {
        "error": 0.14170642965443742, 
        "fit": "average_SEM", 
        "value": 0.04341242138503326
    }
}