{
    "AX": {
        "error": 0.06134747711324546, 
        "fit": "average_SEM", 
        "value": -0.058239299132967264
    }, 
    "CDD": {
        "error": 5.1208078370325666e-05, 
        "fit": "average_SEM", 
        "value": 1.9001812324859203e-05
    }, 
    "H1": {
        "error": 0.14053579464511462, 
        "fit": "average_SEM", 
        "value": 0.006412307348930174
    }, 
    "H2": {
        "error": 0.12441567920386101, 
        "fit": "average_SEM", 
        "value": -0.3454314600676298
    }, 
    "L1": {
        "error": 0.14794197142410626, 
        "fit": "average_SEM", 
        "value": -0.09270809729803457
    }, 
    "L2": {
        "error": 0.13831970912560546, 
        "fit": "average_SEM", 
        "value": 0.008125005232998066
    }
}