{
    "AX": {
        "error": 0.06388866964912715, 
        "fit": "average_SEM", 
        "value": -0.048877125153214566
    }, 
    "CDD": {
        "error": 0.00012954034449793353, 
        "fit": "average_SEM", 
        "value": 9.155418762626747e-05
    }, 
    "H1": {
        "error": 0.12893032368987134, 
        "fit": "average_SEM", 
        "value": 0.018215603121401122
    }, 
    "H2": {
        "error": 0.14738973949949016, 
        "fit": "average_SEM", 
        "value": -0.3625175994717412
    }, 
    "L1": {
        "error": 0.14348844242328646, 
        "fit": "average_SEM", 
        "value": -0.06872057455798818
    }, 
    "L2": {
        "error": 0.13091330923337463, 
        "fit": "average_SEM", 
        "value": 0.027712726867240335
    }
}