{
    "AX": {
        "error": 0.0581647407341451, 
        "fit": "average_SEM", 
        "value": -0.04787907819810344
    }, 
    "CDD": {
        "error": 0.0001374847351877685, 
        "fit": "average_SEM", 
        "value": 9.328162575709737e-05
    }, 
    "H1": {
        "error": 0.13559941958080707, 
        "fit": "average_SEM", 
        "value": 0.015035423641610477
    }, 
    "H2": {
        "error": 0.14064201896588777, 
        "fit": "average_SEM", 
        "value": -0.36358825241525966
    }, 
    "L1": {
        "error": 0.15212865385983265, 
        "fit": "average_SEM", 
        "value": -0.09116266994064467
    }, 
    "L2": {
        "error": 0.1504764782106875, 
        "fit": "average_SEM", 
        "value": 0.05003820662128015
    }
}