{
    "AX": {
        "error": 0.05241484829220746, 
        "fit": "average_SEM", 
        "value": -0.05065886367940241
    }, 
    "CDD": {
        "error": 0.00017409326232101268, 
        "fit": "average_SEM", 
        "value": 0.00014510475221969602
    }, 
    "H1": {
        "error": 0.146950739600302, 
        "fit": "average_SEM", 
        "value": 0.046275012707337734
    }, 
    "H2": {
        "error": 0.13478153876089632, 
        "fit": "average_SEM", 
        "value": -0.35267172428882787
    }, 
    "L1": {
        "error": 0.1422676433415242, 
        "fit": "average_SEM", 
        "value": -0.05331881596292887
    }, 
    "L2": {
        "error": 0.1346309770746021, 
        "fit": "average_SEM", 
        "value": 0.046788036499250056
    }
}