{
    "AX": {
        "error": 0.05845585143820726, 
        "fit": "average_SEM", 
        "value": -0.04827979884548515
    }, 
    "CDD": {
        "error": 0.00010980986046165172, 
        "fit": "average_SEM", 
        "value": 7.255237497803238e-05
    }, 
    "H1": {
        "error": 0.13316389173959292, 
        "fit": "average_SEM", 
        "value": 0.03247075200132612
    }, 
    "H2": {
        "error": 0.13420042545513863, 
        "fit": "average_SEM", 
        "value": -0.34775967415836123
    }, 
    "L1": {
        "error": 0.1587048496677616, 
        "fit": "average_SEM", 
        "value": -0.07051102525826233
    }, 
    "L2": {
        "error": 0.1271970333921467, 
        "fit": "average_SEM", 
        "value": 0.05072437585848901
    }
}