{
    "AX": {
        "error": 0.06374051159566706, 
        "fit": "average_SEM", 
        "value": -0.05825352703816154
    }, 
    "CDD": {
        "error": 0.00011757331070937067, 
        "fit": "average_SEM", 
        "value": 0.00010882856246704856
    }, 
    "H1": {
        "error": 0.12092947416712233, 
        "fit": "average_SEM", 
        "value": 0.047679399498641334
    }, 
    "H2": {
        "error": 0.1470051931678101, 
        "fit": "average_SEM", 
        "value": -0.35176615313523346
    }, 
    "L1": {
        "error": 0.14823422792398644, 
        "fit": "average_SEM", 
        "value": -0.0432348084254449
    }, 
    "L2": {
        "error": 0.12625536528042733, 
        "fit": "average_SEM", 
        "value": 0.031200792092002102
    }
}