{
    "AX": {
        "error": 0.0649556059242322, 
        "fit": "average_SEM", 
        "value": -0.060877027866889775
    }, 
    "CDD": {
        "error": 0.00015943651303847284, 
        "fit": "average_SEM", 
        "value": 0.00014510475124956832
    }, 
    "H1": {
        "error": 0.13273375795356485, 
        "fit": "average_SEM", 
        "value": 0.04845542768016457
    }, 
    "H2": {
        "error": 0.12454293131438642, 
        "fit": "average_SEM", 
        "value": -0.35737127794159784
    }, 
    "L1": {
        "error": 0.14408366875745038, 
        "fit": "average_SEM", 
        "value": -0.043530015386123624
    }, 
    "L2": {
        "error": 0.13889895841817626, 
        "fit": "average_SEM", 
        "value": 0.046963645709911364
    }
}