{
    "AX": {
        "error": 0.05761275015449277, 
        "fit": "average_SEM", 
        "value": -0.052521917240745904
    }, 
    "CDD": {
        "error": 0.00013194072768241139, 
        "fit": "average_SEM", 
        "value": 8.809931298148715e-05
    }, 
    "H1": {
        "error": 0.11039629133291218, 
        "fit": "average_SEM", 
        "value": 0.026786077007030448
    }, 
    "H2": {
        "error": 0.12412809552913663, 
        "fit": "average_SEM", 
        "value": -0.3614215657942825
    }, 
    "L1": {
        "error": 0.15460008186247584, 
        "fit": "average_SEM", 
        "value": -0.07813870016964049
    }, 
    "L2": {
        "error": 0.14557856388563176, 
        "fit": "average_SEM", 
        "value": 0.05276721613481641
    }
}