{
    "AX": {
        "error": 0.05798177804093365, 
        "fit": "average_SEM", 
        "value": -0.05319682090517341
    }, 
    "CDD": {
        "error": 4.187132043448171e-05, 
        "fit": "average_SEM", 
        "value": 1.2092062388546764e-05
    }, 
    "H1": {
        "error": 0.13359924446217206, 
        "fit": "average_SEM", 
        "value": 0.024799344203590104
    }, 
    "H2": {
        "error": 0.1556018883733495, 
        "fit": "average_SEM", 
        "value": -0.3283359479986959
    }, 
    "L1": {
        "error": 0.163677958776936, 
        "fit": "average_SEM", 
        "value": -0.051204477212255975
    }, 
    "L2": {
        "error": 0.12756752578375122, 
        "fit": "average_SEM", 
        "value": 0.04436790319030277
    }
}