{
    "AX": {
        "error": 0.06061780427960517, 
        "fit": "average_SEM", 
        "value": -0.051723570425787735
    }, 
    "CDD": {
        "error": 0.00014450459303869644, 
        "fit": "average_SEM", 
        "value": 0.0001381950006665041
    }, 
    "H1": {
        "error": 0.13649869307722437, 
        "fit": "average_SEM", 
        "value": 0.03528479577249123
    }, 
    "H2": {
        "error": 0.12341212836795123, 
        "fit": "average_SEM", 
        "value": -0.331955091158549
    }, 
    "L1": {
        "error": 0.12014166194640823, 
        "fit": "average_SEM", 
        "value": -0.06967843058519066
    }, 
    "L2": {
        "error": 0.1449401642509079, 
        "fit": "average_SEM", 
        "value": 0.01685898151093473
    }
}