{
    "AX": {
        "error": 0.05814059064735283, 
        "fit": "average_SEM", 
        "value": -0.053094683165868954
    }, 
    "CDD": {
        "error": 8.005820469493418e-05, 
        "fit": "average_SEM", 
        "value": 4.145849961787462e-05
    }, 
    "H1": {
        "error": 0.11902416314373436, 
        "fit": "average_SEM", 
        "value": 0.03008693385248383
    }, 
    "H2": {
        "error": 0.13164380510304263, 
        "fit": "average_SEM", 
        "value": -0.3617141411950191
    }, 
    "L1": {
        "error": 0.1571682258630302, 
        "fit": "average_SEM", 
        "value": -0.06642596792274465
    }, 
    "L2": {
        "error": 0.13684416399776814, 
        "fit": "average_SEM", 
        "value": 0.03764882346020183
    }
}