{
    "AX": {
        "error": 0.050207289369412496, 
        "fit": "average_SEM", 
        "value": -0.06299511463568908
    }, 
    "CDD": {
        "error": 0.0001172520520459755, 
        "fit": "average_SEM", 
        "value": 0.00010019137439990624
    }, 
    "H1": {
        "error": 0.12415686205797241, 
        "fit": "average_SEM", 
        "value": 0.050060086893952555
    }, 
    "H2": {
        "error": 0.1438886194466958, 
        "fit": "average_SEM", 
        "value": -0.35605498775839806
    }, 
    "L1": {
        "error": 0.16037551095151623, 
        "fit": "average_SEM", 
        "value": -0.059475092165586024
    }, 
    "L2": {
        "error": 0.1338403341055575, 
        "fit": "average_SEM", 
        "value": 0.036764985180343504
    }
}