{
    "AX": {
        "error": 0.06262788526318798, 
        "fit": "average_SEM", 
        "value": -0.05253583192437266
    }, 
    "CDD": {
        "error": 0.00013041096155481919, 
        "fit": "average_SEM", 
        "value": 0.00011746575021081501
    }, 
    "H1": {
        "error": 0.12385722409544515, 
        "fit": "average_SEM", 
        "value": 0.035287519730627534
    }, 
    "H2": {
        "error": 0.1349669273171702, 
        "fit": "average_SEM", 
        "value": -0.3633835907197661
    }, 
    "L1": {
        "error": 0.16190700827698096, 
        "fit": "average_SEM", 
        "value": -0.04802357831762897
    }, 
    "L2": {
        "error": 0.12840512308132543, 
        "fit": "average_SEM", 
        "value": 0.016718696570023894
    }
}