{
    "AX": {
        "error": 0.06247072399249571, 
        "fit": "average_SEM", 
        "value": -0.05203897558854401
    }, 
    "CDD": {
        "error": 0.00013096511767298104, 
        "fit": "average_SEM", 
        "value": 9.67365004018777e-05
    }, 
    "H1": {
        "error": 0.13722827107859836, 
        "fit": "average_SEM", 
        "value": 0.010662468214933243
    }, 
    "H2": {
        "error": 0.14004921452633126, 
        "fit": "average_SEM", 
        "value": -0.32292564736368756
    }, 
    "L1": {
        "error": 0.13767343421696518, 
        "fit": "average_SEM", 
        "value": -0.06768626103277914
    }, 
    "L2": {
        "error": 0.13628275186767544, 
        "fit": "average_SEM", 
        "value": 0.016290288123612603
    }
}