{
    "AX": {
        "error": 0.05715554026701786, 
        "fit": "average_SEM", 
        "value": -0.05480629565701949
    }, 
    "CDD": {
        "error": 0.00012210572443654633, 
        "fit": "average_SEM", 
        "value": 9.846393723920402e-05
    }, 
    "H1": {
        "error": 0.12520365771820366, 
        "fit": "average_SEM", 
        "value": 0.05178378022650981
    }, 
    "H2": {
        "error": 0.14814413049036107, 
        "fit": "average_SEM", 
        "value": -0.32040428543049426
    }, 
    "L1": {
        "error": 0.1698475275331883, 
        "fit": "average_SEM", 
        "value": -0.054186224103129156
    }, 
    "L2": {
        "error": 0.13268032160960147, 
        "fit": "average_SEM", 
        "value": 0.050117851582924935
    }
}