{
    "AX": {
        "error": 0.061086816501802414, 
        "fit": "average_SEM", 
        "value": -0.05237521439428545
    }, 
    "CDD": {
        "error": 0.00020180464657678753, 
        "fit": "average_SEM", 
        "value": 0.000307483885747691
    }, 
    "H1": {
        "error": 0.13095787350050225, 
        "fit": "average_SEM", 
        "value": 0.07167305142955027
    }, 
    "H2": {
        "error": 0.13089617283939656, 
        "fit": "average_SEM", 
        "value": -0.3479494844873746
    }, 
    "L1": {
        "error": 0.1393400390348257, 
        "fit": "average_SEM", 
        "value": -0.06088320008065137
    }, 
    "L2": {
        "error": 0.14707601250192626, 
        "fit": "average_SEM", 
        "value": 0.06211767102746914
    }
}