{
    "AX": {
        "error": 0.06101237578191674, 
        "fit": "average_SEM", 
        "value": -0.06157927789414922
    }, 
    "CDD": {
        "error": 0.0001286051933309095, 
        "fit": "average_SEM", 
        "value": 0.00010882856279042446
    }, 
    "H1": {
        "error": 0.13613821605741872, 
        "fit": "average_SEM", 
        "value": 0.03852003105114111
    }, 
    "H2": {
        "error": 0.1276341348537476, 
        "fit": "average_SEM", 
        "value": -0.33550669575730957
    }, 
    "L1": {
        "error": 0.14176870713718331, 
        "fit": "average_SEM", 
        "value": -0.04041519384999345
    }, 
    "L2": {
        "error": 0.12860172224191213, 
        "fit": "average_SEM", 
        "value": 0.04422716892634829
    }
}