{
    "AX": {
        "error": 0.05681005378886653, 
        "fit": "average_SEM", 
        "value": -0.05334221038889761
    }, 
    "CDD": {
        "error": 0.00011652922215682441, 
        "fit": "average_SEM", 
        "value": 0.00010364624904468656
    }, 
    "H1": {
        "error": 0.12313667499513345, 
        "fit": "average_SEM", 
        "value": 0.030095058297997135
    }, 
    "H2": {
        "error": 0.15079013836179003, 
        "fit": "average_SEM", 
        "value": -0.313013055237631
    }, 
    "L1": {
        "error": 0.1279722122622127, 
        "fit": "average_SEM", 
        "value": -0.08168553985403075
    }, 
    "L2": {
        "error": 0.12705362066169815, 
        "fit": "average_SEM", 
        "value": 0.0243193508268127
    }
}