{
    "AX": {
        "error": 0.05772296649414596, 
        "fit": "average_SEM", 
        "value": -0.04870964287676745
    }, 
    "CDD": {
        "error": 8.338152387450689e-05, 
        "fit": "average_SEM", 
        "value": 4.145849961787462e-05
    }, 
    "H1": {
        "error": 0.13267535704846464, 
        "fit": "average_SEM", 
        "value": 0.02217082323687565
    }, 
    "H2": {
        "error": 0.156790683250214, 
        "fit": "average_SEM", 
        "value": -0.35505858684579533
    }, 
    "L1": {
        "error": 0.15087215458159686, 
        "fit": "average_SEM", 
        "value": -0.058698789723631406
    }, 
    "L2": {
        "error": 0.13362755343659127, 
        "fit": "average_SEM", 
        "value": 0.04221883101919149
    }
}