{
    "AX": {
        "error": 0.05868447390619636, 
        "fit": "average_SEM", 
        "value": -0.05494230990298092
    }, 
    "CDD": {
        "error": 7.739427676041104e-05, 
        "fit": "average_SEM", 
        "value": 4.318593710195273e-05
    }, 
    "H1": {
        "error": 0.12805546196466755, 
        "fit": "average_SEM", 
        "value": 0.030595773570368894
    }, 
    "H2": {
        "error": 0.14021921437782114, 
        "fit": "average_SEM", 
        "value": -0.3507123361859057
    }, 
    "L1": {
        "error": 0.14459067373805137, 
        "fit": "average_SEM", 
        "value": -0.04318989444937971
    }, 
    "L2": {
        "error": 0.12198663734450527, 
        "fit": "average_SEM", 
        "value": 0.04024810152348234
    }
}