{
    "AX": {
        "error": 0.05815219687695423, 
        "fit": "average_SEM", 
        "value": -0.050712012784141634
    }, 
    "CDD": {
        "error": 8.140381672589574e-05, 
        "fit": "average_SEM", 
        "value": 3.109387503678186e-05
    }, 
    "H1": {
        "error": 0.12346017641334597, 
        "fit": "average_SEM", 
        "value": 0.02427682006576409
    }, 
    "H2": {
        "error": 0.141050117578471, 
        "fit": "average_SEM", 
        "value": -0.35158297148429685
    }, 
    "L1": {
        "error": 0.1397205761745309, 
        "fit": "average_SEM", 
        "value": -0.04165058075967762
    }, 
    "L2": {
        "error": 0.13893334262094073, 
        "fit": "average_SEM", 
        "value": 0.041310086028857364
    }
}