{
    "AX": {
        "error": 0.06022746289434999, 
        "fit": "average_SEM", 
        "value": -0.04679627696621335
    }, 
    "CDD": {
        "error": 9.67340729017071e-05, 
        "fit": "average_SEM", 
        "value": 7.42798118153587e-05
    }, 
    "H1": {
        "error": 0.11914455072059267, 
        "fit": "average_SEM", 
        "value": 0.06227696422720328
    }, 
    "H2": {
        "error": 0.15318522186977815, 
        "fit": "average_SEM", 
        "value": -0.35327496752142906
    }, 
    "L1": {
        "error": 0.13631510481368098, 
        "fit": "average_SEM", 
        "value": -0.06720341685350932
    }, 
    "L2": {
        "error": 0.13565999613532315, 
        "fit": "average_SEM", 
        "value": 0.04219857929791841
    }
}