{
    "AX": {
        "error": 0.056800710570819486, 
        "fit": "average_SEM", 
        "value": -0.05317872481731077
    }, 
    "CDD": {
        "error": 0.00017509569488350783, 
        "fit": "average_SEM", 
        "value": 0.00017274375228832167
    }, 
    "H1": {
        "error": 0.14790768917718722, 
        "fit": "average_SEM", 
        "value": 0.054037827349060936
    }, 
    "H2": {
        "error": 0.16257086842698504, 
        "fit": "average_SEM", 
        "value": -0.3495200625724263
    }, 
    "L1": {
        "error": 0.1693047138661741, 
        "fit": "average_SEM", 
        "value": -0.031841778465443185
    }, 
    "L2": {
        "error": 0.13900391627087455, 
        "fit": "average_SEM", 
        "value": 0.009997246096221109
    }
}