{
    "AX": {
        "error": 0.05636684176646853, 
        "fit": "average_SEM", 
        "value": -0.04858898047694109
    }, 
    "CDD": {
        "error": 9.735596478930417e-05, 
        "fit": "average_SEM", 
        "value": 5.70054372979535e-05
    }, 
    "H1": {
        "error": 0.12835327150343392, 
        "fit": "average_SEM", 
        "value": 0.03314664673428827
    }, 
    "H2": {
        "error": 0.15518791832047027, 
        "fit": "average_SEM", 
        "value": -0.3536358997846643
    }, 
    "L1": {
        "error": 0.14839921498408717, 
        "fit": "average_SEM", 
        "value": -0.06730547381771936
    }, 
    "L2": {
        "error": 0.13537899366816775, 
        "fit": "average_SEM", 
        "value": 0.0332956717575952
    }
}