{
    "AX": {
        "error": 0.05911896582886826, 
        "fit": "average_SEM", 
        "value": -0.05503962812815896
    }, 
    "CDD": {
        "error": 9.673407420393767e-05, 
        "fit": "average_SEM", 
        "value": 8.118956207504703e-05
    }, 
    "H1": {
        "error": 0.13707787277453387, 
        "fit": "average_SEM", 
        "value": 0.023658903736052
    }, 
    "H2": {
        "error": 0.14157117734266977, 
        "fit": "average_SEM", 
        "value": -0.36559050691624484
    }, 
    "L1": {
        "error": 0.1358663371234967, 
        "fit": "average_SEM", 
        "value": -0.06004853225054426
    }, 
    "L2": {
        "error": 0.1419023612013809, 
        "fit": "average_SEM", 
        "value": 0.04743860018336111
    }
}