{
    "AX": {
        "error": 0.05808095728114239, 
        "fit": "average_SEM", 
        "value": -0.05973666624631733
    }, 
    "CDD": {
        "error": 0.00013501530952068032, 
        "fit": "average_SEM", 
        "value": 0.00011573831207998511
    }, 
    "H1": {
        "error": 0.12634179820984068, 
        "fit": "average_SEM", 
        "value": 0.057535085600749075
    }, 
    "H2": {
        "error": 0.14696490330021358, 
        "fit": "average_SEM", 
        "value": -0.3649639643159591
    }, 
    "L1": {
        "error": 0.1647323463498154, 
        "fit": "average_SEM", 
        "value": -0.04588767888878162
    }, 
    "L2": {
        "error": 0.13104656263372383, 
        "fit": "average_SEM", 
        "value": 0.028094291557661362
    }
}