{
    "AX": {
        "error": 0.05922791660268781, 
        "fit": "average_SEM", 
        "value": -0.05024880014146523
    }, 
    "CDD": {
        "error": 0.00011455744169594167, 
        "fit": "average_SEM", 
        "value": 7.082493749395426e-05
    }, 
    "H1": {
        "error": 0.11879197066290244, 
        "fit": "average_SEM", 
        "value": 0.03291528008477245
    }, 
    "H2": {
        "error": 0.14708767783027357, 
        "fit": "average_SEM", 
        "value": -0.34931263306902516
    }, 
    "L1": {
        "error": 0.166833013000125, 
        "fit": "average_SEM", 
        "value": -0.07597996232927673
    }, 
    "L2": {
        "error": 0.15296827845111546, 
        "fit": "average_SEM", 
        "value": 0.0376237089710129
    }
}