{
    "AX": {
        "error": 0.05484158926154129, 
        "fit": "average_SEM", 
        "value": -0.06007850074222208
    }, 
    "CDD": {
        "error": 0.0001318949782322364, 
        "fit": "average_SEM", 
        "value": 0.00011228343775858068
    }, 
    "H1": {
        "error": 0.1515640829123871, 
        "fit": "average_SEM", 
        "value": 0.0370777890972224
    }, 
    "H2": {
        "error": 0.12720721044319327, 
        "fit": "average_SEM", 
        "value": -0.34872012719925904
    }, 
    "L1": {
        "error": 0.1373740548138559, 
        "fit": "average_SEM", 
        "value": -0.05913189092081868
    }, 
    "L2": {
        "error": 0.14044616009969166, 
        "fit": "average_SEM", 
        "value": 0.036181901702204616
    }
}