{
    "AX": {
        "error": 0.05693298269530228, 
        "fit": "average_SEM", 
        "value": -0.06203125153099083
    }, 
    "CDD": {
        "error": 0.00010416898491376878, 
        "fit": "average_SEM", 
        "value": 8.982674917206168e-05
    }, 
    "H1": {
        "error": 0.12975847225108852, 
        "fit": "average_SEM", 
        "value": 0.0320520886782712
    }, 
    "H2": {
        "error": 0.13773813853693923, 
        "fit": "average_SEM", 
        "value": -0.36368693363749316
    }, 
    "L1": {
        "error": 0.1511385553032252, 
        "fit": "average_SEM", 
        "value": -0.07732614741738265
    }, 
    "L2": {
        "error": 0.13583052579764213, 
        "fit": "average_SEM", 
        "value": 0.04500076511564354
    }
}