{
    "AX": {
        "error": 0.05978489818196473, 
        "fit": "average_SEM", 
        "value": -0.056839471460989444
    }, 
    "CDD": {
        "error": 9.789687836613203e-05, 
        "fit": "average_SEM", 
        "value": 4.836824987756295e-05
    }, 
    "H1": {
        "error": 0.13953120228933222, 
        "fit": "average_SEM", 
        "value": 0.030141068273223937
    }, 
    "H2": {
        "error": 0.16084476067883466, 
        "fit": "average_SEM", 
        "value": -0.3382904346618387
    }, 
    "L1": {
        "error": 0.19881492943593065, 
        "fit": "average_SEM", 
        "value": -0.07322562485933304
    }, 
    "L2": {
        "error": 0.14065962899449663, 
        "fit": "average_SEM", 
        "value": 0.03514394776559331
    }
}