{
    "AX": {
        "error": 0.053965438758605155, 
        "fit": "average_SEM", 
        "value": -0.055307526804325685
    }, 
    "CDD": {
        "error": 0.0001525202931568559, 
        "fit": "average_SEM", 
        "value": 0.0001364675635058019
    }, 
    "H1": {
        "error": 0.1252267014858925, 
        "fit": "average_SEM", 
        "value": 0.04102252969621784
    }, 
    "H2": {
        "error": 0.14025678546249506, 
        "fit": "average_SEM", 
        "value": -0.352623075640036
    }, 
    "L1": {
        "error": 0.13440992882756667, 
        "fit": "average_SEM", 
        "value": -0.08744606078495659
    }, 
    "L2": {
        "error": 0.13870990789569027, 
        "fit": "average_SEM", 
        "value": 0.026704477761975595
    }
}