{
    "AX": {
        "error": 0.06411416979471447, 
        "fit": "average_SEM", 
        "value": -0.06226976076480544
    }, 
    "CDD": {
        "error": 7.573901435693218e-05, 
        "fit": "average_SEM", 
        "value": 3.973106213379651e-05
    }, 
    "H1": {
        "error": 0.123900505963637, 
        "fit": "average_SEM", 
        "value": 0.03440214698202908
    }, 
    "H2": {
        "error": 0.15995466786104418, 
        "fit": "average_SEM", 
        "value": -0.3594789027805544
    }, 
    "L1": {
        "error": 0.16012680311472735, 
        "fit": "average_SEM", 
        "value": -0.07497860666933573
    }, 
    "L2": {
        "error": 0.14355763373474253, 
        "fit": "average_SEM", 
        "value": 0.04933292810649922
    }
}