{
    "AX": {
        "error": 0.05818133926992335, 
        "fit": "average_SEM", 
        "value": -0.05474802809638075
    }, 
    "CDD": {
        "error": 8.770280999222266e-05, 
        "fit": "average_SEM", 
        "value": 5.355056200642139e-05
    }, 
    "H1": {
        "error": 0.13398667781375714, 
        "fit": "average_SEM", 
        "value": 0.03785645895792792
    }, 
    "H2": {
        "error": 0.14663708004602635, 
        "fit": "average_SEM", 
        "value": -0.3590571664273739
    }, 
    "L1": {
        "error": 0.13722024990106094, 
        "fit": "average_SEM", 
        "value": -0.06417022698765827
    }, 
    "L2": {
        "error": 0.13636466474941103, 
        "fit": "average_SEM", 
        "value": 0.027003663214337496
    }
}