{
    "AX": {
        "error": 0.05679488881596025, 
        "fit": "average_SEM", 
        "value": -0.05208284221557228
    }, 
    "CDD": {
        "error": 0.00010152839649779822, 
        "fit": "average_SEM", 
        "value": 6.564262471834405e-05
    }, 
    "H1": {
        "error": 0.13551021566815344, 
        "fit": "average_SEM", 
        "value": 0.041723591601476075
    }, 
    "H2": {
        "error": 0.15407207080983662, 
        "fit": "average_SEM", 
        "value": -0.3626594420315491
    }, 
    "L1": {
        "error": 0.16419264006471695, 
        "fit": "average_SEM", 
        "value": -0.06347508531374237
    }, 
    "L2": {
        "error": 0.13490910565727893, 
        "fit": "average_SEM", 
        "value": 0.026424999059721208
    }
}