{
    "AX": {
        "error": 0.05412608413470992, 
        "fit": "average_SEM", 
        "value": -0.05937702178101366
    }, 
    "CDD": {
        "error": 8.60880304211418e-05, 
        "fit": "average_SEM", 
        "value": 4.836824955418706e-05
    }, 
    "H1": {
        "error": 0.12691217140199046, 
        "fit": "average_SEM", 
        "value": 0.0262837672761331
    }, 
    "H2": {
        "error": 0.1480668875673773, 
        "fit": "average_SEM", 
        "value": -0.3526344971317384
    }, 
    "L1": {
        "error": 0.15288174348770825, 
        "fit": "average_SEM", 
        "value": -0.06292407515251802
    }, 
    "L2": {
        "error": 0.15497891779048267, 
        "fit": "average_SEM", 
        "value": 0.027536870746148957
    }
}