{
    "AX": {
        "error": 0.059034627165669734, 
        "fit": "average_SEM", 
        "value": -0.04987041151616722
    }, 
    "CDD": {
        "error": 8.403041711527297e-05, 
        "fit": "average_SEM", 
        "value": 5.182312452234328e-05
    }, 
    "H1": {
        "error": 0.12061147212469582, 
        "fit": "average_SEM", 
        "value": 0.014447618001658056
    }, 
    "H2": {
        "error": 0.14286783489206537, 
        "fit": "average_SEM", 
        "value": -0.3490497438444032
    }, 
    "L1": {
        "error": 0.15007085158255154, 
        "fit": "average_SEM", 
        "value": -0.0767673630034551
    }, 
    "L2": {
        "error": 0.11414896180659405, 
        "fit": "average_SEM", 
        "value": 0.03779379372588462
    }
}