{
    "AX": {
        "error": 0.053133448449987915, 
        "fit": "average_SEM", 
        "value": -0.06039117170665931
    }, 
    "CDD": {
        "error": 0.00010742058976378642, 
        "fit": "average_SEM", 
        "value": 7.946212426759302e-05
    }, 
    "H1": {
        "error": 0.13395566557756544, 
        "fit": "average_SEM", 
        "value": 0.05222254356421116
    }, 
    "H2": {
        "error": 0.1451113201659733, 
        "fit": "average_SEM", 
        "value": -0.3609446230861876
    }, 
    "L1": {
        "error": 0.16573654606759108, 
        "fit": "average_SEM", 
        "value": -0.07542579089834665
    }, 
    "L2": {
        "error": 0.13678414324242158, 
        "fit": "average_SEM", 
        "value": 0.0374122262317946
    }
}