{
    "AX": {
        "error": 0.05654445981337607, 
        "fit": "average_SEM", 
        "value": -0.06128869791541042
    }, 
    "CDD": {
        "error": 0.00011883695653451648, 
        "fit": "average_SEM", 
        "value": 0.00010364624936806244
    }, 
    "H1": {
        "error": 0.1389762730565574, 
        "fit": "average_SEM", 
        "value": 0.03365924043270449
    }, 
    "H2": {
        "error": 0.14047057225306145, 
        "fit": "average_SEM", 
        "value": -0.36306128336323634
    }, 
    "L1": {
        "error": 0.14240250442036856, 
        "fit": "average_SEM", 
        "value": -0.08041599904600945
    }, 
    "L2": {
        "error": 0.12942871821420426, 
        "fit": "average_SEM", 
        "value": 0.027694762677937333
    }
}