{
    "AX": {
        "error": 0.005447202243115136, 
        "fit": "average", 
        "value": -0.05607967818333932
    }, 
    "CDD": {
        "error": 1.5072803870988146e-05, 
        "fit": "average", 
        "value": 0.00014164987563466033
    }, 
    "H1": {
        "error": 0.012547581432624084, 
        "fit": "average", 
        "value": 0.035813174957712725
    }, 
    "H2": {
        "error": 0.014264798374716753, 
        "fit": "average", 
        "value": -0.019824719077653506
    }, 
    "L1": {
        "error": 0.011627882695414938, 
        "fit": "average", 
        "value": -0.07066735589080098
    }, 
    "L2": {
        "error": 0.013594240369902437, 
        "fit": "average", 
        "value": 0.0013594006575362453
    }
}