{
    "AX": {
        "error": 0.005033588198520821, 
        "fit": "average", 
        "value": -0.05871574839325515
    }, 
    "CDD": {
        "error": 1.5649041096814352e-05, 
        "fit": "average", 
        "value": 0.00012783037543865955
    }, 
    "H1": {
        "error": 0.01137456082377659, 
        "fit": "average", 
        "value": 0.04019122136002085
    }, 
    "H2": {
        "error": 0.013578417574406254, 
        "fit": "average", 
        "value": -0.044720934895199856
    }, 
    "L1": {
        "error": 0.012222429533119639, 
        "fit": "average", 
        "value": -0.07951464343296856
    }, 
    "L2": {
        "error": 0.013057755162470474, 
        "fit": "average", 
        "value": 0.0265966675990142
    }
}