{
    "AX": {
        "error": 0.050478364624383786, 
        "fit": "average_SEM", 
        "value": -0.004193041802500375
    }, 
    "CDD": {
        "error": 0.0001399055035188083, 
        "fit": "average_SEM", 
        "value": 0.00013733128143940122
    }, 
    "H1": {
        "error": 0.126303534482811, 
        "fit": "average_SEM", 
        "value": -0.017559278407134116
    }, 
    "H2": {
        "error": 0.12118897598127382, 
        "fit": "average_SEM", 
        "value": 0.26354033925260106
    }, 
    "L1": {
        "error": 0.12477398422353017, 
        "fit": "average_SEM", 
        "value": -0.05149390264142918
    }, 
    "L2": {
        "error": 0.14222766940678777, 
        "fit": "average_SEM", 
        "value": 0.0007855671341530978
    }
}