{
    "AX": {
        "error": 0.0632737087100023, 
        "fit": "average_SEM", 
        "value": -0.011415582444654623
    }, 
    "CDD": {
        "error": 0.00010636505415629767, 
        "fit": "average_SEM", 
        "value": 6.996121810516342e-05
    }, 
    "H1": {
        "error": 0.1198223209865861, 
        "fit": "average_SEM", 
        "value": -0.014759274221432861
    }, 
    "H2": {
        "error": 0.12521659616616232, 
        "fit": "average_SEM", 
        "value": 0.255125099698004
    }, 
    "L1": {
        "error": 0.1510813515852724, 
        "fit": "average_SEM", 
        "value": -0.03565275455718317
    }, 
    "L2": {
        "error": 0.1367025914106844, 
        "fit": "average_SEM", 
        "value": 0.007640228243447685
    }
}