{
    "AX": {
        "error": 0.05804625964289087, 
        "fit": "average_SEM", 
        "value": -0.014854748414169687
    }, 
    "CDD": {
        "error": 0.0001512253183202074, 
        "fit": "average_SEM", 
        "value": 0.0001256710786644059
    }, 
    "H1": {
        "error": 0.11912929628198071, 
        "fit": "average_SEM", 
        "value": -0.008537703459054077
    }, 
    "H2": {
        "error": 0.12038022261873517, 
        "fit": "average_SEM", 
        "value": 0.2514538265701655
    }, 
    "L1": {
        "error": 0.10827699979296453, 
        "fit": "average_SEM", 
        "value": -0.042256508451343204
    }, 
    "L2": {
        "error": 0.11908644590739134, 
        "fit": "average_SEM", 
        "value": 0.013600169188187768
    }
}