{
    "AX": {
        "error": 0.0572356549997164, 
        "fit": "average_SEM", 
        "value": -0.00820999066248381
    }, 
    "CDD": {
        "error": 0.00013885505276927206, 
        "fit": "average_SEM", 
        "value": 0.00012048876645470349
    }, 
    "H1": {
        "error": 0.13207073018846074, 
        "fit": "average_SEM", 
        "value": 0.0019160338240908458
    }, 
    "H2": {
        "error": 0.11907362044584067, 
        "fit": "average_SEM", 
        "value": 0.26247637889464387
    }, 
    "L1": {
        "error": 0.1489642469473255, 
        "fit": "average_SEM", 
        "value": -0.01732086698660472
    }, 
    "L2": {
        "error": 0.14664489225952002, 
        "fit": "average_SEM", 
        "value": 0.04472451404047509
    }
}