{
    "AX": {
        "error": 0.06125540899137595, 
        "fit": "average_SEM", 
        "value": -0.012179585859485087
    }, 
    "CDD": {
        "error": 0.00014006873694184257, 
        "fit": "average_SEM", 
        "value": 0.0001256710786644059
    }, 
    "H1": {
        "error": 0.11009905770497101, 
        "fit": "average_SEM", 
        "value": -0.01356082273220333
    }, 
    "H2": {
        "error": 0.13785035729763526, 
        "fit": "average_SEM", 
        "value": 0.26868865150026977
    }, 
    "L1": {
        "error": 0.12267293475496685, 
        "fit": "average_SEM", 
        "value": -0.01702459535069162
    }, 
    "L2": {
        "error": 0.11966460961458279, 
        "fit": "average_SEM", 
        "value": 0.026345077031389035
    }
}