{
    "AX": {
        "error": 0.05897917145288431, 
        "fit": "average_SEM", 
        "value": -0.0111354426889496
    }, 
    "CDD": {
        "error": 0.00016918638689601652, 
        "fit": "average_SEM", 
        "value": 0.00019044998771278188
    }, 
    "H1": {
        "error": 0.14021376310189784, 
        "fit": "average_SEM", 
        "value": -0.010302550043653961
    }, 
    "H2": {
        "error": 0.11682074659480819, 
        "fit": "average_SEM", 
        "value": 0.26647672707525394
    }, 
    "L1": {
        "error": 0.12430479994728734, 
        "fit": "average_SEM", 
        "value": -0.030086796122486704
    }, 
    "L2": {
        "error": 0.13213259481612374, 
        "fit": "average_SEM", 
        "value": 0.0514028719306225
    }
}