{
    "AX": {
        "error": 0.0534727119787956, 
        "fit": "average_SEM", 
        "value": -0.010408579058760855
    }, 
    "CDD": {
        "error": 0.00011693904825254096, 
        "fit": "average_SEM", 
        "value": 8.939489028610599e-05
    }, 
    "H1": {
        "error": 0.10677825919507036, 
        "fit": "average_SEM", 
        "value": -0.026814067869175538
    }, 
    "H2": {
        "error": 0.13089754584649618, 
        "fit": "average_SEM", 
        "value": 0.009210217257107918
    }, 
    "L1": {
        "error": 0.12109743678869632, 
        "fit": "average_SEM", 
        "value": -0.06079799527603124
    }, 
    "L2": {
        "error": 0.14256859296740443, 
        "fit": "average_SEM", 
        "value": 0.00949230965343304
    }
}