{
    "AX": {
        "error": 0.05630428588131078, 
        "fit": "average_SEM", 
        "value": -0.011464188851581033
    }, 
    "CDD": {
        "error": 0.00010074222930166563, 
        "fit": "average_SEM", 
        "value": 7.514353055739775e-05
    }, 
    "H1": {
        "error": 0.1240395177795412, 
        "fit": "average_SEM", 
        "value": -0.005664048207108863
    }, 
    "H2": {
        "error": 0.12627491869662533, 
        "fit": "average_SEM", 
        "value": 0.008406862878230944
    }, 
    "L1": {
        "error": 0.14035852098357657, 
        "fit": "average_SEM", 
        "value": -0.0634363051581507
    }, 
    "L2": {
        "error": 0.1380282501376399, 
        "fit": "average_SEM", 
        "value": 0.0286253545122842
    }
}