{
    "AX": {
        "error": 0.06280138197842763, 
        "fit": "average_SEM", 
        "value": -0.014249049580272791
    }, 
    "CDD": {
        "error": 0.00018071872350915706, 
        "fit": "average_SEM", 
        "value": 0.00016194726680017387
    }, 
    "H1": {
        "error": 0.13538790854898183, 
        "fit": "average_SEM", 
        "value": 0.005633547791512683
    }, 
    "H2": {
        "error": 0.12728914979685943, 
        "fit": "average_SEM", 
        "value": 0.004567724282484657
    }, 
    "L1": {
        "error": 0.14750031468909683, 
        "fit": "average_SEM", 
        "value": -0.02424784166214522
    }, 
    "L2": {
        "error": 0.14424656252264617, 
        "fit": "average_SEM", 
        "value": 0.022181945798608164
    }
}