{
    "AX": {
        "error": 0.062960270642065, 
        "fit": "average_SEM", 
        "value": -0.004135330508385475
    }, 
    "CDD": {
        "error": 0.00011934598428967744, 
        "fit": "average_SEM", 
        "value": 9.716835896445749e-05
    }, 
    "H1": {
        "error": 0.15047625172334264, 
        "fit": "average_SEM", 
        "value": -0.027701988983123253
    }, 
    "H2": {
        "error": 0.15012694767302434, 
        "fit": "average_SEM", 
        "value": 0.003955357209391271
    }, 
    "L1": {
        "error": 0.12323862979528726, 
        "fit": "average_SEM", 
        "value": -0.0431479070034887
    }, 
    "L2": {
        "error": 0.14416181299770559, 
        "fit": "average_SEM", 
        "value": 0.011454597952736852
    }
}