{
    "AX": {
        "error": 0.05639381549173044, 
        "fit": "average_SEM", 
        "value": -0.0036329917957724925
    }, 
    "CDD": {
        "error": 0.00015472727876554378, 
        "fit": "average_SEM", 
        "value": 0.0001347401259408798
    }, 
    "H1": {
        "error": 0.11777321586445492, 
        "fit": "average_SEM", 
        "value": 0.0015881717263255268
    }, 
    "H2": {
        "error": 0.14083132021397318, 
        "fit": "average_SEM", 
        "value": 0.001686415458486105
    }, 
    "L1": {
        "error": 0.12501049096967815, 
        "fit": "average_SEM", 
        "value": -0.04794064064820607
    }, 
    "L2": {
        "error": 0.12269266453255695, 
        "fit": "average_SEM", 
        "value": 0.025709516874242885
    }
}