{
    "AX": {
        "error": 0.06086185126500947, 
        "fit": "average_SEM", 
        "value": -0.009578307596287534
    }, 
    "CDD": {
        "error": 0.00011093736007161808, 
        "fit": "average_SEM", 
        "value": 6.089217179881719e-05
    }, 
    "H1": {
        "error": 0.12696188081137266, 
        "fit": "average_SEM", 
        "value": -0.010685756526557573
    }, 
    "H2": {
        "error": 0.12629459418804356, 
        "fit": "average_SEM", 
        "value": -0.0074674097782159755
    }, 
    "L1": {
        "error": 0.12404003950146808, 
        "fit": "average_SEM", 
        "value": -0.06390388711782483
    }, 
    "L2": {
        "error": 0.14563813977221135, 
        "fit": "average_SEM", 
        "value": 0.03736306677947141
    }
}