{
    "AX": {
        "error": 0.060177054782769496, 
        "fit": "average_SEM", 
        "value": -0.009972562146140262
    }, 
    "CDD": {
        "error": 0.00013544886348937108, 
        "fit": "average_SEM", 
        "value": 0.00010494182837040474
    }, 
    "H1": {
        "error": 0.13101669472550043, 
        "fit": "average_SEM", 
        "value": -0.012199999710234503
    }, 
    "H2": {
        "error": 0.15010984036919908, 
        "fit": "average_SEM", 
        "value": 0.02364924507176814
    }, 
    "L1": {
        "error": 0.1212247075581983, 
        "fit": "average_SEM", 
        "value": -0.03944211184910576
    }, 
    "L2": {
        "error": 0.13583797946022594, 
        "fit": "average_SEM", 
        "value": 0.03367033885782197
    }
}