{
    "AX": {
        "error": 0.06530186014533798, 
        "fit": "average_SEM", 
        "value": -0.014639099846438816
    }, 
    "CDD": {
        "error": 0.00010256550328221731, 
        "fit": "average_SEM", 
        "value": 7.125679646075393e-05
    }, 
    "H1": {
        "error": 0.12830736447245628, 
        "fit": "average_SEM", 
        "value": -0.015643879166357996
    }, 
    "H2": {
        "error": 0.1468877016119332, 
        "fit": "average_SEM", 
        "value": -0.0006253163182312467
    }, 
    "L1": {
        "error": 0.13726490886013507, 
        "fit": "average_SEM", 
        "value": -0.013349589886396037
    }, 
    "L2": {
        "error": 0.12662207818627377, 
        "fit": "average_SEM", 
        "value": 0.039433474980372314
    }
}