{
    "AX": {
        "error": 0.056860873437255086, 
        "fit": "average_SEM", 
        "value": -0.013186447039091338
    }, 
    "CDD": {
        "error": 0.00012421753539913102, 
        "fit": "average_SEM", 
        "value": 0.00010623740575586756
    }, 
    "H1": {
        "error": 0.1374425590772134, 
        "fit": "average_SEM", 
        "value": -0.003886415648836798
    }, 
    "H2": {
        "error": 0.1567145167132032, 
        "fit": "average_SEM", 
        "value": 0.00381371171582335
    }, 
    "L1": {
        "error": 0.1202119029174473, 
        "fit": "average_SEM", 
        "value": -0.04488081631716341
    }, 
    "L2": {
        "error": 0.13808641761843568, 
        "fit": "average_SEM", 
        "value": 0.02110416709134976
    }
}