{
    "AX": {
        "error": 0.06104110205974743, 
        "fit": "average_SEM", 
        "value": -0.008657162317346472
    }, 
    "CDD": {
        "error": 0.00013164656514842686, 
        "fit": "average_SEM", 
        "value": 8.939489125623368e-05
    }, 
    "H1": {
        "error": 0.1349075153395175, 
        "fit": "average_SEM", 
        "value": 0.0029446622083317683
    }, 
    "H2": {
        "error": 0.1650924662310214, 
        "fit": "average_SEM", 
        "value": -0.013232027961930726
    }, 
    "L1": {
        "error": 0.1267133089544299, 
        "fit": "average_SEM", 
        "value": -0.04200744399374041
    }, 
    "L2": {
        "error": 0.1542813859155521, 
        "fit": "average_SEM", 
        "value": 0.039007445998140614
    }
}