{
    "AX": {
        "error": 0.052280467410141036, 
        "fit": "average_SEM", 
        "value": -0.007469063192305233
    }, 
    "CDD": {
        "error": 0.00011184906276792182, 
        "fit": "average_SEM", 
        "value": 8.680373381745692e-05
    }, 
    "H1": {
        "error": 0.13268636604080317, 
        "fit": "average_SEM", 
        "value": -0.018901133379161668
    }, 
    "H2": {
        "error": 0.14402327688323135, 
        "fit": "average_SEM", 
        "value": 0.0059731003937486095
    }, 
    "L1": {
        "error": 0.1176289407662856, 
        "fit": "average_SEM", 
        "value": -0.03918507473669403
    }, 
    "L2": {
        "error": 0.14351597434403054, 
        "fit": "average_SEM", 
        "value": 0.0463005553445934
    }
}