{
    "AX": {
        "error": 0.05387328704900541, 
        "fit": "average_SEM", 
        "value": -0.010796222100422408
    }, 
    "CDD": {
        "error": 0.00011011805625818366, 
        "fit": "average_SEM", 
        "value": 8.550815570439833e-05
    }, 
    "H1": {
        "error": 0.12807043043765268, 
        "fit": "average_SEM", 
        "value": -0.0009671254109662186
    }, 
    "H2": {
        "error": 0.16486669660314665, 
        "fit": "average_SEM", 
        "value": 0.009853190548407534
    }, 
    "L1": {
        "error": 0.14606835609684182, 
        "fit": "average_SEM", 
        "value": -0.02588821707565027
    }, 
    "L2": {
        "error": 0.12922753782795185, 
        "fit": "average_SEM", 
        "value": 0.02962014907000897
    }
}