{
    "AX": {
        "error": 0.06184622118367969, 
        "fit": "average_SEM", 
        "value": -0.012220201668484757
    }, 
    "CDD": {
        "error": 0.00010614203385132543, 
        "fit": "average_SEM", 
        "value": 8.809931193051549e-05
    }, 
    "H1": {
        "error": 0.13383720039014352, 
        "fit": "average_SEM", 
        "value": -0.0041774048372947925
    }, 
    "H2": {
        "error": 0.15571755989364655, 
        "fit": "average_SEM", 
        "value": 0.012341372044966192
    }, 
    "L1": {
        "error": 0.13149873592760203, 
        "fit": "average_SEM", 
        "value": -0.03626606420924266
    }, 
    "L2": {
        "error": 0.14693228211282092, 
        "fit": "average_SEM", 
        "value": 0.06251827081432566
    }
}