{
    "AX": {
        "error": 0.061152105606305227, 
        "fit": "average_SEM", 
        "value": -0.005752420182883119
    }, 
    "CDD": {
        "error": 0.00010585460104026094, 
        "fit": "average_SEM", 
        "value": 9.069046791410074e-05
    }, 
    "H1": {
        "error": 0.12765333226562392, 
        "fit": "average_SEM", 
        "value": 0.010841943166936593
    }, 
    "H2": {
        "error": 0.14358882762711095, 
        "fit": "average_SEM", 
        "value": 0.022217003911888848
    }, 
    "L1": {
        "error": 0.13349830311444172, 
        "fit": "average_SEM", 
        "value": -0.01756238524055031
    }, 
    "L2": {
        "error": 0.1248237633914585, 
        "fit": "average_SEM", 
        "value": 0.03889580274893281
    }
}