{
    "AX": {
        "error": 0.05920201920265735, 
        "fit": "average_SEM", 
        "value": -0.006336546124900148
    }, 
    "CDD": {
        "error": 0.00011011805625818366, 
        "fit": "average_SEM", 
        "value": 8.550815570439833e-05
    }, 
    "H1": {
        "error": 0.12949943421428944, 
        "fit": "average_SEM", 
        "value": -0.018224883580114693
    }, 
    "H2": {
        "error": 0.14645366932869724, 
        "fit": "average_SEM", 
        "value": 0.004883316767033344
    }, 
    "L1": {
        "error": 0.13191068425158822, 
        "fit": "average_SEM", 
        "value": -0.03258097191962103
    }, 
    "L2": {
        "error": 0.1216392289386314, 
        "fit": "average_SEM", 
        "value": 0.048392222354110954
    }
}