{
    "AX": {
        "error": 0.054095277958549175, 
        "fit": "average_SEM", 
        "value": -0.013608174811088248
    }, 
    "CDD": {
        "error": 0.00011912595461647633, 
        "fit": "average_SEM", 
        "value": 7.255237530140827e-05
    }, 
    "H1": {
        "error": 0.11966609849974444, 
        "fit": "average_SEM", 
        "value": -0.007699741908193876
    }, 
    "H2": {
        "error": 0.16489017979950213, 
        "fit": "average_SEM", 
        "value": 0.0032997831207467244
    }, 
    "L1": {
        "error": 0.1492368728487717, 
        "fit": "average_SEM", 
        "value": -0.0379236501903506
    }, 
    "L2": {
        "error": 0.12748770095951534, 
        "fit": "average_SEM", 
        "value": 0.03836379862914328
    }
}