{
    "AX": {
        "error": 0.05864530060373093, 
        "fit": "average_SEM", 
        "value": -0.012504933040569691
    }, 
    "CDD": {
        "error": 0.00010335460871064935, 
        "fit": "average_SEM", 
        "value": 6.0892172041349116e-05
    }, 
    "H1": {
        "error": 0.11954467297520244, 
        "fit": "average_SEM", 
        "value": -0.0036081971047678962
    }, 
    "H2": {
        "error": 0.15314075768779917, 
        "fit": "average_SEM", 
        "value": 0.017398994242830666
    }, 
    "L1": {
        "error": 0.12684912279101793, 
        "fit": "average_SEM", 
        "value": -0.03978949319813788
    }, 
    "L2": {
        "error": 0.13749894688373315, 
        "fit": "average_SEM", 
        "value": 0.042993965485463075
    }
}