{
    "AX": {
        "error": 0.05482090125276489, 
        "fit": "average_SEM", 
        "value": -0.012635663454420864
    }, 
    "CDD": {
        "error": 0.0001361033444243134, 
        "fit": "average_SEM", 
        "value": 0.00010882856246704856
    }, 
    "H1": {
        "error": 0.1398640041345593, 
        "fit": "average_SEM", 
        "value": -0.019887985039470854
    }, 
    "H2": {
        "error": 0.16987159638416932, 
        "fit": "average_SEM", 
        "value": -0.0068588046473450955
    }, 
    "L1": {
        "error": 0.12801883962742394, 
        "fit": "average_SEM", 
        "value": -0.008942777615447994
    }, 
    "L2": {
        "error": 0.13267919289020055, 
        "fit": "average_SEM", 
        "value": 0.02746873218663192
    }
}