{
    "AX": {
        "error": 0.05468478180912469, 
        "fit": "average_SEM", 
        "value": -0.01193800838906706
    }, 
    "CDD": {
        "error": 0.0001102716602782242, 
        "fit": "average_SEM", 
        "value": 8.291699972081308e-05
    }, 
    "H1": {
        "error": 0.11855603027947466, 
        "fit": "average_SEM", 
        "value": -0.019658646317839156
    }, 
    "H2": {
        "error": 0.1550748158012996, 
        "fit": "average_SEM", 
        "value": -0.0067582990721954655
    }, 
    "L1": {
        "error": 0.14681115578661175, 
        "fit": "average_SEM", 
        "value": -0.023413770130719058
    }, 
    "L2": {
        "error": 0.13201958603301872, 
        "fit": "average_SEM", 
        "value": 0.01014015482311758
    }
}