{
    "AX": {
        "error": 0.05986035390475451, 
        "fit": "average_SEM", 
        "value": -0.0100964891287731
    }, 
    "CDD": {
        "error": 9.492918850246457e-05, 
        "fit": "average_SEM", 
        "value": 5.959659320069477e-05
    }, 
    "H1": {
        "error": 0.12287572599158308, 
        "fit": "average_SEM", 
        "value": -0.007307637365011032
    }, 
    "H2": {
        "error": 0.1462720971744608, 
        "fit": "average_SEM", 
        "value": -0.010703754861606286
    }, 
    "L1": {
        "error": 0.11465899138414946, 
        "fit": "average_SEM", 
        "value": -0.0411370540348192
    }, 
    "L2": {
        "error": 0.12562809621387275, 
        "fit": "average_SEM", 
        "value": 0.014987620701625322
    }
}