{
    "AX": {
        "error": 0.05794446709453079, 
        "fit": "average_SEM", 
        "value": -0.01836542867188958
    }, 
    "CDD": {
        "error": 0.00010076742944915032, 
        "fit": "average_SEM", 
        "value": 7.903026513910542e-05
    }, 
    "H1": {
        "error": 0.13416904080257944, 
        "fit": "average_SEM", 
        "value": -0.01098572432851294
    }, 
    "H2": {
        "error": 0.16569654666960762, 
        "fit": "average_SEM", 
        "value": -0.008662579945909481
    }, 
    "L1": {
        "error": 0.12225753775524627, 
        "fit": "average_SEM", 
        "value": -0.03702991541770947
    }, 
    "L2": {
        "error": 0.1324830882533024, 
        "fit": "average_SEM", 
        "value": 0.005651981304011618
    }
}