{
    "AX": {
        "error": 0.05795609231811004, 
        "fit": "average_SEM", 
        "value": -0.017172540538498045
    }, 
    "CDD": {
        "error": 0.00016981051724891474, 
        "fit": "average_SEM", 
        "value": 0.0001528782214639553
    }, 
    "H1": {
        "error": 0.12338818711789959, 
        "fit": "average_SEM", 
        "value": -0.0012290953813741605
    }, 
    "H2": {
        "error": 0.1789477163359844, 
        "fit": "average_SEM", 
        "value": -0.006598203689403211
    }, 
    "L1": {
        "error": 0.12116298013665243, 
        "fit": "average_SEM", 
        "value": -0.027180413131524497
    }, 
    "L2": {
        "error": 0.1272099863404087, 
        "fit": "average_SEM", 
        "value": 0.005969275124759103
    }
}