{
    "AX": {
        "error": 0.05821131983766405, 
        "fit": "average_SEM", 
        "value": -0.013620110058400314
    }, 
    "CDD": {
        "error": 0.00010076742850895557, 
        "fit": "average_SEM", 
        "value": 7.643910867045633e-05
    }, 
    "H1": {
        "error": 0.11565996299848848, 
        "fit": "average_SEM", 
        "value": -0.036561982160492335
    }, 
    "H2": {
        "error": 0.14174462695973122, 
        "fit": "average_SEM", 
        "value": -0.00627005835607027
    }, 
    "L1": {
        "error": 0.12279157471326675, 
        "fit": "average_SEM", 
        "value": -0.05029528170222572
    }, 
    "L2": {
        "error": 0.13761087931345678, 
        "fit": "average_SEM", 
        "value": 0.026048824830407588
    }
}