{
    "AX": {
        "error": 0.05740992423864401, 
        "fit": "average_SEM", 
        "value": -0.0019742968176918413
    }, 
    "CDD": {
        "error": 0.00012741269495265584, 
        "fit": "average_SEM", 
        "value": 0.00011271529680622431
    }, 
    "H1": {
        "error": 0.11591661470133464, 
        "fit": "average_SEM", 
        "value": 0.014616371307056397
    }, 
    "H2": {
        "error": 0.1541864517011617, 
        "fit": "average_SEM", 
        "value": -0.00624013762994764
    }, 
    "L1": {
        "error": 0.14817144098880036, 
        "fit": "average_SEM", 
        "value": -0.052342828987290584
    }, 
    "L2": {
        "error": 0.12552230908849488, 
        "fit": "average_SEM", 
        "value": 0.015889159046734373
    }
}