{
    "AX": {
        "error": 0.05527857025967403, 
        "fit": "average_SEM", 
        "value": -0.007090307918163793
    }, 
    "CDD": {
        "error": 0.00010064137136698548, 
        "fit": "average_SEM", 
        "value": 5.700543745964145e-05
    }, 
    "H1": {
        "error": 0.11811494175077746, 
        "fit": "average_SEM", 
        "value": 0.007625023074797355
    }, 
    "H2": {
        "error": 0.1527119237548859, 
        "fit": "average_SEM", 
        "value": -0.013323508265117804
    }, 
    "L1": {
        "error": 0.1268012214204188, 
        "fit": "average_SEM", 
        "value": -0.060386602540287035
    }, 
    "L2": {
        "error": 0.12820801572830648, 
        "fit": "average_SEM", 
        "value": 0.02131829294570101
    }
}