{
    "AX": {
        "error": 0.05247267665889633, 
        "fit": "average_SEM", 
        "value": 0.000916879824641607
    }, 
    "CDD": {
        "error": 0.00016489505024432395, 
        "fit": "average_SEM", 
        "value": 0.00021247481587730968
    }, 
    "H1": {
        "error": 0.12175576874886661, 
        "fit": "average_SEM", 
        "value": -0.011221353614564578
    }, 
    "H2": {
        "error": 0.10885089010733728, 
        "fit": "average_SEM", 
        "value": 0.004995806722824151
    }, 
    "L1": {
        "error": 0.14325131009124115, 
        "fit": "average_SEM", 
        "value": -0.05242992348503321
    }, 
    "L2": {
        "error": 0.12946335772172315, 
        "fit": "average_SEM", 
        "value": 0.013236274867328273
    }
}