{
    "AX": {
        "error": 0.05302543050721912, 
        "fit": "average_SEM", 
        "value": -0.013453864174031575
    }, 
    "CDD": {
        "error": 0.00013529882324125777, 
        "fit": "average_SEM", 
        "value": 9.716835969205324e-05
    }, 
    "H1": {
        "error": 0.1314281697921748, 
        "fit": "average_SEM", 
        "value": -0.029733795522959856
    }, 
    "H2": {
        "error": 0.13643608914927488, 
        "fit": "average_SEM", 
        "value": -0.014540130366124988
    }, 
    "L1": {
        "error": 0.15060734827870445, 
        "fit": "average_SEM", 
        "value": -0.04615057307140281
    }, 
    "L2": {
        "error": 0.13494944066570785, 
        "fit": "average_SEM", 
        "value": 0.011482081226616477
    }
}