{
    "AX": {
        "error": 0.06271419654471425, 
        "fit": "average_SEM", 
        "value": -0.015915557280095527
    }, 
    "CDD": {
        "error": 0.00013480375995746072, 
        "fit": "average_SEM", 
        "value": 0.00014510474987522077
    }, 
    "H1": {
        "error": 0.11916735232303284, 
        "fit": "average_SEM", 
        "value": 0.07524329060785627
    }, 
    "H2": {
        "error": 0.13336819506597591, 
        "fit": "average_SEM", 
        "value": 0.25749211753718554
    }, 
    "L1": {
        "error": 0.16213953408277712, 
        "fit": "average_SEM", 
        "value": -0.05853029356415694
    }, 
    "L2": {
        "error": 0.1499562011643497, 
        "fit": "average_SEM", 
        "value": 0.019217570092587268
    }
}