{
    "AX": {
        "error": 0.05808653586962944, 
        "fit": "average_SEM", 
        "value": -0.013017930385346214
    }, 
    "CDD": {
        "error": 9.749768492611302e-05, 
        "fit": "average_SEM", 
        "value": 6.218774991187578e-05
    }, 
    "H1": {
        "error": 0.12249769015382402, 
        "fit": "average_SEM", 
        "value": -0.036326348189322746
    }, 
    "H2": {
        "error": 0.13569573550410619, 
        "fit": "average_SEM", 
        "value": 0.24378608248662204
    }, 
    "L1": {
        "error": 0.15890624151640276, 
        "fit": "average_SEM", 
        "value": -0.046557781435937313
    }, 
    "L2": {
        "error": 0.11984263341113703, 
        "fit": "average_SEM", 
        "value": 0.006362248243385693
    }
}