{
    "AX": {
        "error": 0.06384932456924945, 
        "fit": "average_SEM", 
        "value": -0.005234777079507088
    }, 
    "CDD": {
        "error": 0.00010600640019705955, 
        "fit": "average_SEM", 
        "value": 6.607448425105152e-05
    }, 
    "H1": {
        "error": 0.13092598948702996, 
        "fit": "average_SEM", 
        "value": 0.07708554373123207
    }, 
    "H2": {
        "error": 0.12658798320743622, 
        "fit": "average_SEM", 
        "value": 0.2559147543972358
    }, 
    "L1": {
        "error": 0.13432264196087582, 
        "fit": "average_SEM", 
        "value": -0.05469591447811884
    }, 
    "L2": {
        "error": 0.12755144631616452, 
        "fit": "average_SEM", 
        "value": 0.0212494931765832
    }
}