{
    "AX": {
        "error": 0.062383720710159685, 
        "fit": "average_SEM", 
        "value": -0.00930774557297506
    }, 
    "CDD": {
        "error": 9.34466009528507e-05, 
        "fit": "average_SEM", 
        "value": 6.348332753987051e-05
    }, 
    "H1": {
        "error": 0.14250063229383753, 
        "fit": "average_SEM", 
        "value": 0.05887554014237442
    }, 
    "H2": {
        "error": 0.12546682369991835, 
        "fit": "average_SEM", 
        "value": 0.26094752675271593
    }, 
    "L1": {
        "error": 0.15028242016087706, 
        "fit": "average_SEM", 
        "value": -0.0411086057293384
    }, 
    "L2": {
        "error": 0.1362476660277236, 
        "fit": "average_SEM", 
        "value": 0.01495818607606149
    }
}