{
    "AX": {
        "error": 0.06561109689142922, 
        "fit": "average_SEM", 
        "value": -0.009391037858828591
    }, 
    "CDD": {
        "error": 0.00013659989340310117, 
        "fit": "average_SEM", 
        "value": 0.00013474012545581596
    }, 
    "H1": {
        "error": 0.12976731586637705, 
        "fit": "average_SEM", 
        "value": 0.07282074214793587
    }, 
    "H2": {
        "error": 0.12460112013017365, 
        "fit": "average_SEM", 
        "value": 0.25739678856334647
    }, 
    "L1": {
        "error": 0.14632242873966203, 
        "fit": "average_SEM", 
        "value": -0.05320753992370252
    }, 
    "L2": {
        "error": 0.13030937387801284, 
        "fit": "average_SEM", 
        "value": 0.011702005327970255
    }
}