{
    "AX": {
        "error": 0.05777645425157165, 
        "fit": "average_SEM", 
        "value": -0.0014551123607816408
    }, 
    "CDD": {
        "error": 0.00015349165935499073, 
        "fit": "average_SEM", 
        "value": 0.0001697207359635892
    }, 
    "H1": {
        "error": 0.12700787316459633, 
        "fit": "average_SEM", 
        "value": 0.06552772301341368
    }, 
    "H2": {
        "error": 0.11974196265812377, 
        "fit": "average_SEM", 
        "value": -0.014030713712660752
    }, 
    "L1": {
        "error": 0.12347518267469476, 
        "fit": "average_SEM", 
        "value": -0.07105045226635412
    }, 
    "L2": {
        "error": 0.13916833794645658, 
        "fit": "average_SEM", 
        "value": -0.03895838886771041
    }
}