{
    "AX": {
        "error": 0.052724779934600584, 
        "fit": "average_SEM", 
        "value": 0.0006952879610859479
    }, 
    "CDD": {
        "error": 0.00020153487098876466, 
        "fit": "average_SEM", 
        "value": 0.00023061291212798097
    }, 
    "H1": {
        "error": 0.11382645073905717, 
        "fit": "average_SEM", 
        "value": 0.07895309681413588
    }, 
    "H2": {
        "error": 0.13633649632524109, 
        "fit": "average_SEM", 
        "value": 0.23352949333493597
    }, 
    "L1": {
        "error": 0.16869743784219554, 
        "fit": "average_SEM", 
        "value": -0.0725030338885214
    }, 
    "L2": {
        "error": 0.1256823371730962, 
        "fit": "average_SEM", 
        "value": -0.04588836327814837
    }
}