{
    "AX": {
        "error": 0.05404087110566639, 
        "fit": "average_SEM", 
        "value": -0.0045023560063176165
    }, 
    "CDD": {
        "error": 0.0001576264159350437, 
        "fit": "average_SEM", 
        "value": 0.00016712957973747205
    }, 
    "H1": {
        "error": 0.12352355504556577, 
        "fit": "average_SEM", 
        "value": 0.07992502957349643
    }, 
    "H2": {
        "error": 0.12865843912286365, 
        "fit": "average_SEM", 
        "value": 0.24113414283298576
    }, 
    "L1": {
        "error": 0.16207039572081264, 
        "fit": "average_SEM", 
        "value": -0.06619754255128403
    }, 
    "L2": {
        "error": 0.13514423507312717, 
        "fit": "average_SEM", 
        "value": -0.037139409777591934
    }
}