{
    "AX": {
        "error": 0.056971839752064955, 
        "fit": "average_SEM", 
        "value": -0.00747535772388801
    }, 
    "CDD": {
        "error": 0.00020504436258722124, 
        "fit": "average_SEM", 
        "value": 0.0003122343385863739
    }, 
    "H1": {
        "error": 0.11723497740123888, 
        "fit": "average_SEM", 
        "value": 0.0855142695872928
    }, 
    "H2": {
        "error": 0.12229599299594704, 
        "fit": "average_SEM", 
        "value": 0.24276917333869885
    }, 
    "L1": {
        "error": 0.16944335156823756, 
        "fit": "average_SEM", 
        "value": -0.06419624610571191
    }, 
    "L2": {
        "error": 0.13216171780569058, 
        "fit": "average_SEM", 
        "value": -0.0350864294586548
    }
}