{
    "AX": {
        "error": 0.057181497364026876, 
        "fit": "average_SEM", 
        "value": -0.0009140230302970546
    }, 
    "CDD": {
        "error": 0.00019644826528816044, 
        "fit": "average_SEM", 
        "value": 0.00023320406835409814
    }, 
    "H1": {
        "error": 0.1356029328849933, 
        "fit": "average_SEM", 
        "value": 0.06056131111981813
    }, 
    "H2": {
        "error": 0.12931170753834106, 
        "fit": "average_SEM", 
        "value": 0.24481851250554124
    }, 
    "L1": {
        "error": 0.15423431320849823, 
        "fit": "average_SEM", 
        "value": -0.09148779403221852
    }, 
    "L2": {
        "error": 0.12633199570771805, 
        "fit": "average_SEM", 
        "value": -0.060875936381489734
    }
}