{
    "AX": {
        "error": 0.060500755666814086, 
        "fit": "average_SEM", 
        "value": -0.009805773764189023
    }, 
    "CDD": {
        "error": 0.00015577392381897084, 
        "fit": "average_SEM", 
        "value": 0.00016583400162441345
    }, 
    "H1": {
        "error": 0.10768527978439282, 
        "fit": "average_SEM", 
        "value": 0.059263671835772885
    }, 
    "H2": {
        "error": 0.11716595043963081, 
        "fit": "average_SEM", 
        "value": 0.25321536092087626
    }, 
    "L1": {
        "error": 0.15614390789681104, 
        "fit": "average_SEM", 
        "value": -0.11155620807937036
    }, 
    "L2": {
        "error": 0.12356892686280535, 
        "fit": "average_SEM", 
        "value": -0.02863711102011924
    }
}