{
    "AX": {
        "error": 0.05774902982924745, 
        "fit": "average_SEM", 
        "value": -0.005452172038591622
    }, 
    "CDD": {
        "error": 0.0001568783360009156, 
        "fit": "average_SEM", 
        "value": 0.0001684251585781264
    }, 
    "H1": {
        "error": 0.128173276716156, 
        "fit": "average_SEM", 
        "value": 0.03840348868689034
    }, 
    "H2": {
        "error": 0.14700467003646187, 
        "fit": "average_SEM", 
        "value": 0.2374724591053867
    }, 
    "L1": {
        "error": 0.15962091790550342, 
        "fit": "average_SEM", 
        "value": -0.021378664582152852
    }, 
    "L2": {
        "error": 0.14072697697805825, 
        "fit": "average_SEM", 
        "value": -0.04534387213340475
    }
}