{
    "AX": {
        "error": 0.0606913988483959, 
        "fit": "average_SEM", 
        "value": -0.005692027608165518
    }, 
    "CDD": {
        "error": 0.00018985838984898238, 
        "fit": "average_SEM", 
        "value": 0.00024356869204590718
    }, 
    "H1": {
        "error": 0.13856434823113872, 
        "fit": "average_SEM", 
        "value": 0.05481730236636698
    }, 
    "H2": {
        "error": 0.1277012531170461, 
        "fit": "average_SEM", 
        "value": 0.22594295791738356
    }, 
    "L1": {
        "error": 0.13974540189651, 
        "fit": "average_SEM", 
        "value": -0.0854039751245485
    }, 
    "L2": {
        "error": 0.14972401473814284, 
        "fit": "average_SEM", 
        "value": -0.05005340049198518
    }
}