{
    "AX": {
        "error": 0.060333258402224914, 
        "fit": "average_SEM", 
        "value": 0.0036691615695114404
    }, 
    "CDD": {
        "error": 0.0001321086172668095, 
        "fit": "average_SEM", 
        "value": 0.00011271529680622431
    }, 
    "H1": {
        "error": 0.133825743786569, 
        "fit": "average_SEM", 
        "value": 0.03687784346790674
    }, 
    "H2": {
        "error": 0.12737058214784694, 
        "fit": "average_SEM", 
        "value": 0.24589293100483095
    }, 
    "L1": {
        "error": 0.17692351704545892, 
        "fit": "average_SEM", 
        "value": -0.06986442934849038
    }, 
    "L2": {
        "error": 0.14546017367125438, 
        "fit": "average_SEM", 
        "value": -0.04957810656681735
    }
}