{
    "AX": {
        "error": 0.057733012314817124, 
        "fit": "average_SEM", 
        "value": -0.005862768347045252
    }, 
    "CDD": {
        "error": 0.00016495662749176394, 
        "fit": "average_SEM", 
        "value": 0.0001839720952072336
    }, 
    "H1": {
        "error": 0.13059576073134993, 
        "fit": "average_SEM", 
        "value": 0.04049157833990951
    }, 
    "H2": {
        "error": 0.12098711790184756, 
        "fit": "average_SEM", 
        "value": 0.2290663918344459
    }, 
    "L1": {
        "error": 0.1304976007000599, 
        "fit": "average_SEM", 
        "value": -0.07717623551367675
    }, 
    "L2": {
        "error": 0.13599712857792418, 
        "fit": "average_SEM", 
        "value": -0.022528747016137156
    }
}