{
    "AX": {
        "error": 0.05904172533659231, 
        "fit": "average_SEM", 
        "value": -0.0005091839062515646
    }, 
    "CDD": {
        "error": 0.000199712513091959, 
        "fit": "average_SEM", 
        "value": 0.0002513421619369183
    }, 
    "H1": {
        "error": 0.11772794711421539, 
        "fit": "average_SEM", 
        "value": 0.05232502887180696
    }, 
    "H2": {
        "error": 0.12471873784820131, 
        "fit": "average_SEM", 
        "value": 0.2387048398910944
    }, 
    "L1": {
        "error": 0.1351623899056458, 
        "fit": "average_SEM", 
        "value": -0.07845018415440184
    }, 
    "L2": {
        "error": 0.13896103148063477, 
        "fit": "average_SEM", 
        "value": -0.049108224996295274
    }
}