{
    "AX": {
        "error": 0.06353041833792154, 
        "fit": "average_SEM", 
        "value": -0.004092228603743327
    }, 
    "CDD": {
        "error": 0.0001688509014979475, 
        "fit": "average_SEM", 
        "value": 0.00019951903401912812
    }, 
    "H1": {
        "error": 0.12011258089417946, 
        "fit": "average_SEM", 
        "value": 0.04210223468338275
    }, 
    "H2": {
        "error": 0.14021773761006157, 
        "fit": "average_SEM", 
        "value": 0.2429442553780973
    }, 
    "L1": {
        "error": 0.1481550154652397, 
        "fit": "average_SEM", 
        "value": -0.08578300381001706
    }, 
    "L2": {
        "error": 0.1396829176412106, 
        "fit": "average_SEM", 
        "value": -0.057869128809155276
    }
}