{
    "AX": {
        "error": 0.05861483648459113, 
        "fit": "average_SEM", 
        "value": 0.004804424255902025
    }, 
    "CDD": {
        "error": 0.000136103345597666, 
        "fit": "average_SEM", 
        "value": 0.0001243755005513473
    }, 
    "H1": {
        "error": 0.12778799293595627, 
        "fit": "average_SEM", 
        "value": 0.037428872954721255
    }, 
    "H2": {
        "error": 0.12822724927367554, 
        "fit": "average_SEM", 
        "value": -0.03525276192328117
    }, 
    "L1": {
        "error": 0.13077201919800535, 
        "fit": "average_SEM", 
        "value": -0.0708908671028136
    }, 
    "L2": {
        "error": 0.1468185753726588, 
        "fit": "average_SEM", 
        "value": -0.058527630126142566
    }
}