{
    "AX": {
        "error": 0.053162077460712796, 
        "fit": "average_SEM", 
        "value": -0.011610033527297977
    }, 
    "CDD": {
        "error": 0.00016090506160901875, 
        "fit": "average_SEM", 
        "value": 0.00014510475205800806
    }, 
    "H1": {
        "error": 0.12222625655557787, 
        "fit": "average_SEM", 
        "value": 0.0801092715167518
    }, 
    "H2": {
        "error": 0.12748605988281658, 
        "fit": "average_SEM", 
        "value": -0.04387752456483819
    }, 
    "L1": {
        "error": 0.15917581338122327, 
        "fit": "average_SEM", 
        "value": -0.07383256218260309
    }, 
    "L2": {
        "error": 0.14610595594060488, 
        "fit": "average_SEM", 
        "value": -0.05356980766033909
    }
}