{
    "AX": {
        "error": 0.05991590208705172, 
        "fit": "average_SEM", 
        "value": -0.0013635745503658351
    }, 
    "CDD": {
        "error": 0.00016854990342483759, 
        "fit": "average_SEM", 
        "value": 0.00021247481611984161
    }, 
    "H1": {
        "error": 0.14384108533080645, 
        "fit": "average_SEM", 
        "value": 0.05799996291752905
    }, 
    "H2": {
        "error": 0.12139093018586729, 
        "fit": "average_SEM", 
        "value": -0.024950522618867883
    }, 
    "L1": {
        "error": 0.1389703610712078, 
        "fit": "average_SEM", 
        "value": -0.05821042247346971
    }, 
    "L2": {
        "error": 0.1293140154808697, 
        "fit": "average_SEM", 
        "value": -0.06253709163720486
    }
}