{
    "AX": {
        "error": 0.05355502700713611, 
        "fit": "average_SEM", 
        "value": 0.0022990210187951257
    }, 
    "CDD": {
        "error": 0.00014249479246148495, 
        "fit": "average_SEM", 
        "value": 0.0001528782197662319
    }, 
    "H1": {
        "error": 0.1273182641709591, 
        "fit": "average_SEM", 
        "value": 0.03935511778981891
    }, 
    "H2": {
        "error": 0.12345902069808615, 
        "fit": "average_SEM", 
        "value": -0.020166463697872436
    }, 
    "L1": {
        "error": 0.13283979367716175, 
        "fit": "average_SEM", 
        "value": -0.07520299799919788
    }, 
    "L2": {
        "error": 0.12756705993554512, 
        "fit": "average_SEM", 
        "value": -0.03158232819502397
    }
}