{
    "AX": {
        "error": 0.06265050522132232, 
        "fit": "average_SEM", 
        "value": 0.0015161023645002085
    }, 
    "CDD": {
        "error": 0.00010962508066608135, 
        "fit": "average_SEM", 
        "value": 9.069046839916458e-05
    }, 
    "H1": {
        "error": 0.12935589541951187, 
        "fit": "average_SEM", 
        "value": 0.05334332886559423
    }, 
    "H2": {
        "error": 0.12691669664943198, 
        "fit": "average_SEM", 
        "value": -0.028509143757401035
    }, 
    "L1": {
        "error": 0.1633836363509218, 
        "fit": "average_SEM", 
        "value": -0.07237307130514334
    }, 
    "L2": {
        "error": 0.11403782804715777, 
        "fit": "average_SEM", 
        "value": -0.05116766284142311
    }
}