{
    "AX": {
        "error": 0.056659185383017535, 
        "fit": "average_SEM", 
        "value": -0.002255833370873006
    }, 
    "CDD": {
        "error": 0.00021557157811532039, 
        "fit": "average_SEM", 
        "value": 0.00026559352336334995
    }, 
    "H1": {
        "error": 0.10181178983936597, 
        "fit": "average_SEM", 
        "value": 0.06410412300804941
    }, 
    "H2": {
        "error": 0.12257421252032873, 
        "fit": "average_SEM", 
        "value": -0.009882605336800528
    }, 
    "L1": {
        "error": 0.15384776815430998, 
        "fit": "average_SEM", 
        "value": -0.07953379038566102
    }, 
    "L2": {
        "error": 0.13460157830008446, 
        "fit": "average_SEM", 
        "value": -0.02950345398761177
    }
}