{
    "AX": {
        "error": 0.06685535984911076, 
        "fit": "average_SEM", 
        "value": -0.004360916212317534
    }, 
    "CDD": {
        "error": 0.00014419515358983143, 
        "fit": "average_SEM", 
        "value": 0.00013733128216699697
    }, 
    "H1": {
        "error": 0.1272429967753713, 
        "fit": "average_SEM", 
        "value": 0.057168021761269
    }, 
    "H2": {
        "error": 0.12638614686688404, 
        "fit": "average_SEM", 
        "value": 0.2262754298746586
    }, 
    "L1": {
        "error": 0.14841294862443763, 
        "fit": "average_SEM", 
        "value": -0.09240463053962837
    }, 
    "L2": {
        "error": 0.13337690044532194, 
        "fit": "average_SEM", 
        "value": -0.04255712906621435
    }
}