{
    "AX": {
        "error": 0.05524564597848812, 
        "fit": "average_SEM", 
        "value": -0.006780308494732405
    }, 
    "CDD": {
        "error": 0.0001443535347821745, 
        "fit": "average_SEM", 
        "value": 0.00016453842229869527
    }, 
    "H1": {
        "error": 0.12411529399186229, 
        "fit": "average_SEM", 
        "value": 0.04028882381195823
    }, 
    "H2": {
        "error": 0.11495113379263829, 
        "fit": "average_SEM", 
        "value": 0.22860240163669612
    }, 
    "L1": {
        "error": 0.17008009353437636, 
        "fit": "average_SEM", 
        "value": -0.0655246786462764
    }, 
    "L2": {
        "error": 0.14682785685471605, 
        "fit": "average_SEM", 
        "value": -0.056465078042432046
    }
}