{
    "AX": {
        "error": 0.05933825017526107, 
        "fit": "average_SEM", 
        "value": -0.010774324404458942
    }, 
    "CDD": {
        "error": 0.00016272514650946158, 
        "fit": "average_SEM", 
        "value": 0.0001891544086295956
    }, 
    "H1": {
        "error": 0.12347471053879051, 
        "fit": "average_SEM", 
        "value": 0.06946369718837862
    }, 
    "H2": {
        "error": 0.13190769423475412, 
        "fit": "average_SEM", 
        "value": 0.23734379203621453
    }, 
    "L1": {
        "error": 0.1376898583874842, 
        "fit": "average_SEM", 
        "value": -0.0905101660794268
    }, 
    "L2": {
        "error": 0.13944762620930043, 
        "fit": "average_SEM", 
        "value": -0.07043515006031763
    }
}