{
    "AX": {
        "error": 0.05557295237371695, 
        "fit": "average_SEM", 
        "value": -0.0070758582711278
    }, 
    "CDD": {
        "error": 0.000101944766236803, 
        "fit": "average_SEM", 
        "value": 9.069046815663266e-05
    }, 
    "H1": {
        "error": 0.1260558169421195, 
        "fit": "average_SEM", 
        "value": 0.07841556606969485
    }, 
    "H2": {
        "error": 0.12357148605400335, 
        "fit": "average_SEM", 
        "value": -0.024981944758231598
    }, 
    "L1": {
        "error": 0.14744174677372895, 
        "fit": "average_SEM", 
        "value": -0.062452554818203984
    }, 
    "L2": {
        "error": 0.13538114227611672, 
        "fit": "average_SEM", 
        "value": -0.05760816046386026
    }
}