{
    "AX": {
        "error": 0.057674946233972714, 
        "fit": "average_SEM", 
        "value": -0.011245969448850701
    }, 
    "CDD": {
        "error": 0.0001710024640698164, 
        "fit": "average_SEM", 
        "value": 0.0001580605344012535
    }, 
    "H1": {
        "error": 0.1301146561695151, 
        "fit": "average_SEM", 
        "value": 0.07693942217350316
    }, 
    "H2": {
        "error": 0.1215705938470703, 
        "fit": "average_SEM", 
        "value": -0.010864828026872905
    }, 
    "L1": {
        "error": 0.13835473379015623, 
        "fit": "average_SEM", 
        "value": -0.054909593941799055
    }, 
    "L2": {
        "error": 0.1406941723575435, 
        "fit": "average_SEM", 
        "value": -0.042294625531455195
    }
}