{
    "AX": {
        "error": 0.06233685566111681, 
        "fit": "average_SEM", 
        "value": -0.009995996352275445
    }, 
    "CDD": {
        "error": 0.00014106216649489964, 
        "fit": "average_SEM", 
        "value": 0.00012696665677746448
    }, 
    "H1": {
        "error": 0.1342242584465315, 
        "fit": "average_SEM", 
        "value": 0.06812283348311515
    }, 
    "H2": {
        "error": 0.14316711506414515, 
        "fit": "average_SEM", 
        "value": -0.014556892441760283
    }, 
    "L1": {
        "error": 0.14776023192897753, 
        "fit": "average_SEM", 
        "value": -0.07858359783228176
    }, 
    "L2": {
        "error": 0.13639188610068173, 
        "fit": "average_SEM", 
        "value": -0.019496813928708435
    }
}