{
    "AX": {
        "error": 0.05515960662999329, 
        "fit": "average_SEM", 
        "value": -0.00039405834565210777
    }, 
    "CDD": {
        "error": 0.0001751248920718196, 
        "fit": "average_SEM", 
        "value": 0.00019563229967995238
    }, 
    "H1": {
        "error": 0.12645571533759972, 
        "fit": "average_SEM", 
        "value": 0.08309462157194503
    }, 
    "H2": {
        "error": 0.13341075512111314, 
        "fit": "average_SEM", 
        "value": 0.0015121169097255915
    }, 
    "L1": {
        "error": 0.13999125751885275, 
        "fit": "average_SEM", 
        "value": -0.06464639759312073
    }, 
    "L2": {
        "error": 0.13365833793773568, 
        "fit": "average_SEM", 
        "value": -0.04377146084310273
    }
}