{
    "AX": {
        "error": 0.05388439165789674, 
        "fit": "average_SEM", 
        "value": -0.006285577686260997
    }, 
    "CDD": {
        "error": 0.00015216260601514807, 
        "fit": "average_SEM", 
        "value": 0.00016972073523599345
    }, 
    "H1": {
        "error": 0.12516129295667472, 
        "fit": "average_SEM", 
        "value": 0.061548268355363686
    }, 
    "H2": {
        "error": 0.13850439109143575, 
        "fit": "average_SEM", 
        "value": 0.001811189939811205
    }, 
    "L1": {
        "error": 0.13907763811277463, 
        "fit": "average_SEM", 
        "value": -0.08194103973061526
    }, 
    "L2": {
        "error": 0.1276235415732985, 
        "fit": "average_SEM", 
        "value": -0.02840482275417647
    }
}