{
    "AX": {
        "error": 0.05555183206371047, 
        "fit": "average_SEM", 
        "value": 0.0002256241300472084
    }, 
    "CDD": {
        "error": 0.00020371928830294108, 
        "fit": "average_SEM", 
        "value": 0.0002604112094559241
    }, 
    "H1": {
        "error": 0.12170815122173942, 
        "fit": "average_SEM", 
        "value": 0.04724947372451425
    }, 
    "H2": {
        "error": 0.14018095106536846, 
        "fit": "average_SEM", 
        "value": -0.00867132360957233
    }, 
    "L1": {
        "error": 0.13331075450211663, 
        "fit": "average_SEM", 
        "value": -0.0748360916506499
    }, 
    "L2": {
        "error": 0.13231687677566703, 
        "fit": "average_SEM", 
        "value": -0.031890459265802445
    }
}