{
    "AX": {
        "error": 0.05044472690807587, 
        "fit": "average_SEM", 
        "value": -0.00042527604236966
    }, 
    "CDD": {
        "error": 0.00011389600628391476, 
        "fit": "average_SEM", 
        "value": 9.846393683498415e-05
    }, 
    "H1": {
        "error": 0.12569045915517185, 
        "fit": "average_SEM", 
        "value": 0.0587920752906939
    }, 
    "H2": {
        "error": 0.15437259414668783, 
        "fit": "average_SEM", 
        "value": -0.010330977593548596
    }, 
    "L1": {
        "error": 0.14339032894612155, 
        "fit": "average_SEM", 
        "value": -0.05385621586641112
    }, 
    "L2": {
        "error": 0.13754569179232978, 
        "fit": "average_SEM", 
        "value": -0.029880512914436014
    }
}