{
    "AX": {
        "error": 0.060055858993384, 
        "fit": "average_SEM", 
        "value": -0.0009976558513396109
    }, 
    "CDD": {
        "error": 0.0001304583227812969, 
        "fit": "average_SEM", 
        "value": 0.00012307992146816106
    }, 
    "H1": {
        "error": 0.13159472792443458, 
        "fit": "average_SEM", 
        "value": 0.045409206362577
    }, 
    "H2": {
        "error": 0.11812840373108487, 
        "fit": "average_SEM", 
        "value": -0.016145297544426285
    }, 
    "L1": {
        "error": 0.12589001625740076, 
        "fit": "average_SEM", 
        "value": -0.0414548828213204
    }, 
    "L2": {
        "error": 0.12819102452288286, 
        "fit": "average_SEM", 
        "value": -0.01807217125412232
    }
}