{
    "AX": {
        "error": 0.052791816252898756, 
        "fit": "average_SEM", 
        "value": -0.012384438652467604
    }, 
    "CDD": {
        "error": 0.0001480867605294241, 
        "fit": "average_SEM", 
        "value": 0.0001528782200087638
    }, 
    "H1": {
        "error": 0.1358444829671045, 
        "fit": "average_SEM", 
        "value": 0.036744251139073945
    }, 
    "H2": {
        "error": 0.13810456513508962, 
        "fit": "average_SEM", 
        "value": -0.0289889648091048
    }, 
    "L1": {
        "error": 0.1561803070993499, 
        "fit": "average_SEM", 
        "value": -0.05944177033379674
    }, 
    "L2": {
        "error": 0.13884919025745837, 
        "fit": "average_SEM", 
        "value": -0.05687437521895238
    }
}