{
    "AX": {
        "error": 0.05670134628863483, 
        "fit": "average_SEM", 
        "value": 0.0019638348492662773
    }, 
    "CDD": {
        "error": 0.00019426050407566375, 
        "fit": "average_SEM", 
        "value": 0.00022672617609108178
    }, 
    "H1": {
        "error": 0.1283930768391727, 
        "fit": "average_SEM", 
        "value": 0.04833631208409012
    }, 
    "H2": {
        "error": 0.14293447639209184, 
        "fit": "average_SEM", 
        "value": 0.0013806541993593177
    }, 
    "L1": {
        "error": 0.15394442301275416, 
        "fit": "average_SEM", 
        "value": -0.06618677517787243
    }, 
    "L2": {
        "error": 0.1325256946389126, 
        "fit": "average_SEM", 
        "value": -0.020131178519901975
    }
}