{
    "AX": {
        "error": 0.05827648819360996, 
        "fit": "average_SEM", 
        "value": -0.005240971365734973
    }, 
    "CDD": {
        "error": 0.0001460322588436523, 
        "fit": "average_SEM", 
        "value": 0.00015676495410540763
    }, 
    "H1": {
        "error": 0.12111957322489118, 
        "fit": "average_SEM", 
        "value": 0.03192565489456077
    }, 
    "H2": {
        "error": 0.11640361985822918, 
        "fit": "average_SEM", 
        "value": -0.010005810065680028
    }, 
    "L1": {
        "error": 0.14215410603095321, 
        "fit": "average_SEM", 
        "value": -0.06214923610726449
    }, 
    "L2": {
        "error": 0.14773033227851462, 
        "fit": "average_SEM", 
        "value": -0.025331325221729154
    }
}