{
    "AX": {
        "error": 0.055434388765709566, 
        "fit": "average_SEM", 
        "value": -0.0065155932289295984
    }, 
    "CDD": {
        "error": 3.119713176935617e-05, 
        "fit": "average_SEM", 
        "value": 6.47789056529291e-06
    }, 
    "H1": {
        "error": 0.11891595678097626, 
        "fit": "average_SEM", 
        "value": 0.03400799686496612
    }, 
    "H2": {
        "error": 0.13905231207063082, 
        "fit": "average_SEM", 
        "value": -0.013204513984843895
    }, 
    "L1": {
        "error": 0.14888386048902086, 
        "fit": "average_SEM", 
        "value": -0.06465457235851015
    }, 
    "L2": {
        "error": 0.13184381136934814, 
        "fit": "average_SEM", 
        "value": -0.0505245358372728
    }
}