{
    "AX": {
        "error": 0.056017751057552245, 
        "fit": "average_SEM", 
        "value": -0.007084886990681601
    }, 
    "CDD": {
        "error": 0.00015836027503400024, 
        "fit": "average_SEM", 
        "value": 0.00011401087661700633
    }, 
    "H1": {
        "error": 0.12840827774573918, 
        "fit": "average_SEM", 
        "value": 0.0639448840918097
    }, 
    "H2": {
        "error": 0.1293719787074838, 
        "fit": "average_SEM", 
        "value": -0.04704340303966698
    }, 
    "L1": {
        "error": 0.14967021787030488, 
        "fit": "average_SEM", 
        "value": -0.09258493059896863
    }, 
    "L2": {
        "error": 0.14633335318936672, 
        "fit": "average_SEM", 
        "value": -0.06820039904851001
    }
}