{
    "AX": {
        "error": 0.05762599326797953, 
        "fit": "average_SEM", 
        "value": -0.006832803038802618
    }, 
    "CDD": {
        "error": 0.00012103592374881664, 
        "fit": "average_SEM", 
        "value": 9.71683592069894e-05
    }, 
    "H1": {
        "error": 0.12158722048356503, 
        "fit": "average_SEM", 
        "value": 0.030925334749917967
    }, 
    "H2": {
        "error": 0.13630963724742876, 
        "fit": "average_SEM", 
        "value": -0.01926030418059478
    }, 
    "L1": {
        "error": 0.15606971798230043, 
        "fit": "average_SEM", 
        "value": -0.07034116776970525
    }, 
    "L2": {
        "error": 0.13598737924557885, 
        "fit": "average_SEM", 
        "value": -0.06748078782208419
    }
}