{
    "AX": {
        "error": 0.05653548873075206, 
        "fit": "average_SEM", 
        "value": -0.009936571808786236
    }, 
    "CDD": {
        "error": 0.0001793271892449991, 
        "fit": "average_SEM", 
        "value": 0.00016712957998000396
    }, 
    "H1": {
        "error": 0.11973322125051461, 
        "fit": "average_SEM", 
        "value": 0.0681409592635949
    }, 
    "H2": {
        "error": 0.11075409444838634, 
        "fit": "average_SEM", 
        "value": 0.21313455771499623
    }, 
    "L1": {
        "error": 0.17199411392306363, 
        "fit": "average_SEM", 
        "value": -0.08682472820637485
    }, 
    "L2": {
        "error": 0.15437190277703888, 
        "fit": "average_SEM", 
        "value": -0.05774397975037573
    }
}