{
    "AX": {
        "error": 0.054715558548291944, 
        "fit": "average_SEM", 
        "value": -0.0019957481633658364
    }, 
    "CDD": {
        "error": 0.00010273864034520853, 
        "fit": "average_SEM", 
        "value": 4.9231969023821874e-05
    }, 
    "H1": {
        "error": 0.1270112710899754, 
        "fit": "average_SEM", 
        "value": 0.05094378731834392
    }, 
    "H2": {
        "error": 0.11756312428708603, 
        "fit": "average_SEM", 
        "value": -0.0273626623073748
    }, 
    "L1": {
        "error": 0.13965550736467577, 
        "fit": "average_SEM", 
        "value": -0.07858227152998248
    }, 
    "L2": {
        "error": 0.12312100647042588, 
        "fit": "average_SEM", 
        "value": -0.08434761672591169
    }
}