{
    "AX": {
        "error": 0.062293670592074316, 
        "fit": "average_SEM", 
        "value": 0.0007162119194011515
    }, 
    "CDD": {
        "error": 0.00012820729445599583, 
        "fit": "average_SEM", 
        "value": 0.00012048876596963965
    }, 
    "H1": {
        "error": 0.12480118656961753, 
        "fit": "average_SEM", 
        "value": 0.06483502314658836
    }, 
    "H2": {
        "error": 0.1657032526855697, 
        "fit": "average_SEM", 
        "value": 0.16986007904391348
    }, 
    "L1": {
        "error": 0.12796953399618843, 
        "fit": "average_SEM", 
        "value": -0.0762480967619922
    }, 
    "L2": {
        "error": 0.13389425685887574, 
        "fit": "average_SEM", 
        "value": -0.07567781547938163
    }
}