{
    "AX": {
        "error": 0.06103923973059283, 
        "fit": "average_SEM", 
        "value": -0.05664625367911261
    }, 
    "CDD": {
        "error": 4.579482440770553e-05, 
        "fit": "average_SEM", 
        "value": 1.1660203017527238e-05
    }, 
    "H1": {
        "error": 0.13165474859516751, 
        "fit": "average_SEM", 
        "value": 0.03556653389629597
    }, 
    "H2": {
        "error": 0.1523408519301502, 
        "fit": "average_SEM", 
        "value": -0.3527991774181525
    }, 
    "L1": {
        "error": 0.16962472981088833, 
        "fit": "average_SEM", 
        "value": -0.07909473603746543
    }, 
    "L2": {
        "error": 0.13323246096388022, 
        "fit": "average_SEM", 
        "value": 0.05810364616239288
    }
}