{
    "AX": {
        "error": 0.05413390969145606, 
        "fit": "average_SEM", 
        "value": -0.05212524182522126
    }, 
    "CDD": {
        "error": 5.542670476445915e-05, 
        "fit": "average_SEM", 
        "value": 1.943367169587873e-05
    }, 
    "H1": {
        "error": 0.1162618043782307, 
        "fit": "average_SEM", 
        "value": 0.019916260589767868
    }, 
    "H2": {
        "error": 0.11976384457566588, 
        "fit": "average_SEM", 
        "value": -0.3574331774065892
    }, 
    "L1": {
        "error": 0.15187090822875526, 
        "fit": "average_SEM", 
        "value": -0.07211852292142187
    }, 
    "L2": {
        "error": 0.13314900156253712, 
        "fit": "average_SEM", 
        "value": 0.02420594329547991
    }
}