{
    "AX": {
        "error": 0.06216779691179332, 
        "fit": "average_SEM", 
        "value": -0.03798329763230868
    }, 
    "CDD": {
        "error": 4.935272554181255e-05, 
        "fit": "average_SEM", 
        "value": 1.42513592436444e-05
    }, 
    "H1": {
        "error": 0.1273412300942603, 
        "fit": "average_SEM", 
        "value": 0.022564610253175486
    }, 
    "H2": {
        "error": 0.12074151999971758, 
        "fit": "average_SEM", 
        "value": -0.08992769195368358
    }, 
    "L1": {
        "error": 0.12930561704182428, 
        "fit": "average_SEM", 
        "value": -0.13738589568529277
    }, 
    "L2": {
        "error": 0.14379288211504665, 
        "fit": "average_SEM", 
        "value": -0.08313089843043903
    }
}