{
    "AX": {
        "error": 0.054046927921720195, 
        "fit": "average_SEM", 
        "value": -0.010363395734020741
    }, 
    "CDD": {
        "error": 0.00015664078585259122, 
        "fit": "average_SEM", 
        "value": 0.00013992243863564607
    }, 
    "H1": {
        "error": 0.1320229010339314, 
        "fit": "average_SEM", 
        "value": -0.01830107002557876
    }, 
    "H2": {
        "error": 0.15352670037913613, 
        "fit": "average_SEM", 
        "value": 0.006823538591076309
    }, 
    "L1": {
        "error": 0.1491572153472058, 
        "fit": "average_SEM", 
        "value": -0.059063028042631534
    }, 
    "L2": {
        "error": 0.1414447176973279, 
        "fit": "average_SEM", 
        "value": -0.006492456591998538
    }
}