{
    "AX": {
        "error": 0.0548498545967875, 
        "fit": "average_SEM", 
        "value": -0.053299835151604684
    }, 
    "CDD": {
        "error": 4.3149631137483906e-05, 
        "fit": "average_SEM", 
        "value": 1.295578113058582e-05
    }, 
    "H1": {
        "error": 0.12177850195473923, 
        "fit": "average_SEM", 
        "value": -0.003709734163324659
    }, 
    "H2": {
        "error": 0.125545150730473, 
        "fit": "average_SEM", 
        "value": -0.38012184989638625
    }, 
    "L1": {
        "error": 0.17110486172584524, 
        "fit": "average_SEM", 
        "value": -0.11031081407563761
    }, 
    "L2": {
        "error": 0.13257725241164942, 
        "fit": "average_SEM", 
        "value": -0.018334676229702987
    }
}