{
    "AX": {
        "error": 0.0565236982185923, 
        "fit": "average_SEM", 
        "value": -0.01466682056876986
    }, 
    "CDD": {
        "error": 0.00015577392290769455, 
        "fit": "average_SEM", 
        "value": 0.00016583400065428577
    }, 
    "H1": {
        "error": 0.13386046556866235, 
        "fit": "average_SEM", 
        "value": 0.024747038518398767
    }, 
    "H2": {
        "error": 0.13417504160430205, 
        "fit": "average_SEM", 
        "value": -0.01570968091667358
    }, 
    "L1": {
        "error": 0.1326040451373516, 
        "fit": "average_SEM", 
        "value": -0.03784571675932966
    }, 
    "L2": {
        "error": 0.13215978590952565, 
        "fit": "average_SEM", 
        "value": -0.006050602284570535
    }
}