{
    "AX": {
        "error": 0.05412247424660396, 
        "fit": "average_SEM", 
        "value": -0.03671223753117374
    }, 
    "CDD": {
        "error": 6.045149784370852e-05, 
        "fit": "average_SEM", 
        "value": 2.4615984148113058e-05
    }, 
    "H1": {
        "error": 0.1267959654896573, 
        "fit": "average_SEM", 
        "value": 0.02379725080099888
    }, 
    "H2": {
        "error": 0.12899042759990492, 
        "fit": "average_SEM", 
        "value": -0.37696178325762353
    }, 
    "L1": {
        "error": 0.12680881252797585, 
        "fit": "average_SEM", 
        "value": -0.161637348208266
    }, 
    "L2": {
        "error": 0.13837111587764128, 
        "fit": "average_SEM", 
        "value": -0.12153082744140799
    }
}