{
    "AX": {
        "error": 0.06308758125177939, 
        "fit": "average_SEM", 
        "value": -0.05376372084817073
    }, 
    "CDD": {
        "error": 3.402583532384326e-05, 
        "fit": "average_SEM", 
        "value": 7.773468678351491e-06
    }, 
    "H1": {
        "error": 0.11367358921874826, 
        "fit": "average_SEM", 
        "value": 0.03385216122551356
    }, 
    "H2": {
        "error": 0.1472973508068166, 
        "fit": "average_SEM", 
        "value": -0.3341252476364995
    }, 
    "L1": {
        "error": 0.12442381920909382, 
        "fit": "average_SEM", 
        "value": -0.058584467663119234
    }, 
    "L2": {
        "error": 0.13557349238066585, 
        "fit": "average_SEM", 
        "value": 0.03098796175327152
    }
}