{
    "AX": {
        "error": 0.05809690589161386, 
        "fit": "average_SEM", 
        "value": -0.03857909998478135
    }, 
    "CDD": {
        "error": 4.9352725541812554e-05, 
        "fit": "average_SEM", 
        "value": 1.42513592436444e-05
    }, 
    "H1": {
        "error": 0.12260441519958458, 
        "fit": "average_SEM", 
        "value": 0.017429040314164014
    }, 
    "H2": {
        "error": 0.12665527684474492, 
        "fit": "average_SEM", 
        "value": -0.37460023776317636
    }, 
    "L1": {
        "error": 0.1552441375298869, 
        "fit": "average_SEM", 
        "value": -0.1648373671322285
    }, 
    "L2": {
        "error": 0.14622706362287233, 
        "fit": "average_SEM", 
        "value": -0.12068062426988035
    }
}