{
    "AX": {
        "error": 0.06316592300250919, 
        "fit": "average_SEM", 
        "value": -0.032147218335406555
    }, 
    "CDD": {
        "error": 4.76247977250129e-05, 
        "fit": "average_SEM", 
        "value": 1.295578113058582e-05
    }, 
    "H1": {
        "error": 0.13099756389455422, 
        "fit": "average_SEM", 
        "value": 0.013321846444159745
    }, 
    "H2": {
        "error": 0.12578889406255991, 
        "fit": "average_SEM", 
        "value": -0.11466201504226774
    }, 
    "L1": {
        "error": 0.12523012394720914, 
        "fit": "average_SEM", 
        "value": -0.16728680157102643
    }, 
    "L2": {
        "error": 0.13425832535243173, 
        "fit": "average_SEM", 
        "value": -0.13606183145117637
    }
}