{
    "AX": {
        "error": 0.06407504364834021, 
        "fit": "average_SEM", 
        "value": -0.03559307983183923
    }, 
    "CDD": {
        "error": 3.659055414416811e-05, 
        "fit": "average_SEM", 
        "value": 9.069046791410074e-06
    }, 
    "H1": {
        "error": 0.13485073448357002, 
        "fit": "average_SEM", 
        "value": 0.03399987255591744
    }, 
    "H2": {
        "error": 0.12877500061499447, 
        "fit": "average_SEM", 
        "value": -0.3547081197767208
    }, 
    "L1": {
        "error": 0.14349268341606786, 
        "fit": "average_SEM", 
        "value": -0.06942319231851192
    }, 
    "L2": {
        "error": 0.14898193891762113, 
        "fit": "average_SEM", 
        "value": 0.02159675316264232
    }
}