{
    "AX": {
        "error": 0.053532643126235596, 
        "fit": "average_SEM", 
        "value": -0.0300821665218488
    }, 
    "CDD": {
        "error": 4.3149631137483906e-05, 
        "fit": "average_SEM", 
        "value": 1.295578113058582e-05
    }, 
    "H1": {
        "error": 0.11572864550176137, 
        "fit": "average_SEM", 
        "value": -0.021004401870110694
    }, 
    "H2": {
        "error": 0.1485751893983283, 
        "fit": "average_SEM", 
        "value": -0.15139003905496792
    }, 
    "L1": {
        "error": 0.1365030650071481, 
        "fit": "average_SEM", 
        "value": -0.16333353135269135
    }, 
    "L2": {
        "error": 0.1425636115089936, 
        "fit": "average_SEM", 
        "value": -0.15605990975163878
    }
}