{
    "AX": {
        "error": 0.057419279343401984, 
        "fit": "average_SEM", 
        "value": -0.007534327303680281
    }, 
    "CDD": {
        "error": 0.000157072423294956, 
        "fit": "average_SEM", 
        "value": 0.00014510475157294422
    }, 
    "H1": {
        "error": 0.12941991544446493, 
        "fit": "average_SEM", 
        "value": 0.10040338897573141
    }, 
    "H2": {
        "error": 0.1317540375024633, 
        "fit": "average_SEM", 
        "value": 0.26514234811766074
    }, 
    "L1": {
        "error": 0.1170180172202612, 
        "fit": "average_SEM", 
        "value": -0.06125248046955676
    }, 
    "L2": {
        "error": 0.13102220576298768, 
        "fit": "average_SEM", 
        "value": 0.020527859119465575
    }
}