{
    "AX": {
        "error": 0.06755869329924633, 
        "fit": "average_SEM", 
        "value": -0.047494883473336816
    }, 
    "CDD": {
        "error": 6.55042891177519e-05, 
        "fit": "average_SEM", 
        "value": 1.943367193841065e-05
    }, 
    "H1": {
        "error": 0.13960204417213526, 
        "fit": "average_SEM", 
        "value": 0.0062028384651057426
    }, 
    "H2": {
        "error": 0.13019782738512792, 
        "fit": "average_SEM", 
        "value": -0.37344600167125463
    }, 
    "L1": {
        "error": 0.13993216561688368, 
        "fit": "average_SEM", 
        "value": -0.10026568101408581
    }, 
    "L2": {
        "error": 0.14864908183800551, 
        "fit": "average_SEM", 
        "value": 0.006438582244057519
    }
}