{
    "AX": {
        "error": 0.05582691472851694, 
        "fit": "average_SEM", 
        "value": -0.04685409235850481
    }, 
    "CDD": {
        "error": 4.5049537482176254e-05, 
        "fit": "average_SEM", 
        "value": 1.42513592436444e-05
    }, 
    "H1": {
        "error": 0.12940181710619933, 
        "fit": "average_SEM", 
        "value": -0.006832605794382592
    }, 
    "H2": {
        "error": 0.11506231014842475, 
        "fit": "average_SEM", 
        "value": -0.3536506994316975
    }, 
    "L1": {
        "error": 0.16671804177011007, 
        "fit": "average_SEM", 
        "value": -0.12461102968894314
    }, 
    "L2": {
        "error": 0.13236657335029076, 
        "fit": "average_SEM", 
        "value": -0.008170751037929828
    }
}