{
    "AX": {
        "error": 0.05786554285572029, 
        "fit": "average_SEM", 
        "value": -0.03209533519451118
    }, 
    "CDD": {
        "error": 5.0118457408193214e-05, 
        "fit": "average_SEM", 
        "value": 1.8138093582820148e-05
    }, 
    "H1": {
        "error": 0.11795420016275908, 
        "fit": "average_SEM", 
        "value": 0.02573980594849369
    }, 
    "H2": {
        "error": 0.10656623321923125, 
        "fit": "average_SEM", 
        "value": -0.10154282289343732
    }, 
    "L1": {
        "error": 0.13668153303822503, 
        "fit": "average_SEM", 
        "value": -0.09857845797184078
    }, 
    "L2": {
        "error": 0.1579613458946201, 
        "fit": "average_SEM", 
        "value": -0.14321752379328245
    }
}