{
    "AX": {
        "error": 0.06482064307625057, 
        "fit": "average_SEM", 
        "value": -0.011398458254795211
    }, 
    "CDD": {
        "error": 0.00013414293858029556, 
        "fit": "average_SEM", 
        "value": 0.00012567107817934204
    }, 
    "H1": {
        "error": 0.1279841525121519, 
        "fit": "average_SEM", 
        "value": 0.05153316529467702
    }, 
    "H2": {
        "error": 0.15621697840331325, 
        "fit": "average_SEM", 
        "value": 0.0003507695839895556
    }, 
    "L1": {
        "error": 0.1076502019228524, 
        "fit": "average_SEM", 
        "value": -0.045408776600379494
    }, 
    "L2": {
        "error": 0.1265627196677471, 
        "fit": "average_SEM", 
        "value": 0.03451432492632497
    }
}