{
    "AX": {
        "error": 0.05857259734519436, 
        "fit": "average_SEM", 
        "value": -0.03560889456033086
    }, 
    "CDD": {
        "error": 0.00011203051414405739, 
        "fit": "average_SEM", 
        "value": 8.421257783387167e-05
    }, 
    "H1": {
        "error": 0.13577235437997745, 
        "fit": "average_SEM", 
        "value": 0.015944950812263416
    }, 
    "H2": {
        "error": 0.13636029132389593, 
        "fit": "average_SEM", 
        "value": -0.12507745712913068
    }, 
    "L1": {
        "error": 0.13986118178918566, 
        "fit": "average_SEM", 
        "value": -0.17964454553099737
    }, 
    "L2": {
        "error": 0.1251225230872043, 
        "fit": "average_SEM", 
        "value": -0.15085268000742266
    }
}