{
    "AX": {
        "error": 0.059429450823790336, 
        "fit": "average_SEM", 
        "value": -0.038250106285947064
    }, 
    "CDD": {
        "error": 5.0988983346442895e-05, 
        "fit": "average_SEM", 
        "value": 1.5546937356702982e-05
    }, 
    "H1": {
        "error": 0.12349412807077514, 
        "fit": "average_SEM", 
        "value": 0.01754347003103855
    }, 
    "H2": {
        "error": 0.1552124593482361, 
        "fit": "average_SEM", 
        "value": -0.37280804795057826
    }, 
    "L1": {
        "error": 0.1427411127961702, 
        "fit": "average_SEM", 
        "value": -0.15002756341321705
    }, 
    "L2": {
        "error": 0.1181194252438451, 
        "fit": "average_SEM", 
        "value": -0.10398552948706007
    }
}