{
    "AX": {
        "error": 0.05877829657785031, 
        "fit": "average_SEM", 
        "value": -0.0411152204379808
    }, 
    "CDD": {
        "error": 4.385003159586138e-05, 
        "fit": "average_SEM", 
        "value": 1.0364624904468655e-05
    }, 
    "H1": {
        "error": 0.13377675821104842, 
        "fit": "average_SEM", 
        "value": 0.036668317360939305
    }, 
    "H2": {
        "error": 0.1349526921870297, 
        "fit": "average_SEM", 
        "value": -0.3664717392375072
    }, 
    "L1": {
        "error": 0.14020422944618494, 
        "fit": "average_SEM", 
        "value": -0.05866771646057411
    }, 
    "L2": {
        "error": 0.14058069493988148, 
        "fit": "average_SEM", 
        "value": 0.014104188760150767
    }
}