{
    "AX": {
        "error": 0.05044163156602353, 
        "fit": "average_SEM", 
        "value": -0.054649123395211066
    }, 
    "CDD": {
        "error": 4.385003159586138e-05, 
        "fit": "average_SEM", 
        "value": 1.0364624904468655e-05
    }, 
    "H1": {
        "error": 0.12539609030468862, 
        "fit": "average_SEM", 
        "value": 0.008487562809993203
    }, 
    "H2": {
        "error": 0.14475536075198725, 
        "fit": "average_SEM", 
        "value": -0.3485065427298347
    }, 
    "L1": {
        "error": 0.1556944572157955, 
        "fit": "average_SEM", 
        "value": -0.09417293532727247
    }, 
    "L2": {
        "error": 0.169840857373918, 
        "fit": "average_SEM", 
        "value": 0.030265785926409685
    }
}