{
    "AX": {
        "error": 0.04696829538648294, 
        "fit": "average_SEM", 
        "value": -0.034562769570917834
    }, 
    "CDD": {
        "error": 4.3149631137483906e-05, 
        "fit": "average_SEM", 
        "value": 1.295578113058582e-05
    }, 
    "H1": {
        "error": 0.13193887449767697, 
        "fit": "average_SEM", 
        "value": 0.01687564550957177
    }, 
    "H2": {
        "error": 0.15249620649118864, 
        "fit": "average_SEM", 
        "value": -0.357230603431041
    }, 
    "L1": {
        "error": 0.151550662392884, 
        "fit": "average_SEM", 
        "value": -0.14050013632125533
    }, 
    "L2": {
        "error": 0.14627638544538496, 
        "fit": "average_SEM", 
        "value": -0.10381581767772635
    }
}