{
    "AX": {
        "error": 0.06648392606660969, 
        "fit": "average_SEM", 
        "value": -0.049722283149700765
    }, 
    "CDD": {
        "error": 3.659055414416811e-05, 
        "fit": "average_SEM", 
        "value": 9.069046791410074e-06
    }, 
    "H1": {
        "error": 0.12190222535191694, 
        "fit": "average_SEM", 
        "value": 0.058567723914651044
    }, 
    "H2": {
        "error": 0.14455861448364732, 
        "fit": "average_SEM", 
        "value": -0.36154221575707196
    }, 
    "L1": {
        "error": 0.14780401076572133, 
        "fit": "average_SEM", 
        "value": -0.07826400756700119
    }, 
    "L2": {
        "error": 0.1349193092845394, 
        "fit": "average_SEM", 
        "value": 0.028658583800521834
    }
}