{
    "AX": {
        "error": 0.059146835966452115, 
        "fit": "average_SEM", 
        "value": -0.009994330775700493
    }, 
    "CDD": {
        "error": 4.6116741367377716e-05, 
        "fit": "average_SEM", 
        "value": 1.295578113058582e-05
    }, 
    "H1": {
        "error": 0.11181650846288352, 
        "fit": "average_SEM", 
        "value": 0.03396723279826498
    }, 
    "H2": {
        "error": 0.13808430046473585, 
        "fit": "average_SEM", 
        "value": -0.01793727628343428
    }, 
    "L1": {
        "error": 0.14353244602603313, 
        "fit": "average_SEM", 
        "value": -0.07344930310888836
    }, 
    "L2": {
        "error": 0.13745626286679577, 
        "fit": "average_SEM", 
        "value": -0.05335967827866423
    }
}