{
    "AX": {
        "error": 0.05971551814852734, 
        "fit": "average_SEM", 
        "value": -0.005294656096268429
    }, 
    "CDD": {
        "error": 3.2128562710148566e-05, 
        "fit": "average_SEM", 
        "value": 6.909749936312437e-06
    }, 
    "H1": {
        "error": 0.12195289192602864, 
        "fit": "average_SEM", 
        "value": 0.042467652147428855
    }, 
    "H2": {
        "error": 0.1348151219918039, 
        "fit": "average_SEM", 
        "value": -0.02308586919583225
    }, 
    "L1": {
        "error": 0.141540212496021, 
        "fit": "average_SEM", 
        "value": -0.06340410593483183
    }, 
    "L2": {
        "error": 0.14497912226198365, 
        "fit": "average_SEM", 
        "value": -0.04972515474493978
    }
}