{
    "AX": {
        "error": 0.056622239929800255, 
        "fit": "average_SEM", 
        "value": -0.0001425886521853196
    }, 
    "CDD": {
        "error": 4.73131093305877e-05, 
        "fit": "average_SEM", 
        "value": 1.3819499872624875e-05
    }, 
    "H1": {
        "error": 0.11557313656103735, 
        "fit": "average_SEM", 
        "value": 0.040761284440426
    }, 
    "H2": {
        "error": 0.12008770023365906, 
        "fit": "average_SEM", 
        "value": -0.03809185775648479
    }, 
    "L1": {
        "error": 0.1474038995091137, 
        "fit": "average_SEM", 
        "value": -0.06779285196939276
    }, 
    "L2": {
        "error": 0.13700476144923945, 
        "fit": "average_SEM", 
        "value": -0.048047601622399974
    }
}