{
    "AX": {
        "error": 0.05628335141796836, 
        "fit": "average_SEM", 
        "value": -0.03887877018908815
    }, 
    "CDD": {
        "error": 4.3149631137483906e-05, 
        "fit": "average_SEM", 
        "value": 1.295578113058582e-05
    }, 
    "H1": {
        "error": 0.13188142582139897, 
        "fit": "average_SEM", 
        "value": 0.006120638536716191
    }, 
    "H2": {
        "error": 0.14248354536796976, 
        "fit": "average_SEM", 
        "value": -0.12286505850885684
    }, 
    "L1": {
        "error": 0.1286589569290989, 
        "fit": "average_SEM", 
        "value": -0.08071702643064782
    }, 
    "L2": {
        "error": 0.1321748387827658, 
        "fit": "average_SEM", 
        "value": -0.11135023711443258
    }
}