{
    "AX": {
        "error": 0.06535960470370213, 
        "fit": "average_SEM", 
        "value": -0.03898138259052454
    }, 
    "CDD": {
        "error": 4.9352725541812554e-05, 
        "fit": "average_SEM", 
        "value": 1.42513592436444e-05
    }, 
    "H1": {
        "error": 0.1192890063136897, 
        "fit": "average_SEM", 
        "value": 0.010842431855174558
    }, 
    "H2": {
        "error": 0.136520897006447, 
        "fit": "average_SEM", 
        "value": -0.10160650993154073
    }, 
    "L1": {
        "error": 0.12956505373479932, 
        "fit": "average_SEM", 
        "value": -0.10990800866081069
    }, 
    "L2": {
        "error": 0.12819743258019703, 
        "fit": "average_SEM", 
        "value": -0.13190314367238898
    }
}