{
    "AX": {
        "error": 0.05685806775687768, 
        "fit": "average_SEM", 
        "value": -0.038840864051599054
    }, 
    "CDD": {
        "error": 3.402583532384326e-05, 
        "fit": "average_SEM", 
        "value": 7.773468678351491e-06
    }, 
    "H1": {
        "error": 0.14343579110205584, 
        "fit": "average_SEM", 
        "value": 0.010307996026434315
    }, 
    "H2": {
        "error": 0.12314294946990827, 
        "fit": "average_SEM", 
        "value": -0.36127488302687805
    }, 
    "L1": {
        "error": 0.12732783305322953, 
        "fit": "average_SEM", 
        "value": -0.15415535482970882
    }, 
    "L2": {
        "error": 0.15244315344298665, 
        "fit": "average_SEM", 
        "value": -0.11811388158942766
    }
}