{
    "AX": {
        "error": 0.055620816882957724, 
        "fit": "average_SEM", 
        "value": -0.0339890396828802
    }, 
    "CDD": {
        "error": 4.504953748217626e-05, 
        "fit": "average_SEM", 
        "value": 1.42513592436444e-05
    }, 
    "H1": {
        "error": 0.11250299743021006, 
        "fit": "average_SEM", 
        "value": 0.015769522593230553
    }, 
    "H2": {
        "error": 0.14944425068579933, 
        "fit": "average_SEM", 
        "value": -0.3714630893121163
    }, 
    "L1": {
        "error": 0.1290344222853374, 
        "fit": "average_SEM", 
        "value": -0.17072759772806118
    }, 
    "L2": {
        "error": 0.12999697340933958, 
        "fit": "average_SEM", 
        "value": -0.1103731818846427
    }
}