{
    "AX": {
        "error": 0.05801443499421859, 
        "fit": "average_SEM", 
        "value": -0.03141516713464322
    }, 
    "CDD": {
        "error": 9.594896584788748e-05, 
        "fit": "average_SEM", 
        "value": 2.7207141344357902e-05
    }, 
    "H1": {
        "error": 0.1290564919469531, 
        "fit": "average_SEM", 
        "value": 0.027979080010360726
    }, 
    "H2": {
        "error": 0.12824716449184045, 
        "fit": "average_SEM", 
        "value": -0.1067917506385129
    }, 
    "L1": {
        "error": 0.12903802274348103, 
        "fit": "average_SEM", 
        "value": -0.14250708242955928
    }, 
    "L2": {
        "error": 0.13555434810841047, 
        "fit": "average_SEM", 
        "value": -0.09599342623259872
    }
}