{
    "AX": {
        "error": 0.05633619197471953, 
        "fit": "average_SEM", 
        "value": -0.02685547231521923
    }, 
    "CDD": {
        "error": 5.0988983346442895e-05, 
        "fit": "average_SEM", 
        "value": 1.5546937356702982e-05
    }, 
    "H1": {
        "error": 0.12511593804744242, 
        "fit": "average_SEM", 
        "value": 0.029933785691779728
    }, 
    "H2": {
        "error": 0.1472680146171757, 
        "fit": "average_SEM", 
        "value": -0.37221974957113463
    }, 
    "L1": {
        "error": 0.13375917592016767, 
        "fit": "average_SEM", 
        "value": -0.16087302280454122
    }, 
    "L2": {
        "error": 0.14132703494450458, 
        "fit": "average_SEM", 
        "value": -0.11195512103295187
    }
}