{
    "AX": {
        "error": 0.05654870597096109, 
        "fit": "average_SEM", 
        "value": -0.01559223352802898
    }, 
    "CDD": {
        "error": 3.119713176935617e-05, 
        "fit": "average_SEM", 
        "value": 6.47789056529291e-06
    }, 
    "H1": {
        "error": 0.11921801268691175, 
        "fit": "average_SEM", 
        "value": -0.052490140369627625
    }, 
    "H2": {
        "error": 0.12208651035746759, 
        "fit": "average_SEM", 
        "value": 0.24944489285505067
    }, 
    "L1": {
        "error": 0.1509417511979222, 
        "fit": "average_SEM", 
        "value": -0.0636640857361878
    }, 
    "L2": {
        "error": 0.12204511874647363, 
        "fit": "average_SEM", 
        "value": -0.016454784885960787
    }
}