{
    "AX": {
        "error": 0.06119722704917127, 
        "fit": "average_SEM", 
        "value": -0.05289898787935575
    }, 
    "CDD": {
        "error": 3.119713176935617e-05, 
        "fit": "average_SEM", 
        "value": 6.47789056529291e-06
    }, 
    "H1": {
        "error": 0.1239495198537559, 
        "fit": "average_SEM", 
        "value": 0.03212796484343319
    }, 
    "H2": {
        "error": 0.13215163984883357, 
        "fit": "average_SEM", 
        "value": -0.36198336839055023
    }, 
    "L1": {
        "error": 0.14762234840199678, 
        "fit": "average_SEM", 
        "value": -0.060140676118074526
    }, 
    "L2": {
        "error": 0.1409930798072073, 
        "fit": "average_SEM", 
        "value": 0.032858479422187274
    }
}