{
    "CDD": {
        "error": 1.6342070495721708e-05, 
        "fit": "average_SEM", 
        "value": 1.7274374840781093e-06
    }, 
    "H1": {
        "error": 0.1303138138222954, 
        "fit": "average_SEM", 
        "value": 0.038171891178677066
    }, 
    "H2": {
        "error": 0.13163593009339938, 
        "fit": "average_SEM", 
        "value": 0.2423724588834577
    }, 
    "L1": {
        "error": 0.14141073831663434, 
        "fit": "average_SEM", 
        "value": -0.043138647314885425
    }, 
    "L2": {
        "error": 0.1304228485205717, 
        "fit": "average_SEM", 
        "value": -0.05548575083828634
    }
}