{
    "AX": {
        "error": 0.0583275602389769, 
        "fit": "average_SEM", 
        "value": -0.00209496734393421
    }, 
    "CDD": {
        "error": 3.402583532384326e-05, 
        "fit": "average_SEM", 
        "value": 7.773468678351491e-06
    }, 
    "H1": {
        "error": 0.12347629748214953, 
        "fit": "average_SEM", 
        "value": -0.020414637382297467
    }, 
    "H2": {
        "error": 0.1652685298815791, 
        "fit": "average_SEM", 
        "value": -0.0025524278287775816
    }, 
    "L1": {
        "error": 0.13207074096981458, 
        "fit": "average_SEM", 
        "value": -0.019023452868471697
    }, 
    "L2": {
        "error": 0.12373031183672704, 
        "fit": "average_SEM", 
        "value": 0.04622416774897526
    }
}