{
    "CDD": {
        "error": 3.8889050929552405e-05, 
        "fit": "average_SEM", 
        "value": 1.0364624904468655e-05
    }, 
    "H1": {
        "error": 0.10839866334923805, 
        "fit": "average_SEM", 
        "value": 0.07315988038058599
    }, 
    "H2": {
        "error": 0.13320557664996857, 
        "fit": "average_SEM", 
        "value": -0.010833200452745788
    }, 
    "L1": {
        "error": 0.1545617778489821, 
        "fit": "average_SEM", 
        "value": -0.057136106992968255
    }, 
    "L2": {
        "error": 0.12377793611347701, 
        "fit": "average_SEM", 
        "value": -0.03829265238924159
    }
}