{
    "CDD": {
        "error": 1.6342070495721704e-05, 
        "fit": "average_SEM", 
        "value": 1.7274374840781093e-06
    }, 
    "H1": {
        "error": 0.12466521683450406, 
        "fit": "average_SEM", 
        "value": 0.03168045507433514
    }, 
    "H2": {
        "error": 0.13220955658360672, 
        "fit": "average_SEM", 
        "value": -0.00612646694191628
    }, 
    "L1": {
        "error": 0.155761633850014, 
        "fit": "average_SEM", 
        "value": -0.05853646615934041
    }, 
    "L2": {
        "error": 0.13472402105866751, 
        "fit": "average_SEM", 
        "value": -0.044640754592708415
    }
}