{
    "AX": {
        "error": 0.0571226790782766, 
        "fit": "average_SEM", 
        "value": -0.0037146930704390494
    }, 
    "CDD": {
        "error": 3.894347929898622e-05, 
        "fit": "average_SEM", 
        "value": 1.0364624904468655e-05
    }, 
    "H1": {
        "error": 0.13151254214798255, 
        "fit": "average_SEM", 
        "value": 0.014824360176377619
    }, 
    "H2": {
        "error": 0.11431981188521734, 
        "fit": "average_SEM", 
        "value": 0.21261194817877063
    }, 
    "L1": {
        "error": 0.16241206624796917, 
        "fit": "average_SEM", 
        "value": -0.06177170627069396
    }, 
    "L2": {
        "error": 0.1403320846074365, 
        "fit": "average_SEM", 
        "value": -0.056869048809555046
    }
}