{
    "AX": {
        "error": 0.004383665197029276, 
        "fit": "average", 
        "value": -0.05181490631341085
    }, 
    "CDD": {
        "error": 2.2250700094920796e-06, 
        "fit": "average", 
        "value": 3.8867343391757455e-06
    }, 
    "H1": {
        "error": 0.011164708479624539, 
        "fit": "average", 
        "value": 0.0387843756536062
    }, 
    "H2": {
        "error": 0.011995194794404859, 
        "fit": "average", 
        "value": -0.03357254644748714
    }, 
    "L1": {
        "error": 0.01125962953306767, 
        "fit": "average", 
        "value": -0.09599620192919088
    }, 
    "L2": {
        "error": 0.010805487633774816, 
        "fit": "average", 
        "value": 0.015829210024157478
    }
}