{
    "AX": {
        "error": 0.05566951982004847, 
        "fit": "average_SEM", 
        "value": -0.006169033742965743
    }, 
    "CDD": {
        "error": 1.9986499931954458e-05, 
        "fit": "average_SEM", 
        "value": 2.591156226117164e-06
    }, 
    "H1": {
        "error": 0.12660502483693228, 
        "fit": "average_SEM", 
        "value": 0.022448400710709394
    }, 
    "H2": {
        "error": 0.13056339148291304, 
        "fit": "average_SEM", 
        "value": 0.22148987444040055
    }, 
    "L1": {
        "error": 0.1500220935963786, 
        "fit": "average_SEM", 
        "value": -0.07762070240908846
    }, 
    "L2": {
        "error": 0.13635550277904443, 
        "fit": "average_SEM", 
        "value": -0.0621710697947492
    }
}