{
    "AX": {
        "error": 0.06125307791179218, 
        "fit": "average_SEM", 
        "value": -0.06005880995944608
    }, 
    "CDD": {
        "error": 2.802462017628634e-05, 
        "fit": "average_SEM", 
        "value": 5.182312452234328e-06
    }, 
    "H1": {
        "error": 0.12486652289228065, 
        "fit": "average_SEM", 
        "value": 0.030148914194918084
    }, 
    "H2": {
        "error": 0.13452964164405878, 
        "fit": "average_SEM", 
        "value": -0.37386240465566517
    }, 
    "L1": {
        "error": 0.15836166167757693, 
        "fit": "average_SEM", 
        "value": -0.07188751476351171
    }, 
    "L2": {
        "error": 0.14564499315076151, 
        "fit": "average_SEM", 
        "value": 0.025935859056577706
    }
}