{
    "AX": {
        "error": 0.06306361092759068, 
        "fit": "average_SEM", 
        "value": -0.027803274363153226
    }, 
    "CDD": {
        "error": 3.119713176935617e-05, 
        "fit": "average_SEM", 
        "value": 6.47789056529291e-06
    }, 
    "H1": {
        "error": 0.12417513794150432, 
        "fit": "average_SEM", 
        "value": 0.008533915092508929
    }, 
    "H2": {
        "error": 0.1423662843483578, 
        "fit": "average_SEM", 
        "value": -0.11057408697670326
    }, 
    "L1": {
        "error": 0.1485680454740087, 
        "fit": "average_SEM", 
        "value": -0.06201668401481584
    }, 
    "L2": {
        "error": 0.1405330724190901, 
        "fit": "average_SEM", 
        "value": 0.009824141955080752
    }
}