{
    "AX": {
        "error": 0.06803329166754207, 
        "fit": "average_SEM", 
        "value": -0.004762116795397257
    }, 
    "CDD": {
        "error": 4.76247977250129e-05, 
        "fit": "average_SEM", 
        "value": 1.295578113058582e-05
    }, 
    "H1": {
        "error": 0.14222907369054016, 
        "fit": "average_SEM", 
        "value": 0.06392793486787317
    }, 
    "H2": {
        "error": 0.12566409182345195, 
        "fit": "average_SEM", 
        "value": 0.2506767171512668
    }, 
    "L1": {
        "error": 0.15055065885775776, 
        "fit": "average_SEM", 
        "value": -0.046643003625407194
    }, 
    "L2": {
        "error": 0.12794304213036334, 
        "fit": "average_SEM", 
        "value": 0.005359105089458656
    }
}