{
    "AX": {
        "error": 0.06061600969643244, 
        "fit": "average_SEM", 
        "value": -0.011470140783543078
    }, 
    "CDD": {
        "error": 3.402583532384326e-05, 
        "fit": "average_SEM", 
        "value": 7.773468678351491e-06
    }, 
    "H1": {
        "error": 0.13142920286330328, 
        "fit": "average_SEM", 
        "value": -0.009307630881933922
    }, 
    "H2": {
        "error": 0.13688327617320037, 
        "fit": "average_SEM", 
        "value": -0.008056980261123196
    }, 
    "L1": {
        "error": 0.14845739928228732, 
        "fit": "average_SEM", 
        "value": -0.04724586270410024
    }, 
    "L2": {
        "error": 0.12581140646256594, 
        "fit": "average_SEM", 
        "value": 0.04265093618990553
    }
}