{
    "CDD": {
        "error": 3.8889050929552405e-05, 
        "fit": "average_SEM", 
        "value": 1.0364624904468655e-05
    }, 
    "H1": {
        "error": 0.12777422476942626, 
        "fit": "average_SEM", 
        "value": 0.030818236699431307
    }, 
    "H2": {
        "error": 0.11620864421545626, 
        "fit": "average_SEM", 
        "value": 0.2540787522163656
    }, 
    "L1": {
        "error": 0.16438954991912783, 
        "fit": "average_SEM", 
        "value": -0.06624511187029485
    }, 
    "L2": {
        "error": 0.14191535056036622, 
        "fit": "average_SEM", 
        "value": -0.03363660387824186
    }
}