{
    "AX": {
        "error": 0.05809258778000404, 
        "fit": "average_SEM", 
        "value": -0.03512163151608547
    }, 
    "CDD": {
        "error": 5.401935268053803e-05, 
        "fit": "average_SEM", 
        "value": 1.8138093582820148e-05
    }, 
    "H1": {
        "error": 0.12101112484201595, 
        "fit": "average_SEM", 
        "value": 0.016705940580868626
    }, 
    "H2": {
        "error": 0.1338136760190855, 
        "fit": "average_SEM", 
        "value": -0.36066956372621156
    }, 
    "L1": {
        "error": 0.14443378954406783, 
        "fit": "average_SEM", 
        "value": -0.0849848435279758
    }, 
    "L2": {
        "error": 0.1366609967946041, 
        "fit": "average_SEM", 
        "value": 0.06000368178162414
    }
}