{
    "AX": {
        "error": 0.05742696028996185, 
        "fit": "average_SEM", 
        "value": -0.040044850130410245
    }, 
    "CDD": {
        "error": 4.1120983104555126e-05, 
        "fit": "average_SEM", 
        "value": 1.1660203017527238e-05
    }, 
    "H1": {
        "error": 0.12750226843738957, 
        "fit": "average_SEM", 
        "value": 0.008262657469216114
    }, 
    "H2": {
        "error": 0.14525532955309942, 
        "fit": "average_SEM", 
        "value": -0.3575737900896153
    }, 
    "L1": {
        "error": 0.11915859900543443, 
        "fit": "average_SEM", 
        "value": -0.07203898718386578
    }, 
    "L2": {
        "error": 0.13308866275424278, 
        "fit": "average_SEM", 
        "value": 0.015843739122707725
    }
}