{
    "AX": {
        "error": 0.049399038262891194, 
        "fit": "average_SEM", 
        "value": -0.06002522192829929
    }, 
    "CDD": {
        "error": 2.802462017628634e-05, 
        "fit": "average_SEM", 
        "value": 5.182312452234328e-06
    }, 
    "H1": {
        "error": 0.1346860536302871, 
        "fit": "average_SEM", 
        "value": 0.030980216106399894
    }, 
    "H2": {
        "error": 0.13091149778919753, 
        "fit": "average_SEM", 
        "value": -0.35982143357396124
    }, 
    "L1": {
        "error": 0.13546774148375565, 
        "fit": "average_SEM", 
        "value": -0.07270368015548835
    }, 
    "L2": {
        "error": 0.1302298548916941, 
        "fit": "average_SEM", 
        "value": 0.02161065046626997
    }
}