{
    "AX": {
        "error": 0.06110612845779556, 
        "fit": "average_SEM", 
        "value": -0.054086409774269366
    }, 
    "CDD": {
        "error": 3.954729017938869e-05, 
        "fit": "average_SEM", 
        "value": 7.773468678351491e-06
    }, 
    "H1": {
        "error": 0.12121519403013736, 
        "fit": "average_SEM", 
        "value": 0.03874391177475142
    }, 
    "H2": {
        "error": 0.13984537715639783, 
        "fit": "average_SEM", 
        "value": -0.3617521817485491
    }, 
    "L1": {
        "error": 0.1520688259343538, 
        "fit": "average_SEM", 
        "value": -0.06011271906512169
    }, 
    "L2": {
        "error": 0.14324793758434173, 
        "fit": "average_SEM", 
        "value": 0.04656800481413181
    }
}