{
    "AX": {
        "error": 0.059335042150795006, 
        "fit": "average_SEM", 
        "value": -0.06254503139692437
    }, 
    "CDD": {
        "error": 4.5049537482176254e-05, 
        "fit": "average_SEM", 
        "value": 1.42513592436444e-05
    }, 
    "H1": {
        "error": 0.12694609706465237, 
        "fit": "average_SEM", 
        "value": 0.03025859897461487
    }, 
    "H2": {
        "error": 0.1314402978614221, 
        "fit": "average_SEM", 
        "value": -0.3630494977037112
    }, 
    "L1": {
        "error": 0.16577196372723194, 
        "fit": "average_SEM", 
        "value": -0.059970576254030065
    }, 
    "L2": {
        "error": 0.13549942695600128, 
        "fit": "average_SEM", 
        "value": 0.0610702570983752
    }
}