{
    "CDD": {
        "error": 3.88890509295524e-05, 
        "fit": "average_SEM", 
        "value": 1.0364624904468655e-05
    }, 
    "H1": {
        "error": 0.1383443841371204, 
        "fit": "average_SEM", 
        "value": 0.02373570932670393
    }, 
    "H2": {
        "error": 0.13230987712732806, 
        "fit": "average_SEM", 
        "value": -0.029856429419790706
    }, 
    "L1": {
        "error": 0.1365346272607389, 
        "fit": "average_SEM", 
        "value": -0.07879632642596132
    }, 
    "L2": {
        "error": 0.13235425696758346, 
        "fit": "average_SEM", 
        "value": -0.04502806943265669
    }
}