{
    "AX": {
        "error": 0.004526692851519029, 
        "fit": "average", 
        "value": -0.06200752682588269
    }, 
    "CDD": {
        "error": 3.106119590804175e-06, 
        "fit": "average", 
        "value": 7.773468678351491e-06
    }, 
    "H1": {
        "error": 0.010611432905215849, 
        "fit": "average", 
        "value": 0.009737336113792449
    }, 
    "H2": {
        "error": 0.01085333379150883, 
        "fit": "average", 
        "value": -0.052611706694504164
    }, 
    "L1": {
        "error": 0.011654105530331787, 
        "fit": "average", 
        "value": -0.09730993081873233
    }, 
    "L2": {
        "error": 0.010121372431580665, 
        "fit": "average", 
        "value": -0.01683200754063285
    }
}