{
    "AX": {
        "error": 0.055221920705259143, 
        "fit": "average_SEM", 
        "value": -0.0148444976488463
    }, 
    "CDD": {
        "error": 3.894347929898622e-05, 
        "fit": "average_SEM", 
        "value": 1.0364624904468655e-05
    }, 
    "H1": {
        "error": 0.1280011745985171, 
        "fit": "average_SEM", 
        "value": -0.02476402634832387
    }, 
    "H2": {
        "error": 0.13549448890322732, 
        "fit": "average_SEM", 
        "value": 0.015554136824721353
    }, 
    "L1": {
        "error": 0.13077697792120635, 
        "fit": "average_SEM", 
        "value": -0.06165561620146036
    }, 
    "L2": {
        "error": 0.1495477597493172, 
        "fit": "average_SEM", 
        "value": 0.03539227116950012
    }
}