{
    "AX": {
        "error": 0.0511408943577057, 
        "fit": "average_SEM", 
        "value": -0.015975180200378723
    }, 
    "CDD": {
        "error": 3.659055414416811e-05, 
        "fit": "average_SEM", 
        "value": 9.069046791410074e-06
    }, 
    "H1": {
        "error": 0.1277056634649544, 
        "fit": "average_SEM", 
        "value": -0.03528434440183143
    }, 
    "H2": {
        "error": 0.12597346181251223, 
        "fit": "average_SEM", 
        "value": 0.006423354882281273
    }, 
    "L1": {
        "error": 0.11835666189585993, 
        "fit": "average_SEM", 
        "value": -0.03778407496817333
    }, 
    "L2": {
        "error": 0.14835519399993197, 
        "fit": "average_SEM", 
        "value": 0.01074338467490937
    }
}