{
    "AX": {
        "error": 2.298097287800298e-05, 
        "fit": "average_SEM", 
        "value": 3.4548749681562187e-06
    }, 
    "CDD": {
        "error": 2.298097287800298e-05, 
        "fit": "average_SEM", 
        "value": 3.4548749681562187e-06
    }, 
    "H1": {
        "error": 0.12852470668268165, 
        "fit": "average_SEM", 
        "value": 0.03562190923193056
    }, 
    "H2": {
        "error": 0.13333943049425404, 
        "fit": "average_SEM", 
        "value": -0.012732513642145529
    }, 
    "L1": {
        "error": 0.14654811714702196, 
        "fit": "average_SEM", 
        "value": -0.07170218258268303
    }, 
    "L2": {
        "error": 0.13085169326109392, 
        "fit": "average_SEM", 
        "value": -0.04601287793161141
    }
}