{
    "AX": {
        "error": 0.04963484573119531, 
        "fit": "average_SEM", 
        "value": -0.011140505405395136
    }, 
    "CDD": {
        "error": 3.659055414416811e-05, 
        "fit": "average_SEM", 
        "value": 9.069046791410074e-06
    }, 
    "H1": {
        "error": 0.12867525768739965, 
        "fit": "average_SEM", 
        "value": -0.014134203587013871
    }, 
    "H2": {
        "error": 0.1657066415827891, 
        "fit": "average_SEM", 
        "value": -0.006093081364330525
    }, 
    "L1": {
        "error": 0.12150698764868835, 
        "fit": "average_SEM", 
        "value": -0.03334375148988329
    }, 
    "L2": {
        "error": 0.1329255838044717, 
        "fit": "average_SEM", 
        "value": 0.04289182875460635
    }
}