{
    "AX": {
        "error": 0.06083469412441908, 
        "fit": "average_SEM", 
        "value": -0.03739278081411612
    }, 
    "CDD": {
        "error": 3.119713176935617e-05, 
        "fit": "average_SEM", 
        "value": 6.47789056529291e-06
    }, 
    "H1": {
        "error": 0.12381410402633884, 
        "fit": "average_SEM", 
        "value": 0.027812318564004575
    }, 
    "H2": {
        "error": 0.13491899614760305, 
        "fit": "average_SEM", 
        "value": -0.3570947222256412
    }, 
    "L1": {
        "error": 0.12612330028943633, 
        "fit": "average_SEM", 
        "value": -0.15232503895725433
    }, 
    "L2": {
        "error": 0.1314771825463484, 
        "fit": "average_SEM", 
        "value": -0.10790146712921948
    }
}