{
    "CDD": {
        "error": 3.119713176935617e-05, 
        "fit": "average_SEM", 
        "value": 6.47789056529291e-06
    }, 
    "H1": {
        "error": 0.12441354577395149, 
        "fit": "average_SEM", 
        "value": -0.004152140793545793
    }, 
    "H2": {
        "error": 0.1381597722250882, 
        "fit": "average_SEM", 
        "value": -0.14615741347855268
    }, 
    "L1": {
        "error": 0.1169474491081216, 
        "fit": "average_SEM", 
        "value": -0.18173846432473512
    }, 
    "L2": {
        "error": 0.13133954393993794, 
        "fit": "average_SEM", 
        "value": -0.12858112665756682
    }
}