{
    "AX": {
        "error": 0.05985735179408356, 
        "fit": "average_SEM", 
        "value": -0.037039856451641144
    }, 
    "CDD": {
        "error": 4.385003159586138e-05, 
        "fit": "average_SEM", 
        "value": 1.0364624904468655e-05
    }, 
    "H1": {
        "error": 0.1527433568080766, 
        "fit": "average_SEM", 
        "value": 0.015079029758150378
    }, 
    "H2": {
        "error": 0.13608853368638632, 
        "fit": "average_SEM", 
        "value": -0.36319087209800877
    }, 
    "L1": {
        "error": 0.13017453390737282, 
        "fit": "average_SEM", 
        "value": -0.07506588906981052
    }, 
    "L2": {
        "error": 0.1348287309370412, 
        "fit": "average_SEM", 
        "value": 0.03452643234243927
    }
}