{
    "AX": {
        "error": 0.05583084752252486, 
        "fit": "average_SEM", 
        "value": -0.037620259724523444
    }, 
    "CDD": {
        "error": 5.4827977472740175e-05, 
        "fit": "average_SEM", 
        "value": 1.5546937356702982e-05
    }, 
    "H1": {
        "error": 0.1270761410835428, 
        "fit": "average_SEM", 
        "value": 0.013395210524322465
    }, 
    "H2": {
        "error": 0.10851675817428973, 
        "fit": "average_SEM", 
        "value": -0.11501004565701199
    }, 
    "L1": {
        "error": 0.15152493424778257, 
        "fit": "average_SEM", 
        "value": -0.09017944178970841
    }, 
    "L2": {
        "error": 0.13822245449211143, 
        "fit": "average_SEM", 
        "value": -0.13434359261300416
    }
}