{
    "AX": {
        "error": 0.054402258634970765, 
        "fit": "average_SEM", 
        "value": -0.0493578299770661
    }, 
    "CDD": {
        "error": 3.659055414416811e-05, 
        "fit": "average_SEM", 
        "value": 9.069046791410074e-06
    }, 
    "H1": {
        "error": 0.10743474039997149, 
        "fit": "average_SEM", 
        "value": 0.021127409383674
    }, 
    "H2": {
        "error": 0.14613212468523865, 
        "fit": "average_SEM", 
        "value": -0.08451052542122853
    }, 
    "L1": {
        "error": 0.13887014014585394, 
        "fit": "average_SEM", 
        "value": -0.07516692314626804
    }, 
    "L2": {
        "error": 0.14600741514475432, 
        "fit": "average_SEM", 
        "value": 0.012933641324343626
    }
}