{
    "AX": {
        "error": 0.059944160189764305, 
        "fit": "average_SEM", 
        "value": -0.0461353782443742
    }, 
    "CDD": {
        "error": 4.112098310455513e-05, 
        "fit": "average_SEM", 
        "value": 1.1660203017527238e-05
    }, 
    "H1": {
        "error": 0.1376992466853741, 
        "fit": "average_SEM", 
        "value": 0.0183380801921885
    }, 
    "H2": {
        "error": 0.1385245411048463, 
        "fit": "average_SEM", 
        "value": -0.361171288198481
    }, 
    "L1": {
        "error": 0.15300054807875688, 
        "fit": "average_SEM", 
        "value": -0.08827829611351869
    }, 
    "L2": {
        "error": 0.14460109263404816, 
        "fit": "average_SEM", 
        "value": 0.041432597767561676
    }
}