{
    "AX": {
        "error": 0.05838669306012416, 
        "fit": "average_SEM", 
        "value": -0.04596491113576728
    }, 
    "CDD": {
        "error": 4.385003159586138e-05, 
        "fit": "average_SEM", 
        "value": 1.0364624904468655e-05
    }, 
    "H1": {
        "error": 0.121876406707798, 
        "fit": "average_SEM", 
        "value": 0.022023765727256735
    }, 
    "H2": {
        "error": 0.13547019639873198, 
        "fit": "average_SEM", 
        "value": -0.3537574004381895
    }, 
    "L1": {
        "error": 0.1371178881945098, 
        "fit": "average_SEM", 
        "value": -0.07439017258396537
    }, 
    "L2": {
        "error": 0.13263203748574645, 
        "fit": "average_SEM", 
        "value": 0.022321736554537588
    }
}