{
    "AX": {
        "error": 0.058621375872572025, 
        "fit": "average_SEM", 
        "value": -0.05263857630488929
    }, 
    "CDD": {
        "error": 1.9986499931954458e-05, 
        "fit": "average_SEM", 
        "value": 2.591156226117164e-06
    }, 
    "H1": {
        "error": 0.1311478283608152, 
        "fit": "average_SEM", 
        "value": 0.008958757852330261
    }, 
    "H2": {
        "error": 0.13375869650485822, 
        "fit": "average_SEM", 
        "value": -0.3675527632857362
    }, 
    "L1": {
        "error": 0.13987842626701705, 
        "fit": "average_SEM", 
        "value": -0.08543957713215301
    }, 
    "L2": {
        "error": 0.1351330271645977, 
        "fit": "average_SEM", 
        "value": 0.029367348664284993
    }
}