{
    "AX": {
        "error": 0.059697085196132656, 
        "fit": "average_SEM", 
        "value": -0.047134523125714624
    }, 
    "CDD": {
        "error": 4.3149631137483906e-05, 
        "fit": "average_SEM", 
        "value": 1.295578113058582e-05
    }, 
    "H1": {
        "error": 0.13743061545572413, 
        "fit": "average_SEM", 
        "value": 0.04638546825153753
    }, 
    "H2": {
        "error": 0.12711519434558463, 
        "fit": "average_SEM", 
        "value": -0.34191166907548903
    }, 
    "L1": {
        "error": 0.15915928696428813, 
        "fit": "average_SEM", 
        "value": -0.07530031077670477
    }, 
    "L2": {
        "error": 0.1385408613775527, 
        "fit": "average_SEM", 
        "value": 0.031185281358193605
    }
}