{
    "AX": {
        "error": 0.055505652370258514, 
        "fit": "average_SEM", 
        "value": -0.019038805117482602
    }, 
    "CDD": {
        "error": 3.119713176935617e-05, 
        "fit": "average_SEM", 
        "value": 6.47789056529291e-06
    }, 
    "H1": {
        "error": 0.11101212243456468, 
        "fit": "average_SEM", 
        "value": -0.04519441095762886
    }, 
    "H2": {
        "error": 0.11931681961966344, 
        "fit": "average_SEM", 
        "value": 0.2306070750540433
    }, 
    "L1": {
        "error": 0.1411227070539756, 
        "fit": "average_SEM", 
        "value": -0.05511563909094548
    }, 
    "L2": {
        "error": 0.13485866977779984, 
        "fit": "average_SEM", 
        "value": -0.0016072035126853735
    }
}