{
    "AX": {
        "error": 0.06002995202736173, 
        "fit": "average_SEM", 
        "value": -0.01105768554552924
    }, 
    "CDD": {
        "error": 3.659055414416811e-05, 
        "fit": "average_SEM", 
        "value": 9.069046791410074e-06
    }, 
    "H1": {
        "error": 0.12769081621877368, 
        "fit": "average_SEM", 
        "value": 0.010887235613093555
    }, 
    "H2": {
        "error": 0.17072847102217806, 
        "fit": "average_SEM", 
        "value": -0.007736792831065031
    }, 
    "L1": {
        "error": 0.13005216020068464, 
        "fit": "average_SEM", 
        "value": -0.028252335984628493
    }, 
    "L2": {
        "error": 0.1271186213193369, 
        "fit": "average_SEM", 
        "value": 0.046002002189440346
    }
}