{
    "AX": {
        "error": 0.051504268953608254, 
        "fit": "average_SEM", 
        "value": -0.002305948597677343
    }, 
    "CDD": {
        "error": 3.2128562710148566e-05, 
        "fit": "average_SEM", 
        "value": 6.909749936312437e-06
    }, 
    "H1": {
        "error": 0.13012900145329515, 
        "fit": "average_SEM", 
        "value": 0.02972492640611664
    }, 
    "H2": {
        "error": 0.13676191492678388, 
        "fit": "average_SEM", 
        "value": -0.029043705457459306
    }, 
    "L1": {
        "error": 0.13421816746825466, 
        "fit": "average_SEM", 
        "value": -0.06558403690578415
    }, 
    "L2": {
        "error": 0.1332270165711693, 
        "fit": "average_SEM", 
        "value": -0.04234755021534511
    }
}