{
    "AX": {
        "error": 0.05246557486918465, 
        "fit": "average_SEM", 
        "value": -0.007311981170156893
    }, 
    "CDD": {
        "error": 3.2128562710148566e-05, 
        "fit": "average_SEM", 
        "value": 6.909749936312437e-06
    }, 
    "H1": {
        "error": 0.11550516573810984, 
        "fit": "average_SEM", 
        "value": 0.0339725164981145
    }, 
    "H2": {
        "error": 0.12550882875893832, 
        "fit": "average_SEM", 
        "value": -0.01316717671612019
    }, 
    "L1": {
        "error": 0.13611749132171924, 
        "fit": "average_SEM", 
        "value": -0.08031597364072998
    }, 
    "L2": {
        "error": 0.14348160526138973, 
        "fit": "average_SEM", 
        "value": -0.03300179353552974
    }
}