{
    "Ar36": {
        "error": 0.0024570559453784839, 
        "fit": "linear", 
        "value": 0.036807010583728691
    }, 
    "Ar37": {
        "error": 0.14472860434890489, 
        "fit": "linear", 
        "value": 0.016197208052807364
    }, 
    "Ar38": {
        "error": 0.19640932146832366, 
        "fit": "linear", 
        "value": 0.33045537033258043
    }, 
    "Ar39": {
        "error": 0.083866386356268405, 
        "fit": "linear", 
        "value": 36.609388357050179
    }, 
    "Ar40": {
        "error": 0.7354594466989024, 
        "fit": "linear", 
        "value": 2251.1766819403533
    }, 
    "Ar41": {
        "error": 0.1339316961889736, 
        "fit": "average_SEM", 
        "value": -0.31780845832286608
    }
}