{
    "Ar36": {
        "error": 0.0052111421189722593, 
        "fit": "linear", 
        "value": 0.15396693943039841
    }, 
    "Ar37": {
        "error": 0.13145033149598212, 
        "fit": "linear", 
        "value": 0.10067306738398193
    }, 
    "Ar38": {
        "error": 0.19976421421904417, 
        "fit": "linear", 
        "value": 0.36827785725514384
    }, 
    "Ar39": {
        "error": 0.080859792208768627, 
        "fit": "linear", 
        "value": 40.254970752432712
    }, 
    "Ar40": {
        "error": 0.63324432579623502, 
        "fit": "linear", 
        "value": 2513.208686241986
    }, 
    "Ar41": {
        "error": 0.12812822790227513, 
        "fit": "average_SEM", 
        "value": -0.30136717476675079
    }
}