{
    "Ar36": {
        "error": 0.0040576123064933719, 
        "fit": "linear", 
        "value": 0.10330602859885218
    }, 
    "Ar37": {
        "error": 0.12580932784768792, 
        "fit": "linear", 
        "value": -0.0094265670101174679
    }, 
    "Ar38": {
        "error": 0.1783442188010444, 
        "fit": "linear", 
        "value": 0.23143026127533844
    }, 
    "Ar39": {
        "error": 0.077553247353876795, 
        "fit": "linear", 
        "value": 34.249305123986957
    }, 
    "Ar40": {
        "error": 0.65855319671463508, 
        "fit": "linear", 
        "value": 2130.8080431488029
    }, 
    "Ar41": {
        "error": 0.13840558886469084, 
        "fit": "average_SEM", 
        "value": -0.32362082548853421
    }
}