{
    "Ar36": {
        "error": 0.0020467412739744021, 
        "fit": "linear", 
        "value": 0.023427884623743109
    }, 
    "Ar37": {
        "error": 0.13237736342760828, 
        "fit": "linear", 
        "value": -0.048584245698909914
    }, 
    "Ar38": {
        "error": 0.1751680609746735, 
        "fit": "linear", 
        "value": 0.11526784164581255
    }, 
    "Ar39": {
        "error": 0.076510457838107712, 
        "fit": "linear", 
        "value": 18.328760281901907
    }, 
    "Ar40": {
        "error": 0.45257321152340674, 
        "fit": "linear", 
        "value": 1131.9151659968391
    }, 
    "Ar41": {
        "error": 0.13500903401748224, 
        "fit": "average_SEM", 
        "value": -0.34309469615109267
    }
}