{
    "Ar36": {
        "error": 0.0024254272606090642, 
        "fit": "linear", 
        "value": 0.033978160347636885
    }, 
    "Ar37": {
        "error": 0.15056564188395566, 
        "fit": "linear", 
        "value": 0.029216049931148784
    }, 
    "Ar38": {
        "error": 0.18657320127416885, 
        "fit": "linear", 
        "value": 0.3243790813034565
    }, 
    "Ar39": {
        "error": 0.084081698564444113, 
        "fit": "linear", 
        "value": 41.096535134348571
    }, 
    "Ar40": {
        "error": 0.69681875935261617, 
        "fit": "linear", 
        "value": 2528.5497107754709
    }, 
    "Ar41": {
        "error": 0.13257927415290205, 
        "fit": "average_SEM", 
        "value": -0.29818313844088051
    }
}