{
    "Ar36": {
        "error": 0.0023677645978874818, 
        "fit": "linear", 
        "value": 0.029531084580634699
    }, 
    "Ar37": {
        "error": 0.14111166500008179, 
        "fit": "linear", 
        "value": -0.044005500143911358
    }, 
    "Ar38": {
        "error": 0.1489895524114189, 
        "fit": "linear", 
        "value": 0.061957629308722811
    }, 
    "Ar39": {
        "error": 0.063110501137960101, 
        "fit": "linear", 
        "value": 18.71639160661632
    }, 
    "Ar40": {
        "error": 0.45441155964497665, 
        "fit": "linear", 
        "value": 1156.1031323689463
    }, 
    "Ar41": {
        "error": 0.13245537603596264, 
        "fit": "average_SEM", 
        "value": -0.34043583466360966
    }
}