{
    "Ar36": {
        "error": 0.0023592718238762615, 
        "fit": "linear", 
        "value": 0.03782575521885452
    }, 
    "Ar37": {
        "error": 0.14523499871165346, 
        "fit": "linear", 
        "value": -0.011171389719359839
    }, 
    "Ar38": {
        "error": 0.17359871841410593, 
        "fit": "linear", 
        "value": 0.16608232916868881
    }, 
    "Ar39": {
        "error": 0.075984595943871358, 
        "fit": "linear", 
        "value": 26.595441044989329
    }, 
    "Ar40": {
        "error": 0.55074984731295173, 
        "fit": "linear", 
        "value": 1643.4949312704416
    }, 
    "Ar41": {
        "error": 0.13915912232975267, 
        "fit": "average_SEM", 
        "value": -0.32333768490805392
    }
}