{
    "Ar36": {
        "error": 0.002001855285196552, 
        "fit": "linear", 
        "value": 0.021839099140071944
    }, 
    "Ar37": {
        "error": 0.13200440262098567, 
        "fit": "linear", 
        "value": 0.049866009468090347
    }, 
    "Ar38": {
        "error": 0.18343207238661388, 
        "fit": "linear", 
        "value": 0.24832825797197966
    }, 
    "Ar39": {
        "error": 0.074789877918214356, 
        "fit": "linear", 
        "value": 35.435645327538026
    }, 
    "Ar40": {
        "error": 0.67157306465569766, 
        "fit": "linear", 
        "value": 2182.2528784254737
    }, 
    "Ar41": {
        "error": 0.13946343460245941, 
        "fit": "average_SEM", 
        "value": -0.29887253023270105
    }
}