{
    "Ar36": {
        "error": 0.0023494845914605457, 
        "fit": "linear", 
        "value": 0.032831370336198408
    }, 
    "Ar37": {
        "error": 0.13798126972936456, 
        "fit": "linear", 
        "value": 0.029282170425531651
    }, 
    "Ar38": {
        "error": 0.17040360914651279, 
        "fit": "linear", 
        "value": 0.12540245250130197
    }, 
    "Ar39": {
        "error": 0.071485720727233623, 
        "fit": "linear", 
        "value": 26.892772668902541
    }, 
    "Ar40": {
        "error": 0.47515781231800613, 
        "fit": "linear", 
        "value": 1660.720930009094
    }, 
    "Ar41": {
        "error": 0.12928634232670136, 
        "fit": "average_SEM", 
        "value": -0.32710114425669112
    }
}