{
    "Ar36": {
        "error": 0.0024620681292555017, 
        "fit": "linear", 
        "value": 0.029186503152426123
    }, 
    "Ar37": {
        "error": 0.1311251122301203, 
        "fit": "linear", 
        "value": 0.036086066037324345
    }, 
    "Ar38": {
        "error": 0.17602608811460699, 
        "fit": "linear", 
        "value": 0.31726030500227975
    }, 
    "Ar39": {
        "error": 0.076514158150851955, 
        "fit": "linear", 
        "value": 41.21995057023382
    }, 
    "Ar40": {
        "error": 0.66444558292025313, 
        "fit": "linear", 
        "value": 2542.6360726906951
    }, 
    "Ar41": {
        "error": 0.115605574154904, 
        "fit": "average_SEM", 
        "value": -0.31320131427297987
    }
}