{
    "Ar36": {
        "error": 0.0026035705878409724, 
        "fit": "linear", 
        "value": 0.047700356692210635
    }, 
    "Ar37": {
        "error": 0.13083606376516496, 
        "fit": "linear", 
        "value": 0.039132069531932656
    }, 
    "Ar38": {
        "error": 0.18190881893834002, 
        "fit": "linear", 
        "value": 0.25497940103943906
    }, 
    "Ar39": {
        "error": 0.081595018333763009, 
        "fit": "linear", 
        "value": 33.48650592533815
    }, 
    "Ar40": {
        "error": 0.55530678457592497, 
        "fit": "linear", 
        "value": 2070.2070150029417
    }, 
    "Ar41": {
        "error": 0.13819935080826404, 
        "fit": "average_SEM", 
        "value": -0.32107325242832302
    }
}