{
    "Ar36": {
        "error": 0.0025465120257387791, 
        "fit": "linear", 
        "value": 0.039733012501940834
    }, 
    "Ar37": {
        "error": 0.12327623260216711, 
        "fit": "linear", 
        "value": 0.08772963919283655
    }, 
    "Ar38": {
        "error": 0.1925294436711408, 
        "fit": "linear", 
        "value": 0.45170197206950524
    }, 
    "Ar39": {
        "error": 0.083431837334257353, 
        "fit": "linear", 
        "value": 48.222417834688954
    }, 
    "Ar40": {
        "error": 0.77762648400835377, 
        "fit": "linear", 
        "value": 2985.1659410177826
    }, 
    "Ar41": {
        "error": 0.12600149654162376, 
        "fit": "average_SEM", 
        "value": -0.31091149837916926
    }
}