{
    "Ar36": {
        "error": 0.0022540632555017397, 
        "fit": "linear", 
        "value": 0.025502457833521487
    }, 
    "Ar37": {
        "error": 0.13925160064056555, 
        "fit": "linear", 
        "value": 0.061022640846270654
    }, 
    "Ar38": {
        "error": 0.20396648891211572, 
        "fit": "linear", 
        "value": 0.30182872142777151
    }, 
    "Ar39": {
        "error": 0.082686373075784081, 
        "fit": "linear", 
        "value": 35.579794413216348
    }, 
    "Ar40": {
        "error": 0.6637960903644895, 
        "fit": "linear", 
        "value": 2195.9130697306446
    }, 
    "Ar41": {
        "error": 0.12936975719015695, 
        "fit": "average_SEM", 
        "value": -0.30712800513332089
    }
}