{
    "Ar36": {
        "error": 0.0028971243445844929, 
        "fit": "linear", 
        "value": 0.052318514434638572
    }, 
    "Ar37": {
        "error": 0.13981085943915061, 
        "fit": "linear", 
        "value": 0.034116425362291397
    }, 
    "Ar38": {
        "error": 0.18764172693964007, 
        "fit": "linear", 
        "value": 0.40817651806885547
    }, 
    "Ar39": {
        "error": 0.076423736006584378, 
        "fit": "linear", 
        "value": 41.688080426303536
    }, 
    "Ar40": {
        "error": 0.6907944386741891, 
        "fit": "linear", 
        "value": 2574.8780175828661
    }, 
    "Ar41": {
        "error": 0.14937544060555166, 
        "fit": "average_SEM", 
        "value": -0.30807243055767486
    }
}