{
    "Ar36": {
        "error": 0.0018411757783649532, 
        "fit": "linear", 
        "value": 0.021315711288993972
    }, 
    "Ar37": {
        "error": 0.13707858010468935, 
        "fit": "linear", 
        "value": 0.027845586184716456
    }, 
    "Ar38": {
        "error": 0.20181922148668124, 
        "fit": "linear", 
        "value": 0.32744808745970116
    }, 
    "Ar39": {
        "error": 0.079717679251582671, 
        "fit": "linear", 
        "value": 41.233394417973869
    }, 
    "Ar40": {
        "error": 0.71505918828716963, 
        "fit": "linear", 
        "value": 2542.2314815766126
    }, 
    "Ar41": {
        "error": 0.15064482078166522, 
        "fit": "average_SEM", 
        "value": -0.32061089943680499
    }
}