{
    "Ar36": {
        "error": 0.0025845547742017277, 
        "fit": "linear", 
        "value": 0.035696327465640956
    }, 
    "Ar37": {
        "error": 0.13475381028230146, 
        "fit": "linear", 
        "value": -0.0056332745568205278
    }, 
    "Ar38": {
        "error": 0.17603062645842549, 
        "fit": "linear", 
        "value": 0.2209652003763809
    }, 
    "Ar39": {
        "error": 0.076243127447027451, 
        "fit": "linear", 
        "value": 26.559045135725153
    }, 
    "Ar40": {
        "error": 0.51546091055352372, 
        "fit": "linear", 
        "value": 1643.3176718432233
    }, 
    "Ar41": {
        "error": 0.13253161603061001, 
        "fit": "average_SEM", 
        "value": -0.33489596135914323
    }
}