{
    "Ar36": {
        "error": 0.0017415187036033612, 
        "fit": "linear", 
        "value": 0.012006324636981845
    }, 
    "Ar37": {
        "error": 0.14263954043961302, 
        "fit": "linear", 
        "value": 0.0045287432985489928
    }, 
    "Ar38": {
        "error": 0.16700804706364258, 
        "fit": "linear", 
        "value": 0.22739172407271693
    }, 
    "Ar39": {
        "error": 0.074479088182011613, 
        "fit": "linear", 
        "value": 31.733118168334837
    }, 
    "Ar40": {
        "error": 0.58832719832786751, 
        "fit": "linear", 
        "value": 1951.3302656777696
    }, 
    "Ar41": {
        "error": 0.13781764535748067, 
        "fit": "average_SEM", 
        "value": -0.3255872129048738
    }
}