{
    "Ar36": {
        "error": 0.0024149139238998463, 
        "fit": "linear", 
        "value": 0.032274620930978423
    }, 
    "Ar37": {
        "error": 0.13807040440106441, 
        "fit": "linear", 
        "value": 0.0086313736823460455
    }, 
    "Ar38": {
        "error": 0.17220355487589356, 
        "fit": "linear", 
        "value": 0.2843288586428584
    }, 
    "Ar39": {
        "error": 0.084464041993881092, 
        "fit": "linear", 
        "value": 35.965654186224413
    }, 
    "Ar40": {
        "error": 0.6797125329274063, 
        "fit": "linear", 
        "value": 2215.979811610383
    }, 
    "Ar41": {
        "error": 0.14432730503456015, 
        "fit": "average_SEM", 
        "value": -0.30030955180991442
    }
}