{
    "Ar36": {
        "error": 0.0022810997470192294, 
        "fit": "linear", 
        "value": 0.022816912020308007
    }, 
    "Ar37": {
        "error": 0.13374933027130781, 
        "fit": "linear", 
        "value": 0.032186336575886508
    }, 
    "Ar38": {
        "error": 0.17792199186559007, 
        "fit": "linear", 
        "value": 0.27232024039538794
    }, 
    "Ar39": {
        "error": 0.087584981950245, 
        "fit": "linear", 
        "value": 33.942141602472631
    }, 
    "Ar40": {
        "error": 0.65132752344609335, 
        "fit": "linear", 
        "value": 2088.7781039383599
    }, 
    "Ar41": {
        "error": 0.1302852221569733, 
        "fit": "average_SEM", 
        "value": -0.31072230752454033
    }
}