{
    "Ar36": {
        "error": 0.0016738802162270018, 
        "fit": "linear", 
        "value": 0.013420236381699804
    }, 
    "Ar37": {
        "error": 0.12327564642464331, 
        "fit": "linear", 
        "value": 0.022134710417313942
    }, 
    "Ar38": {
        "error": 0.16461568369379445, 
        "fit": "linear", 
        "value": 0.15523884626058776
    }, 
    "Ar39": {
        "error": 0.0677133803873778, 
        "fit": "linear", 
        "value": 22.355491997683909
    }, 
    "Ar40": {
        "error": 0.49758769503771644, 
        "fit": "linear", 
        "value": 1376.0858611261617
    }, 
    "Ar41": {
        "error": 0.13769336907188412, 
        "fit": "average_SEM", 
        "value": -0.31332045611149323
    }
}