{
    "Ar36": {
        "error": 0.0018166567886764055, 
        "fit": "linear", 
        "value": 0.015408108204895994
    }, 
    "Ar37": {
        "error": 0.14306174866933269, 
        "fit": "linear", 
        "value": 0.018843379782820094
    }, 
    "Ar38": {
        "error": 0.17797319184478244, 
        "fit": "linear", 
        "value": 0.22564964069143145
    }, 
    "Ar39": {
        "error": 0.072446215515006282, 
        "fit": "linear", 
        "value": 32.922405548003141
    }, 
    "Ar40": {
        "error": 0.58163083834369655, 
        "fit": "linear", 
        "value": 2022.4482989884277
    }, 
    "Ar41": {
        "error": 0.1387413722736795, 
        "fit": "average_SEM", 
        "value": -0.32866832747434577
    }
}