{
    "Ar36": {
        "error": 0.0053353497959176144, 
        "fit": "linear", 
        "value": 0.17648851235918656
    }, 
    "Ar37": {
        "error": 0.13277678741118884, 
        "fit": "linear", 
        "value": 0.0083827989646993884
    }, 
    "Ar38": {
        "error": 0.19253584939397114, 
        "fit": "linear", 
        "value": 0.31239248195111446
    }, 
    "Ar39": {
        "error": 0.076010943417540874, 
        "fit": "linear", 
        "value": 32.520124515348328
    }, 
    "Ar40": {
        "error": 0.59260333865140813, 
        "fit": "linear", 
        "value": 2046.6304214916431
    }, 
    "Ar41": {
        "error": 0.13898789315652363, 
        "fit": "average_SEM", 
        "value": -0.32333176174304551
    }
}