{
    "Ar36": {
        "error": 0.0019351844649832439, 
        "fit": "linear", 
        "value": 0.015504060616527888
    }, 
    "Ar37": {
        "error": 0.12901739553254016, 
        "fit": "linear", 
        "value": 0.086888396234852922
    }, 
    "Ar38": {
        "error": 0.17416681118362803, 
        "fit": "linear", 
        "value": 0.5696905886097039
    }, 
    "Ar39": {
        "error": 0.085843050617698063, 
        "fit": "linear", 
        "value": 53.958541897083883
    }, 
    "Ar40": {
        "error": 0.80941462168334433, 
        "fit": "linear", 
        "value": 3303.7063408807016
    }, 
    "Ar41": {
        "error": 0.12672238899734178, 
        "fit": "average_SEM", 
        "value": -0.27642716203505796
    }
}