{
    "Ar36": {
        "error": 0.0012622618139630454, 
        "fit": "linear", 
        "value": 0.007180120840644527
    }, 
    "Ar37": {
        "error": 0.14906603691346937, 
        "fit": "linear", 
        "value": 0.12412876370466172
    }, 
    "Ar38": {
        "error": 0.19965382136712193, 
        "fit": "linear", 
        "value": 0.26110960521738363
    }, 
    "Ar39": {
        "error": 0.085042843281326538, 
        "fit": "linear", 
        "value": 31.80845828497419
    }, 
    "Ar40": {
        "error": 0.63447310110254174, 
        "fit": "linear", 
        "value": 1950.0536442682787
    }, 
    "Ar41": {
        "error": 0.12383242768662539, 
        "fit": "average_SEM", 
        "value": -0.059117957808646475
    }
}