{
    "Ar36": {
        "error": 0.0015205320350655644, 
        "fit": "linear", 
        "value": 0.014321728204394327
    }, 
    "Ar37": {
        "error": 0.14624128761055039, 
        "fit": "linear", 
        "value": 0.093201391186660043
    }, 
    "Ar38": {
        "error": 0.18228333118614218, 
        "fit": "linear", 
        "value": 0.18118568058859866
    }, 
    "Ar39": {
        "error": 0.072405816817063345, 
        "fit": "linear", 
        "value": 17.68793610084213
    }, 
    "Ar40": {
        "error": 0.42290910919580249, 
        "fit": "linear", 
        "value": 1089.7172854959449
    }, 
    "Ar41": {
        "error": 0.13662282398411291, 
        "fit": "average_SEM", 
        "value": -0.06820852642413229
    }
}