{
    "Ar36": {
        "error": 0.0014185267098429024, 
        "fit": "linear", 
        "value": 0.0079316086750579329
    }, 
    "Ar37": {
        "error": 0.1289315697753094, 
        "fit": "linear", 
        "value": 0.11717333606236593
    }, 
    "Ar38": {
        "error": 0.18330282810839843, 
        "fit": "linear", 
        "value": 0.17625293763182276
    }, 
    "Ar39": {
        "error": 0.071420670726684482, 
        "fit": "linear", 
        "value": 21.526580302028059
    }, 
    "Ar40": {
        "error": 0.49197264042387018, 
        "fit": "linear", 
        "value": 1321.1902216701969
    }, 
    "Ar41": {
        "error": 0.12663961209576499, 
        "fit": "average_SEM", 
        "value": -0.080904062922086767
    }
}