{
    "Ar36": {
        "error": 0.0012066988164948036, 
        "fit": "linear", 
        "value": 0.0042483623573556888
    }, 
    "Ar37": {
        "error": 0.13946554114848222, 
        "fit": "linear", 
        "value": 0.088373117430495834
    }, 
    "Ar38": {
        "error": 0.20079900268857201, 
        "fit": "linear", 
        "value": 0.19855191072675266
    }, 
    "Ar39": {
        "error": 0.066700974152846287, 
        "fit": "linear", 
        "value": 21.986718265345523
    }, 
    "Ar40": {
        "error": 0.47561067276398716, 
        "fit": "linear", 
        "value": 1345.472815299634
    }, 
    "Ar41": {
        "error": 0.12995241559041448, 
        "fit": "average_SEM", 
        "value": -0.065166912364171978
    }
}