{
    "Ar36": {
        "error": 0.0015689535354112155, 
        "fit": "linear", 
        "value": 0.010416603711509285
    }, 
    "Ar37": {
        "error": 0.13892648466895266, 
        "fit": "linear", 
        "value": 0.14641907056793724
    }, 
    "Ar38": {
        "error": 0.19469080168795486, 
        "fit": "linear", 
        "value": 0.2894174755615771
    }, 
    "Ar39": {
        "error": 0.077974801894668683, 
        "fit": "linear", 
        "value": 32.662667398148386
    }, 
    "Ar40": {
        "error": 0.61444634679768773, 
        "fit": "linear", 
        "value": 2004.7319292650914
    }, 
    "Ar41": {
        "error": 0.14849071856182142, 
        "fit": "average_SEM", 
        "value": -0.06739656427679519
    }
}