{
    "Ar36": {
        "error": 0.0010857587107639347, 
        "fit": "linear", 
        "value": 0.0034480121340723538
    }, 
    "Ar37": {
        "error": 0.1243698651176109, 
        "fit": "linear", 
        "value": 0.12332161948982073
    }, 
    "Ar38": {
        "error": 0.18933013085108424, 
        "fit": "linear", 
        "value": 0.29574397224804516
    }, 
    "Ar39": {
        "error": 0.08109219526140693, 
        "fit": "linear", 
        "value": 31.166756874378599
    }, 
    "Ar40": {
        "error": 0.51533394333518678, 
        "fit": "linear", 
        "value": 1914.4112929136656
    }, 
    "Ar41": {
        "error": 0.14346693409206265, 
        "fit": "average_SEM", 
        "value": -0.052161141489503078
    }
}