{
    "Ar36": {
        "error": 0.0012646363840510468, 
        "fit": "linear", 
        "value": 0.0069755812840543033
    }, 
    "Ar37": {
        "error": 0.13750344197533723, 
        "fit": "linear", 
        "value": 0.088088092567382065
    }, 
    "Ar38": {
        "error": 0.19696263133972736, 
        "fit": "linear", 
        "value": 0.27567535865354414
    }, 
    "Ar39": {
        "error": 0.070885285698210024, 
        "fit": "linear", 
        "value": 26.500516801769503
    }, 
    "Ar40": {
        "error": 0.5318908089120139, 
        "fit": "linear", 
        "value": 1630.1620044765432
    }, 
    "Ar41": {
        "error": 0.13751317680287883, 
        "fit": "average_SEM", 
        "value": -0.05862277414546245
    }
}