{
    "Ar36": {
        "error": 0.0016945985719116997, 
        "fit": "linear", 
        "value": 0.014860199009182389
    }, 
    "Ar37": {
        "error": 0.14627587367936895, 
        "fit": "linear", 
        "value": 0.13281410013161773
    }, 
    "Ar38": {
        "error": 0.20543504952191977, 
        "fit": "linear", 
        "value": 0.33154337593494021
    }, 
    "Ar39": {
        "error": 0.075800532212818877, 
        "fit": "linear", 
        "value": 31.415994517748278
    }, 
    "Ar40": {
        "error": 0.59595628324415051, 
        "fit": "linear", 
        "value": 1930.9154582894178
    }, 
    "Ar41": {
        "error": 0.14207497553471166, 
        "fit": "average_SEM", 
        "value": -0.30558414206219214
    }
}