{
    "Ar36": {
        "error": 0.0014831326767718036, 
        "fit": "linear", 
        "value": 0.0063819960996139404
    }, 
    "Ar37": {
        "error": 0.14985712376781063, 
        "fit": "linear", 
        "value": 0.067411747069119121
    }, 
    "Ar38": {
        "error": 0.19819567231885848, 
        "fit": "linear", 
        "value": 0.19017980737915649
    }, 
    "Ar39": {
        "error": 0.069696757419484029, 
        "fit": "linear", 
        "value": 25.317411784824742
    }, 
    "Ar40": {
        "error": 0.52388124304263606, 
        "fit": "linear", 
        "value": 1557.2527299745602
    }, 
    "Ar41": {
        "error": 0.13216572713213129, 
        "fit": "average_SEM", 
        "value": -0.065874549183839309
    }
}