{
    "Ar36": {
        "error": 0.001233694428280643, 
        "fit": "linear", 
        "value": 0.0067503369543750859
    }, 
    "Ar37": {
        "error": 0.13692400034851498, 
        "fit": "linear", 
        "value": 0.099463565678734808
    }, 
    "Ar38": {
        "error": 0.17025930485937768, 
        "fit": "linear", 
        "value": 0.1371654948710688
    }, 
    "Ar39": {
        "error": 0.074581431935039078, 
        "fit": "linear", 
        "value": 17.091494175817346
    }, 
    "Ar40": {
        "error": 0.41613813054655857, 
        "fit": "linear", 
        "value": 1051.3104176089873
    }, 
    "Ar41": {
        "error": 0.14472819526474776, 
        "fit": "average_SEM", 
        "value": -0.33163470128654604
    }
}