{
    "Ar36": {
        "error": 0.0013802688011853635, 
        "fit": "linear", 
        "value": 0.0085908216948815258
    }, 
    "Ar37": {
        "error": 0.1411255413968544, 
        "fit": "linear", 
        "value": 0.11135387063666585
    }, 
    "Ar38": {
        "error": 0.18686132521610371, 
        "fit": "linear", 
        "value": 0.30157138467705213
    }, 
    "Ar39": {
        "error": 0.075817737649584771, 
        "fit": "linear", 
        "value": 29.964118335842571
    }, 
    "Ar40": {
        "error": 0.51376878127051295, 
        "fit": "linear", 
        "value": 1845.1333010283781
    }, 
    "Ar41": {
        "error": 0.14692133680351357, 
        "fit": "average_SEM", 
        "value": -0.31298236209485264
    }
}