{
    "Ar36": {
        "error": 0.0014098918323628671, 
        "fit": "linear", 
        "value": 0.01141246490336895
    }, 
    "Ar37": {
        "error": 0.13839308721164512, 
        "fit": "linear", 
        "value": 0.086540270229570671
    }, 
    "Ar38": {
        "error": 0.18692266485342324, 
        "fit": "linear", 
        "value": 0.192769991077125
    }, 
    "Ar39": {
        "error": 0.069638650980286376, 
        "fit": "linear", 
        "value": 21.184761743477054
    }, 
    "Ar40": {
        "error": 0.48835615035516616, 
        "fit": "linear", 
        "value": 1304.2733127590268
    }, 
    "Ar41": {
        "error": 0.12368818727479258, 
        "fit": "average_SEM", 
        "value": -0.3321876538503501
    }
}