{
    "Ar36": {
        "error": 0.0013210760596784712, 
        "fit": "linear", 
        "value": 0.007241601995738897
    }, 
    "Ar37": {
        "error": 0.13049932537331524, 
        "fit": "linear", 
        "value": 0.07096310209572948
    }, 
    "Ar38": {
        "error": 0.17015533489181642, 
        "fit": "linear", 
        "value": 0.12970423836468881
    }, 
    "Ar39": {
        "error": 0.071679014275494446, 
        "fit": "linear", 
        "value": 13.922938906658784
    }, 
    "Ar40": {
        "error": 0.3837698521571179, 
        "fit": "linear", 
        "value": 855.29075652461961
    }, 
    "Ar41": {
        "error": 0.14107893284365244, 
        "fit": "average_SEM", 
        "value": -0.32678206438819568
    }
}