{
    "Ar36": {
        "error": 0.0027302538715938715, 
        "fit": "linear", 
        "value": 0.045519069411819268
    }, 
    "Ar37": {
        "error": 0.13793696499733407, 
        "fit": "linear", 
        "value": 0.12296272277158984
    }, 
    "Ar38": {
        "error": 0.19049194585169332, 
        "fit": "linear", 
        "value": 0.3127366660701949
    }, 
    "Ar39": {
        "error": 0.075369297909092733, 
        "fit": "linear", 
        "value": 31.540352270776062
    }, 
    "Ar40": {
        "error": 0.55063465049782689, 
        "fit": "linear", 
        "value": 1946.8208922131196
    }, 
    "Ar41": {
        "error": 0.12965188829721178, 
        "fit": "average_SEM", 
        "value": -0.31935559139690467
    }
}