{
    "Ar36": {
        "error": 0.0022381491042967007, 
        "fit": "linear", 
        "value": 0.024661705123153573
    }, 
    "Ar37": {
        "error": 0.12998397881808582, 
        "fit": "linear", 
        "value": 0.13726546657884109
    }, 
    "Ar38": {
        "error": 0.19699812296596317, 
        "fit": "linear", 
        "value": 0.43845589413336772
    }, 
    "Ar39": {
        "error": 0.087726283453322423, 
        "fit": "linear", 
        "value": 40.500071057168086
    }, 
    "Ar40": {
        "error": 0.73399493210434108, 
        "fit": "linear", 
        "value": 2491.4532720441302
    }, 
    "Ar41": {
        "error": 0.1462308983533743, 
        "fit": "average_SEM", 
        "value": -0.31048118917840639
    }
}