{
    "Ar36": {
        "error": 0.0015259254362391128, 
        "fit": "linear", 
        "value": 0.010236976225806936
    }, 
    "Ar37": {
        "error": 0.13036953191774955, 
        "fit": "linear", 
        "value": 0.13070220445682157
    }, 
    "Ar38": {
        "error": 0.18628112464736488, 
        "fit": "linear", 
        "value": 0.28082177872670533
    }, 
    "Ar39": {
        "error": 0.070872697804637452, 
        "fit": "linear", 
        "value": 28.832199792562133
    }, 
    "Ar40": {
        "error": 0.51653390910315544, 
        "fit": "linear", 
        "value": 1768.7842632663064
    }, 
    "Ar41": {
        "error": 0.14182336591456521, 
        "fit": "average_SEM", 
        "value": -0.34916879475220208
    }
}