{
    "Ar36": {
        "error": 0.0016264516518392463, 
        "fit": "linear", 
        "value": 0.013426668766250243
    }, 
    "Ar37": {
        "error": 0.14701069453091117, 
        "fit": "linear", 
        "value": 0.14639607676104971
    }, 
    "Ar38": {
        "error": 0.17838903587497801, 
        "fit": "linear", 
        "value": 0.19319775483225571
    }, 
    "Ar39": {
        "error": 0.069747741525490181, 
        "fit": "linear", 
        "value": 21.818955757402165
    }, 
    "Ar40": {
        "error": 0.45390615282924368, 
        "fit": "linear", 
        "value": 1340.2857227593527
    }, 
    "Ar41": {
        "error": 0.1261061158959306, 
        "fit": "average_SEM", 
        "value": -0.32272832704087101
    }
}