{
    "Ar36": {
        "error": 0.0035618684405618029, 
        "fit": "linear", 
        "value": 0.080973139443150571
    }, 
    "Ar37": {
        "error": 0.13701765505958102, 
        "fit": "linear", 
        "value": -0.041871334939097254
    }, 
    "Ar38": {
        "error": 0.14959453296216557, 
        "fit": "linear", 
        "value": 0.090037888658823034
    }, 
    "Ar39": {
        "error": 0.070735541736524743, 
        "fit": "linear", 
        "value": 17.24554312182984
    }, 
    "Ar40": {
        "error": 0.43087510189430445, 
        "fit": "linear", 
        "value": 1077.1123244818446
    }, 
    "Ar41": {
        "error": 0.13788531854132366, 
        "fit": "average_SEM", 
        "value": -0.060218130460836822
    }
}