{
    "Ar36": {
        "error": 0.0024688733633100907, 
        "fit": "linear", 
        "value": 0.037451393898513916
    }, 
    "Ar37": {
        "error": 0.12962451006403156, 
        "fit": "linear", 
        "value": 0.0087527734143264049
    }, 
    "Ar38": {
        "error": 0.16959831629723815, 
        "fit": "linear", 
        "value": 0.28752500931130109
    }, 
    "Ar39": {
        "error": 0.081094268323164867, 
        "fit": "linear", 
        "value": 35.165924660499613
    }, 
    "Ar40": {
        "error": 0.60494935149665952, 
        "fit": "linear", 
        "value": 2161.2292079341046
    }, 
    "Ar41": {
        "error": 0.15160041936059768, 
        "fit": "average_SEM", 
        "value": -0.3093493213501966
    }
}