{
    "Ar36": {
        "error": 0.0035607859971374107, 
        "fit": "linear", 
        "value": 0.078569284180409427
    }, 
    "Ar37": {
        "error": 0.13019909178338102, 
        "fit": "linear", 
        "value": 0.013828056412215795
    }, 
    "Ar38": {
        "error": 0.19236777116591283, 
        "fit": "linear", 
        "value": 0.30354056288327769
    }, 
    "Ar39": {
        "error": 0.087977530844921562, 
        "fit": "linear", 
        "value": 35.796556187029417
    }, 
    "Ar40": {
        "error": 0.65540049721889548, 
        "fit": "linear", 
        "value": 2208.2041984203215
    }, 
    "Ar41": {
        "error": 0.13966951615133924, 
        "fit": "average_SEM", 
        "value": -0.068681627761220124
    }
}