{
    "Ar36": {
        "error": 0.0024794563349623665, 
        "fit": "linear", 
        "value": 0.039278601336537398
    }, 
    "Ar37": {
        "error": 0.13294310357483249, 
        "fit": "linear", 
        "value": -0.027829731594634283
    }, 
    "Ar38": {
        "error": 0.14810317028511996, 
        "fit": "linear", 
        "value": 0.10401773534683476
    }, 
    "Ar39": {
        "error": 0.070267468313331916, 
        "fit": "linear", 
        "value": 16.675679061012406
    }, 
    "Ar40": {
        "error": 0.39773724606744471, 
        "fit": "linear", 
        "value": 1032.8471380241294
    }, 
    "Ar41": {
        "error": 0.12714472326947152, 
        "fit": "average_SEM", 
        "value": -0.07975071474599342
    }
}