{
    "Ar36": {
        "error": 0.0039568229156593197, 
        "fit": "linear", 
        "value": 0.10004327081597689
    }, 
    "Ar37": {
        "error": 0.13088706250818885, 
        "fit": "linear", 
        "value": 0.0066330521129970791
    }, 
    "Ar38": {
        "error": 0.17395468390317903, 
        "fit": "linear", 
        "value": 0.20194263587034172
    }, 
    "Ar39": {
        "error": 0.077315734624416016, 
        "fit": "linear", 
        "value": 29.737134508038821
    }, 
    "Ar40": {
        "error": 0.50984696263695262, 
        "fit": "linear", 
        "value": 1850.2875776576579
    }, 
    "Ar41": {
        "error": 0.13250481366777109, 
        "fit": "average_SEM", 
        "value": -0.062474961037353047
    }
}