{
    "Ar36": {
        "error": 0.0036789369371896135, 
        "fit": "linear", 
        "value": 0.070988749150658198
    }, 
    "Ar37": {
        "error": 0.144072500364818, 
        "fit": "linear", 
        "value": -0.026192406385435421
    }, 
    "Ar38": {
        "error": 0.18235342593486487, 
        "fit": "linear", 
        "value": 0.2165357432767776
    }, 
    "Ar39": {
        "error": 0.066523735041618237, 
        "fit": "linear", 
        "value": 27.365124860675259
    }, 
    "Ar40": {
        "error": 0.54917516702735458, 
        "fit": "linear", 
        "value": 1695.82979681388
    }, 
    "Ar41": {
        "error": 0.13938542574797091, 
        "fit": "average_SEM", 
        "value": -0.063963500165846204
    }
}