{
    "Ar36": {
        "error": 0.0030426394041828926, 
        "fit": "linear", 
        "value": 0.054363126271178314
    }, 
    "Ar37": {
        "error": 0.13754476617388581, 
        "fit": "linear", 
        "value": 0.04736224695563851
    }, 
    "Ar38": {
        "error": 0.17679265205927444, 
        "fit": "linear", 
        "value": 0.36544227877244179
    }, 
    "Ar39": {
        "error": 0.079035052153036647, 
        "fit": "linear", 
        "value": 37.079354907631924
    }, 
    "Ar40": {
        "error": 0.64225358412433076, 
        "fit": "linear", 
        "value": 2285.1487921159769
    }, 
    "Ar41": {
        "error": 0.13198105869606613, 
        "fit": "average_SEM", 
        "value": -0.044603999580592954
    }
}