{
    "Ar36": {
        "error": 0.003147771480292395, 
        "fit": "linear", 
        "value": 0.066278277773799299
    }, 
    "Ar37": {
        "error": 0.12894700304232204, 
        "fit": "linear", 
        "value": 0.056613564016960043
    }, 
    "Ar38": {
        "error": 0.17853547343565554, 
        "fit": "linear", 
        "value": 0.35478689718178935
    }, 
    "Ar39": {
        "error": 0.0873708693449953, 
        "fit": "linear", 
        "value": 40.369264468749286
    }, 
    "Ar40": {
        "error": 0.70867075585075934, 
        "fit": "linear", 
        "value": 2495.1499070227173
    }, 
    "Ar41": {
        "error": 0.13218363203371888, 
        "fit": "average_SEM", 
        "value": -0.044550704454175298
    }
}