{
    "Ar36": {
        "error": 0.002094642475210586, 
        "fit": "linear", 
        "value": 0.023484784388052266
    }, 
    "Ar37": {
        "error": 0.12905900645507423, 
        "fit": "linear", 
        "value": -0.043105396131185914
    }, 
    "Ar38": {
        "error": 0.17850473971925188, 
        "fit": "linear", 
        "value": 0.19250875059134326
    }, 
    "Ar39": {
        "error": 0.077885638051454514, 
        "fit": "linear", 
        "value": 24.720448301296159
    }, 
    "Ar40": {
        "error": 0.50866870055179936, 
        "fit": "linear", 
        "value": 1523.7941033767677
    }, 
    "Ar41": {
        "error": 0.12701180474460544, 
        "fit": "average_SEM", 
        "value": -0.061425036799886985
    }
}