{
    "Ar36": {
        "error": 0.0035350863370271044, 
        "fit": "linear", 
        "value": 0.077520454227762409
    }, 
    "Ar37": {
        "error": 0.1351677529425897, 
        "fit": "linear", 
        "value": 0.047623566723389757
    }, 
    "Ar38": {
        "error": 0.18775050766978232, 
        "fit": "linear", 
        "value": 0.4122566879315433
    }, 
    "Ar39": {
        "error": 0.09429890429785126, 
        "fit": "linear", 
        "value": 43.762378650037341
    }, 
    "Ar40": {
        "error": 0.72503418657509988, 
        "fit": "linear", 
        "value": 2709.0987738524136
    }, 
    "Ar41": {
        "error": 0.12635264376017383, 
        "fit": "average_SEM", 
        "value": -0.049843072642235912
    }
}