{
    "Ar36": {
        "error": 0.0023952975453106107, 
        "fit": "linear", 
        "value": 0.03187060161414916
    }, 
    "Ar37": {
        "error": 0.13043941457944325, 
        "fit": "linear", 
        "value": -0.0066168154434291561
    }, 
    "Ar38": {
        "error": 0.16350920898887927, 
        "fit": "linear", 
        "value": 0.17385868144441019
    }, 
    "Ar39": {
        "error": 0.070148388100340631, 
        "fit": "linear", 
        "value": 24.127011740752391
    }, 
    "Ar40": {
        "error": 0.46518521832948723, 
        "fit": "linear", 
        "value": 1488.457148189611
    }, 
    "Ar41": {
        "error": 0.12727774312071974, 
        "fit": "average_SEM", 
        "value": -0.090418347560464296
    }
}