{
    "Ar36": {
        "error": 0.0039582668535171357, 
        "fit": "linear", 
        "value": 0.10836217348635746
    }, 
    "Ar37": {
        "error": 0.13586509836275446, 
        "fit": "linear", 
        "value": 0.019517693738906883
    }, 
    "Ar38": {
        "error": 0.17686362042505768, 
        "fit": "linear", 
        "value": 0.39195424290369563
    }, 
    "Ar39": {
        "error": 0.077930004581435244, 
        "fit": "linear", 
        "value": 44.585269143635443
    }, 
    "Ar40": {
        "error": 0.70159921377875056, 
        "fit": "linear", 
        "value": 2766.5592322406083
    }, 
    "Ar41": {
        "error": 0.1484492306444759, 
        "fit": "average_SEM", 
        "value": -0.045124703103243118
    }
}