{
    "Ar36": {
        "error": 0.002330318716408443, 
        "fit": "linear", 
        "value": 0.038265152103256379
    }, 
    "Ar37": {
        "error": 0.13717049779239826, 
        "fit": "linear", 
        "value": -0.059681728765624303
    }, 
    "Ar38": {
        "error": 0.16171326554654525, 
        "fit": "linear", 
        "value": 0.1813675312700557
    }, 
    "Ar39": {
        "error": 0.078605696762522811, 
        "fit": "linear", 
        "value": 23.541226464655814
    }, 
    "Ar40": {
        "error": 0.56350784366007278, 
        "fit": "linear", 
        "value": 1453.8075031265821
    }, 
    "Ar41": {
        "error": 0.14277159515078766, 
        "fit": "average_SEM", 
        "value": -0.065488385597968268
    }
}