{
    "Ar36": {
        "error": 0.0029885305633664534, 
        "fit": "linear", 
        "value": 0.05323049866445069
    }, 
    "Ar37": {
        "error": 0.13426137111289677, 
        "fit": "linear", 
        "value": -0.0055593213345368044
    }, 
    "Ar38": {
        "error": 0.19044837266401732, 
        "fit": "linear", 
        "value": 0.21335999705614006
    }, 
    "Ar39": {
        "error": 0.080464196688749434, 
        "fit": "linear", 
        "value": 29.750329812858944
    }, 
    "Ar40": {
        "error": 0.58336840097183118, 
        "fit": "linear", 
        "value": 1839.7710368076382
    }, 
    "Ar41": {
        "error": 0.14282962797777057, 
        "fit": "average_SEM", 
        "value": -0.053942147192234793
    }
}