{
    "Ar36": {
        "error": 0.0027225841521171879, 
        "fit": "linear", 
        "value": 0.042819598606166437
    }, 
    "Ar37": {
        "error": 0.14426576865664151, 
        "fit": "linear", 
        "value": 0.0063705034479038681
    }, 
    "Ar38": {
        "error": 0.18756798807038363, 
        "fit": "linear", 
        "value": 0.24262148502954262
    }, 
    "Ar39": {
        "error": 0.075109511579582913, 
        "fit": "linear", 
        "value": 28.222839019070339
    }, 
    "Ar40": {
        "error": 0.55306760329708238, 
        "fit": "linear", 
        "value": 1741.7115452115981
    }, 
    "Ar41": {
        "error": 0.12775120465955223, 
        "fit": "average_SEM", 
        "value": -0.33832991577477917
    }
}