{
    "Ar36": {
        "error": 0.0028449163422510503, 
        "fit": "linear", 
        "value": 0.038505903728225363
    }, 
    "Ar37": {
        "error": 0.13383955241707865, 
        "fit": "linear", 
        "value": 0.011251027762854152
    }, 
    "Ar38": {
        "error": 0.21274410527593413, 
        "fit": "linear", 
        "value": 0.29337216571283586
    }, 
    "Ar39": {
        "error": 0.075907551607566209, 
        "fit": "linear", 
        "value": 30.86764523749757
    }, 
    "Ar40": {
        "error": 0.51295292136045711, 
        "fit": "linear", 
        "value": 1899.6455040775795
    }, 
    "Ar41": {
        "error": 0.13485063674202677, 
        "fit": "average_SEM", 
        "value": -0.33628284925491447
    }
}