{
    "Ar36": {
        "error": 0.0031388430480703455, 
        "fit": "linear", 
        "value": 0.057480941041559104
    }, 
    "Ar37": {
        "error": 0.13615025138538422, 
        "fit": "linear", 
        "value": -0.083638292037202328
    }, 
    "Ar38": {
        "error": 0.14891185434817658, 
        "fit": "linear", 
        "value": 0.065359304022246767
    }, 
    "Ar39": {
        "error": 0.072590259087758874, 
        "fit": "linear", 
        "value": 12.763689466891798
    }, 
    "Ar40": {
        "error": 0.37511452076240542, 
        "fit": "linear", 
        "value": 798.67247488713167
    }, 
    "Ar41": {
        "error": 0.12283843544946703, 
        "fit": "average_SEM", 
        "value": -0.095467527707417801
    }
}