{
    "Ar36": {
        "error": 0.0033083952067382814, 
        "fit": "linear", 
        "value": 0.066314843343328517
    }, 
    "Ar37": {
        "error": 0.15511002596582929, 
        "fit": "linear", 
        "value": -0.016462074247661496
    }, 
    "Ar38": {
        "error": 0.18720150809470829, 
        "fit": "linear", 
        "value": 0.15692487957040083
    }, 
    "Ar39": {
        "error": 0.071793946222714664, 
        "fit": "linear", 
        "value": 22.348733313797208
    }, 
    "Ar40": {
        "error": 0.46559836695229434, 
        "fit": "linear", 
        "value": 1386.1147928104024
    }, 
    "Ar41": {
        "error": 0.10686655725196245, 
        "fit": "average_SEM", 
        "value": -0.35279061076127821
    }
}