{
    "Ar36": {
        "error": 0.0022241584045667923, 
        "fit": "linear", 
        "value": 0.028648644974703458
    }, 
    "Ar37": {
        "error": 0.14770349015438725, 
        "fit": "linear", 
        "value": -0.0013539755600621272
    }, 
    "Ar38": {
        "error": 0.18694938726464608, 
        "fit": "linear", 
        "value": 0.19718822817780304
    }, 
    "Ar39": {
        "error": 0.081549855316524714, 
        "fit": "linear", 
        "value": 22.40638894353674
    }, 
    "Ar40": {
        "error": 0.49027196130931988, 
        "fit": "linear", 
        "value": 1378.5187455710807
    }, 
    "Ar41": {
        "error": 0.12899856873711191, 
        "fit": "average_SEM", 
        "value": -0.070473607830677382
    }
}