{
    "Ar36": {
        "error": 0.0035430922054986405, 
        "fit": "linear", 
        "value": 0.069218279600050239
    }, 
    "Ar37": {
        "error": 0.13989703339783452, 
        "fit": "linear", 
        "value": -0.028268508664207978
    }, 
    "Ar38": {
        "error": 0.2148984928632931, 
        "fit": "linear", 
        "value": 0.33100080296521905
    }, 
    "Ar39": {
        "error": 0.07080488556667805, 
        "fit": "linear", 
        "value": 34.312928053787189
    }, 
    "Ar40": {
        "error": 0.5949547762526074, 
        "fit": "linear", 
        "value": 2121.230490544137
    }, 
    "Ar41": {
        "error": 0.1337353395266907, 
        "fit": "average_SEM", 
        "value": -0.057161507290503427
    }
}