{
    "Ar36": {
        "error": 0.0029570223159515715, 
        "fit": "linear", 
        "value": 0.050543347848048759
    }, 
    "Ar37": {
        "error": 0.14211599658869276, 
        "fit": "linear", 
        "value": -0.02707496978983907
    }, 
    "Ar38": {
        "error": 0.18429433111856294, 
        "fit": "linear", 
        "value": 0.20897969736426897
    }, 
    "Ar39": {
        "error": 0.070212904646698202, 
        "fit": "linear", 
        "value": 27.967628102765513
    }, 
    "Ar40": {
        "error": 0.57428821625866111, 
        "fit": "linear", 
        "value": 1726.9077697763291
    }, 
    "Ar41": {
        "error": 0.12407079965149734, 
        "fit": "average_SEM", 
        "value": -0.33382000386094052
    }
}