{
    "Ar36": {
        "error": 0.0012609973513718867, 
        "fit": "linear", 
        "value": 0.0067916808701823702
    }, 
    "Ar37": {
        "error": 0.14263886792157152, 
        "fit": "linear", 
        "value": -0.077552425990059792
    }, 
    "Ar38": {
        "error": 0.18082847972567084, 
        "fit": "linear", 
        "value": 0.14610284623594008
    }, 
    "Ar39": {
        "error": 0.077235756888631421, 
        "fit": "linear", 
        "value": 21.415619405186099
    }, 
    "Ar40": {
        "error": 0.4880088139192314, 
        "fit": "linear", 
        "value": 1310.4602046886641
    }, 
    "Ar41": {
        "error": 0.12608557211358859, 
        "fit": "average_SEM", 
        "value": -0.08267080596285975
    }
}