{
    "Ar36": {
        "error": 0.0019636477464280767, 
        "fit": "linear", 
        "value": 0.021723137128265374
    }, 
    "Ar37": {
        "error": 0.14114664250956435, 
        "fit": "linear", 
        "value": 0.02090550726324833
    }, 
    "Ar38": {
        "error": 0.1755722334302276, 
        "fit": "linear", 
        "value": 0.10824631111135208
    }, 
    "Ar39": {
        "error": 0.065405412905658489, 
        "fit": "linear", 
        "value": 16.343897454405017
    }, 
    "Ar40": {
        "error": 0.38169551147767322, 
        "fit": "linear", 
        "value": 1005.4031229594931
    }, 
    "Ar41": {
        "error": 0.12582830838694214, 
        "fit": "average_SEM", 
        "value": -0.090289273356190983
    }
}