{
    "Ar36": {
        "error": 0.0013665632494127473, 
        "fit": "linear", 
        "value": 0.0076391981783141072
    }, 
    "Ar37": {
        "error": 0.13976178681653009, 
        "fit": "linear", 
        "value": -0.088744863309414404
    }, 
    "Ar38": {
        "error": 0.15754217191011208, 
        "fit": "linear", 
        "value": -0.064761559922678832
    }, 
    "Ar39": {
        "error": 0.062911744854325949, 
        "fit": "linear", 
        "value": 3.1658881242096717
    }, 
    "Ar40": {
        "error": 0.19729141631752389, 
        "fit": "linear", 
        "value": 197.01240140299666
    }, 
    "Ar41": {
        "error": 0.12246229272757594, 
        "fit": "average_SEM", 
        "value": -0.10504925591974623
    }
}