{
    "Ar36": {
        "error": 0.0017614496093560567, 
        "fit": "linear", 
        "value": 0.016513610845209969
    }, 
    "Ar37": {
        "error": 0.11787780042284202, 
        "fit": "linear", 
        "value": -0.0041471386594586213
    }, 
    "Ar38": {
        "error": 0.20308060323100424, 
        "fit": "linear", 
        "value": 0.23053043240309828
    }, 
    "Ar39": {
        "error": 0.075634648008704994, 
        "fit": "linear", 
        "value": 28.879541435765113
    }, 
    "Ar40": {
        "error": 0.56233237494787713, 
        "fit": "linear", 
        "value": 1770.6919613641069
    }, 
    "Ar41": {
        "error": 0.12159134354651001, 
        "fit": "average_SEM", 
        "value": -0.074333569660989779
    }
}