{
    "Ar36": {
        "error": 0.0018712023266334462, 
        "fit": "linear", 
        "value": 0.022145948961391059
    }, 
    "Ar37": {
        "error": 0.13602900192512568, 
        "fit": "linear", 
        "value": 0.052800244277560554
    }, 
    "Ar38": {
        "error": 0.20059306918238098, 
        "fit": "linear", 
        "value": 0.45074459590295068
    }, 
    "Ar39": {
        "error": 0.076705713140727882, 
        "fit": "linear", 
        "value": 47.344632297733014
    }, 
    "Ar40": {
        "error": 0.85034753522133621, 
        "fit": "linear", 
        "value": 2899.8441816359241
    }, 
    "Ar41": {
        "error": 0.13172622154234928, 
        "fit": "average_SEM", 
        "value": -0.043718700522893214
    }
}