{
    "Ar36": {
        "error": 0.0013449290097674183, 
        "fit": "linear", 
        "value": 0.0094537420918121891
    }, 
    "Ar37": {
        "error": 0.1403019897642904, 
        "fit": "linear", 
        "value": -0.024995205984180629
    }, 
    "Ar38": {
        "error": 0.18581975382036384, 
        "fit": "linear", 
        "value": 0.31572649745707504
    }, 
    "Ar39": {
        "error": 0.075708568336669821, 
        "fit": "linear", 
        "value": 35.701553776787222
    }, 
    "Ar40": {
        "error": 0.62789079749895482, 
        "fit": "linear", 
        "value": 2186.8732801693541
    }, 
    "Ar41": {
        "error": 0.13734471969903683, 
        "fit": "average_SEM", 
        "value": -0.062750342858230904
    }
}