{
    "Ar36": {
        "error": 0.0020758835165733528, 
        "fit": "linear", 
        "value": 0.020278625464254671
    }, 
    "Ar37": {
        "error": 0.13145184919576194, 
        "fit": "linear", 
        "value": 0.025661874523872343
    }, 
    "Ar38": {
        "error": 0.19167013520097245, 
        "fit": "linear", 
        "value": 0.46009952654401742
    }, 
    "Ar39": {
        "error": 0.087732249295860182, 
        "fit": "linear", 
        "value": 46.171749714273005
    }, 
    "Ar40": {
        "error": 0.75099696138861194, 
        "fit": "linear", 
        "value": 2833.5729123962465
    }, 
    "Ar41": {
        "error": 0.14599259028628245, 
        "fit": "average_SEM", 
        "value": -0.051203483909032205
    }
}