{
    "Ar36": {
        "error": 0.0017808196877930292, 
        "fit": "linear", 
        "value": 0.015922813105193348
    }, 
    "Ar37": {
        "error": 0.13407157841679748, 
        "fit": "linear", 
        "value": 0.0064680525169164317
    }, 
    "Ar38": {
        "error": 0.17785361881323844, 
        "fit": "linear", 
        "value": 0.2552766551115504
    }, 
    "Ar39": {
        "error": 0.075170751855761483, 
        "fit": "linear", 
        "value": 30.255112833958393
    }, 
    "Ar40": {
        "error": 0.65986507375440218, 
        "fit": "linear", 
        "value": 1857.9945175287048
    }, 
    "Ar41": {
        "error": 0.13004070408901783, 
        "fit": "average_SEM", 
        "value": -0.080288748085796321
    }
}