{
    "Ar36": {
        "error": 0.0011042870103176183, 
        "fit": "linear", 
        "value": 0.005658012059405592
    }, 
    "Ar37": {
        "error": 0.14366935649044404, 
        "fit": "linear", 
        "value": -0.032252595296446973
    }, 
    "Ar38": {
        "error": 0.19376458839998817, 
        "fit": "linear", 
        "value": 0.26877187042583928
    }, 
    "Ar39": {
        "error": 0.06842830232499747, 
        "fit": "linear", 
        "value": 27.748459284081342
    }, 
    "Ar40": {
        "error": 0.56200602429359814, 
        "fit": "linear", 
        "value": 1700.773300473106
    }, 
    "Ar41": {
        "error": 0.12480567144167062, 
        "fit": "average_SEM", 
        "value": -0.063573690302291652
    }
}