{
    "Ar36": {
        "error": 0.0022462404721612433, 
        "fit": "linear", 
        "value": 0.023245868709189349
    }, 
    "Ar37": {
        "error": 0.1452934730128678, 
        "fit": "linear", 
        "value": 0.075442547534397525
    }, 
    "Ar38": {
        "error": 0.17921876627661379, 
        "fit": "linear", 
        "value": 0.48330078174289115
    }, 
    "Ar39": {
        "error": 0.089759370212447065, 
        "fit": "linear", 
        "value": 46.78942693255609
    }, 
    "Ar40": {
        "error": 0.79906055710824686, 
        "fit": "linear", 
        "value": 2871.4888514946879
    }, 
    "Ar41": {
        "error": 0.13983917197567339, 
        "fit": "average_SEM", 
        "value": -0.035184984844979936
    }
}