{
    "Ar36": {
        "error": 0.0015794526232082381, 
        "fit": "linear", 
        "value": 0.016438961819315874
    }, 
    "Ar37": {
        "error": 0.13695418927593075, 
        "fit": "linear", 
        "value": -0.055103818889492971
    }, 
    "Ar38": {
        "error": 0.17044831702508773, 
        "fit": "linear", 
        "value": 0.062710175651872105
    }, 
    "Ar39": {
        "error": 0.068840486584222232, 
        "fit": "linear", 
        "value": 13.424840136177004
    }, 
    "Ar40": {
        "error": 0.3913359778098347, 
        "fit": "linear", 
        "value": 829.48452873641816
    }, 
    "Ar41": {
        "error": 0.13410054247678138, 
        "fit": "average_SEM", 
        "value": -0.084203577231771007
    }
}