{
    "Ar36": {
        "error": 0.0012241640541621496, 
        "fit": "linear", 
        "value": 0.0064773572572076644
    }, 
    "Ar37": {
        "error": 0.14414020754303861, 
        "fit": "linear", 
        "value": -0.027333996365124631
    }, 
    "Ar38": {
        "error": 0.17163573307816898, 
        "fit": "linear", 
        "value": 0.14621839082418192
    }, 
    "Ar39": {
        "error": 0.069627286934321547, 
        "fit": "linear", 
        "value": 19.133815434975983
    }, 
    "Ar40": {
        "error": 0.41309001290525937, 
        "fit": "linear", 
        "value": 1173.8395117019554
    }, 
    "Ar41": {
        "error": 0.18729150352039292, 
        "fit": "average_SEM", 
        "value": -0.20288222776725889
    }
}