{
    "Ar36": {
        "error": 0.0027092590044637266, 
        "fit": "linear", 
        "value": 0.043826379278970914
    }, 
    "Ar37": {
        "error": 0.14350745119714983, 
        "fit": "linear", 
        "value": -0.010604011496968402
    }, 
    "Ar38": {
        "error": 0.18987801509678212, 
        "fit": "linear", 
        "value": 0.39109869985687107
    }, 
    "Ar39": {
        "error": 0.088820899072688531, 
        "fit": "linear", 
        "value": 40.841780392939228
    }, 
    "Ar40": {
        "error": 0.6790345464197286, 
        "fit": "linear", 
        "value": 2512.7937999974783
    }, 
    "Ar41": {
        "error": 0.13936792575210202, 
        "fit": "average_SEM", 
        "value": -0.31576353856879802
    }
}