{
    "Ar36": {
        "error": 0.0022108720639549243, 
        "fit": "linear", 
        "value": 0.032527205100036649
    }, 
    "Ar37": {
        "error": 0.13828118631000402, 
        "fit": "linear", 
        "value": 0.001129499686154189
    }, 
    "Ar38": {
        "error": 0.19866244862851132, 
        "fit": "linear", 
        "value": 0.27272370687634384
    }, 
    "Ar39": {
        "error": 0.079128756442123235, 
        "fit": "linear", 
        "value": 30.287845792581592
    }, 
    "Ar40": {
        "error": 0.61205921171806521, 
        "fit": "linear", 
        "value": 1870.2979632465767
    }, 
    "Ar41": {
        "error": 0.12532108630680386, 
        "fit": "average_SEM", 
        "value": -0.32504173382185397
    }
}