{
    "Ar36": {
        "error": 0.0017823138160002801, 
        "fit": "linear", 
        "value": 0.020142892721621012
    }, 
    "Ar37": {
        "error": 0.14334315372832956, 
        "fit": "linear", 
        "value": -0.026048535104311165
    }, 
    "Ar38": {
        "error": 0.18156128089380755, 
        "fit": "linear", 
        "value": 0.2275544834914299
    }, 
    "Ar39": {
        "error": 0.073450592765454681, 
        "fit": "linear", 
        "value": 26.615875911763602
    }, 
    "Ar40": {
        "error": 0.54865442390649866, 
        "fit": "linear", 
        "value": 1636.8050740285455
    }, 
    "Ar41": {
        "error": 0.12007949502698556, 
        "fit": "average_SEM", 
        "value": -0.31982502428969989
    }
}