{
    "Ar36": {
        "error": 0.0019989881310153294, 
        "fit": "linear", 
        "value": 0.020207873146131705
    }, 
    "Ar37": {
        "error": 0.12418354730776653, 
        "fit": "linear", 
        "value": 0.068213234685062629
    }, 
    "Ar38": {
        "error": 0.18361097206029206, 
        "fit": "linear", 
        "value": 0.41935995510104207
    }, 
    "Ar39": {
        "error": 0.078819128547753345, 
        "fit": "linear", 
        "value": 38.294472874077485
    }, 
    "Ar40": {
        "error": 0.6824746022122572, 
        "fit": "linear", 
        "value": 2350.9679366018636
    }, 
    "Ar41": {
        "error": 0.121157653218946, 
        "fit": "average_SEM", 
        "value": -0.31079891744173238
    }
}