{
    "Ar36": {
        "error": 0.0023373984905195495, 
        "fit": "linear", 
        "value": 0.03195866934375155
    }, 
    "Ar37": {
        "error": 0.13792345425345912, 
        "fit": "linear", 
        "value": -0.043145105761921168
    }, 
    "Ar38": {
        "error": 0.17520034664810114, 
        "fit": "linear", 
        "value": 0.1546435292164442
    }, 
    "Ar39": {
        "error": 0.068148148101116468, 
        "fit": "linear", 
        "value": 18.19845135045361
    }, 
    "Ar40": {
        "error": 0.44260312250841766, 
        "fit": "linear", 
        "value": 1124.540961217901
    }, 
    "Ar41": {
        "error": 0.11756798984362674, 
        "fit": "average_SEM", 
        "value": -0.33495763279497626
    }
}