{
    "Ar36": {
        "error": 0.0016204318133129364, 
        "fit": "linear", 
        "value": 0.012431981840197517
    }, 
    "Ar37": {
        "error": 0.1419455612148578, 
        "fit": "linear", 
        "value": -0.016573419707009297
    }, 
    "Ar38": {
        "error": 0.16898941464261011, 
        "fit": "linear", 
        "value": 0.20082119894991535
    }, 
    "Ar39": {
        "error": 0.072644104421134531, 
        "fit": "linear", 
        "value": 20.222391312128163
    }, 
    "Ar40": {
        "error": 0.43915993383600072, 
        "fit": "linear", 
        "value": 1241.2285062046926
    }, 
    "Ar41": {
        "error": 0.12605846437201504, 
        "fit": "average_SEM", 
        "value": -0.32020836956799031
    }
}