{
    "Ar36": {
        "error": 0.0022617895863007494, 
        "fit": "linear", 
        "value": 0.02971196148422927
    }, 
    "Ar37": {
        "error": 0.14488502219125315, 
        "fit": "linear", 
        "value": -0.017941829015066454
    }, 
    "Ar38": {
        "error": 0.15406159789506951, 
        "fit": "linear", 
        "value": 0.17667741399233139
    }, 
    "Ar39": {
        "error": 0.074046004657022838, 
        "fit": "linear", 
        "value": 21.040877186657525
    }, 
    "Ar40": {
        "error": 0.45592933552962822, 
        "fit": "linear", 
        "value": 1295.5434309797988
    }, 
    "Ar41": {
        "error": 0.12039275363642789, 
        "fit": "average_SEM", 
        "value": -0.31874627154320478
    }
}