{
    "Ar36": {
        "error": 0.0013502816526967578, 
        "fit": "linear", 
        "value": 0.0085782094494504038
    }, 
    "Ar37": {
        "error": 0.14522502072154239, 
        "fit": "linear", 
        "value": -0.066838419074213756
    }, 
    "Ar38": {
        "error": 0.14870050395284565, 
        "fit": "linear", 
        "value": 0.041795267684928368
    }, 
    "Ar39": {
        "error": 0.067163486479364196, 
        "fit": "linear", 
        "value": 8.6602243169853423
    }, 
    "Ar40": {
        "error": 0.2896163373597439, 
        "fit": "linear", 
        "value": 532.55717750700319
    }, 
    "Ar41": {
        "error": 0.14011023171800749, 
        "fit": "average_SEM", 
        "value": -0.3538547809339232
    }
}