{
    "Ar36": {
        "error": 0.0014338997384477391, 
        "fit": "linear", 
        "value": 0.0087350469451809108
    }, 
    "Ar37": {
        "error": 0.13470421280475497, 
        "fit": "linear", 
        "value": 0.015810324581414643
    }, 
    "Ar38": {
        "error": 0.18628700724928951, 
        "fit": "linear", 
        "value": 0.25123563123202514
    }, 
    "Ar39": {
        "error": 0.083331729484295042, 
        "fit": "linear", 
        "value": 30.069055722279188
    }, 
    "Ar40": {
        "error": 0.577257395682366, 
        "fit": "linear", 
        "value": 1842.5433053827528
    }, 
    "Ar41": {
        "error": 0.1364914878788577, 
        "fit": "average_SEM", 
        "value": -0.3174558170036309
    }
}