{
    "Ar36": {
        "error": 0.0029072239685584457, 
        "fit": "linear", 
        "value": 0.050706462872170607
    }, 
    "Ar37": {
        "error": 0.13549101366197472, 
        "fit": "linear", 
        "value": 0.032192759210773823
    }, 
    "Ar38": {
        "error": 0.18028655085492012, 
        "fit": "linear", 
        "value": 0.30569220364385036
    }, 
    "Ar39": {
        "error": 0.080746776575253393, 
        "fit": "linear", 
        "value": 31.734211272002202
    }, 
    "Ar40": {
        "error": 0.5869943879809556, 
        "fit": "linear", 
        "value": 1956.728011082786
    }, 
    "Ar41": {
        "error": 0.12501268709008015, 
        "fit": "average_SEM", 
        "value": -0.33005367283605869
    }
}