{
    "Ar36": {
        "error": 0.0056501820142786678, 
        "fit": "linear", 
        "value": 0.1686683557198202
    }, 
    "Ar37": {
        "error": 0.14834860021957222, 
        "fit": "linear", 
        "value": 0.0054933201211466495
    }, 
    "Ar38": {
        "error": 0.20940790183431476, 
        "fit": "linear", 
        "value": 0.22667990379893438
    }, 
    "Ar39": {
        "error": 0.067211049128010625, 
        "fit": "linear", 
        "value": 23.673463188395708
    }, 
    "Ar40": {
        "error": 0.51434012449244582, 
        "fit": "linear", 
        "value": 1500.0542327003438
    }, 
    "Ar41": {
        "error": 0.13474573622911626, 
        "fit": "average_SEM", 
        "value": -0.3448573044216674
    }
}