{
    "Ar36": {
        "error": 0.0031771873528698095, 
        "fit": "linear", 
        "value": 0.063003877565096109
    }, 
    "Ar37": {
        "error": 0.11798611153769527, 
        "fit": "linear", 
        "value": 0.075128246113604996
    }, 
    "Ar38": {
        "error": 0.22436982167227115, 
        "fit": "linear", 
        "value": 0.2652526275757916
    }, 
    "Ar39": {
        "error": 0.073901083100768081, 
        "fit": "linear", 
        "value": 28.974171582268355
    }, 
    "Ar40": {
        "error": 0.58799018639666856, 
        "fit": "linear", 
        "value": 1788.8778338530165
    }, 
    "Ar41": {
        "error": 0.13309003805671549, 
        "fit": "average_SEM", 
        "value": -0.31048343963921071
    }
}