{
    "Ar36": {
        "error": 0.0021576038380689529, 
        "fit": "linear", 
        "value": 0.028537345077346302
    }, 
    "Ar37": {
        "error": 0.13100471823850993, 
        "fit": "linear", 
        "value": 0.051171660735271449
    }, 
    "Ar38": {
        "error": 0.21292970909358469, 
        "fit": "linear", 
        "value": 0.18303938369626099
    }, 
    "Ar39": {
        "error": 0.074288786834163123, 
        "fit": "linear", 
        "value": 21.808290314729959
    }, 
    "Ar40": {
        "error": 0.47641237707243328, 
        "fit": "linear", 
        "value": 1342.6467293369033
    }, 
    "Ar41": {
        "error": 0.13654733092720678, 
        "fit": "average_SEM", 
        "value": -0.32060087977572238
    }
}