{
    "Ar36": {
        "error": 0.0042110839591179431, 
        "fit": "linear", 
        "value": 0.0929895087973997
    }, 
    "Ar37": {
        "error": 0.14219253107267657, 
        "fit": "linear", 
        "value": 0.1279883623701597
    }, 
    "Ar38": {
        "error": 0.20582525222537723, 
        "fit": "linear", 
        "value": 0.60030574402544445
    }, 
    "Ar39": {
        "error": 0.085023443666703669, 
        "fit": "linear", 
        "value": 53.333704124692488
    }, 
    "Ar40": {
        "error": 0.89237340698879697, 
        "fit": "linear", 
        "value": 3290.0949175601704
    }, 
    "Ar41": {
        "error": 0.1381561983168012, 
        "fit": "average_SEM", 
        "value": -0.2906526085506711
    }
}