{
    "Ar36": {
        "error": 0.0024462965138056991, 
        "fit": "linear", 
        "value": 0.0389478390038724
    }, 
    "Ar37": {
        "error": 0.13455875999918571, 
        "fit": "linear", 
        "value": 0.074525442113560603
    }, 
    "Ar38": {
        "error": 0.2213444458336756, 
        "fit": "linear", 
        "value": 0.279783364146234
    }, 
    "Ar39": {
        "error": 0.073699910576222855, 
        "fit": "linear", 
        "value": 26.574848375266377
    }, 
    "Ar40": {
        "error": 0.59694621024041417, 
        "fit": "linear", 
        "value": 1635.6429188662446
    }, 
    "Ar41": {
        "error": 0.14105581242283105, 
        "fit": "average_SEM", 
        "value": -0.30850424115649527
    }
}