{
    "Ar36": {
        "error": 0.0032230812597382813, 
        "fit": "linear", 
        "value": 0.063676878191660152
    }, 
    "Ar37": {
        "error": 0.13827246693811976, 
        "fit": "linear", 
        "value": 0.074148346387428829
    }, 
    "Ar38": {
        "error": 0.20307869079772586, 
        "fit": "linear", 
        "value": 0.16066939603923497
    }, 
    "Ar39": {
        "error": 0.071941495356823648, 
        "fit": "linear", 
        "value": 17.867606078627269
    }, 
    "Ar40": {
        "error": 0.45427069375791113, 
        "fit": "linear", 
        "value": 1111.2270938098932
    }, 
    "Ar41": {
        "error": 0.1446109066092964, 
        "fit": "average_SEM", 
        "value": -0.32001346857804391
    }
}