{
    "Ar36": {
        "error": 0.0018657239394425579, 
        "fit": "linear", 
        "value": 0.021024229241235141
    }, 
    "Ar37": {
        "error": 0.12946962665077016, 
        "fit": "linear", 
        "value": 0.11038067892378631
    }, 
    "Ar38": {
        "error": 0.23049976334335523, 
        "fit": "linear", 
        "value": 0.41690341261862379
    }, 
    "Ar39": {
        "error": 0.08345564402214993, 
        "fit": "linear", 
        "value": 35.35190176788749
    }, 
    "Ar40": {
        "error": 0.66397915596528512, 
        "fit": "linear", 
        "value": 2168.9746017929083
    }, 
    "Ar41": {
        "error": 0.13963083559410241, 
        "fit": "average_SEM", 
        "value": -0.32104550089894068
    }
}