{
    "Ar36": {
        "error": 0.0016620439876306656, 
        "fit": "linear", 
        "value": 0.01515536313867178
    }, 
    "Ar37": {
        "error": 0.13435901092229771, 
        "fit": "linear", 
        "value": 0.067543749049468277
    }, 
    "Ar38": {
        "error": 0.21224335338892061, 
        "fit": "linear", 
        "value": 0.17623131319463067
    }, 
    "Ar39": {
        "error": 0.068573734036073045, 
        "fit": "linear", 
        "value": 20.839570673572958
    }, 
    "Ar40": {
        "error": 0.54023677193820696, 
        "fit": "linear", 
        "value": 1280.48662528104
    }, 
    "Ar41": {
        "error": 0.13573261319702695, 
        "fit": "average_SEM", 
        "value": -0.34216707636498744
    }
}