{
    "Ar36": {
        "error": 0.001612649015866374, 
        "fit": "linear", 
        "value": 0.014599581726367945
    }, 
    "Ar37": {
        "error": 0.1284794065238361, 
        "fit": "linear", 
        "value": 0.097447769146047136
    }, 
    "Ar38": {
        "error": 0.2188660394804102, 
        "fit": "linear", 
        "value": 0.35123110668019214
    }, 
    "Ar39": {
        "error": 0.072596105109391421, 
        "fit": "linear", 
        "value": 38.600263288195322
    }, 
    "Ar40": {
        "error": 0.70922621872489844, 
        "fit": "linear", 
        "value": 2369.1819116681418
    }, 
    "Ar41": {
        "error": 0.14150991699020932, 
        "fit": "average_SEM", 
        "value": -0.29358709614413481
    }
}