{
    "Ar36": {
        "error": 0.0016383124813449188, 
        "fit": "linear", 
        "value": 0.01154388726268369
    }, 
    "Ar37": {
        "error": 0.13116918650336842, 
        "fit": "linear", 
        "value": 0.067916186314346094
    }, 
    "Ar38": {
        "error": 0.1787093713920751, 
        "fit": "linear", 
        "value": 0.063286161366313071
    }, 
    "Ar39": {
        "error": 0.066566908960925042, 
        "fit": "linear", 
        "value": 10.918214857641566
    }, 
    "Ar40": {
        "error": 0.33208581314252317, 
        "fit": "linear", 
        "value": 674.21961638101993
    }, 
    "Ar41": {
        "error": 0.14758381991302366, 
        "fit": "average_SEM", 
        "value": -0.35085954778931205
    }
}