{
    "Ar36": {
        "error": 0.0027363273454028485, 
        "fit": "linear", 
        "value": 0.044928648055574658
    }, 
    "Ar37": {
        "error": 0.15007555913061688, 
        "fit": "linear", 
        "value": 0.12814507108261977
    }, 
    "Ar38": {
        "error": 0.21511090095260507, 
        "fit": "linear", 
        "value": 0.32000006950970156
    }, 
    "Ar39": {
        "error": 0.075353208199824356, 
        "fit": "linear", 
        "value": 32.990218652942637
    }, 
    "Ar40": {
        "error": 0.57119856339344799, 
        "fit": "linear", 
        "value": 2037.8606889930929
    }, 
    "Ar41": {
        "error": 0.14212734009108863, 
        "fit": "average_SEM", 
        "value": -0.3232252926979628
    }
}