{
    "Ar36": {
        "error": 0.0017302393062334862, 
        "fit": "linear", 
        "value": 0.018042665173558639
    }, 
    "Ar37": {
        "error": 0.15133330954507607, 
        "fit": "linear", 
        "value": 0.060813785956063557
    }, 
    "Ar38": {
        "error": 0.22491536147179983, 
        "fit": "linear", 
        "value": 0.32673065709205273
    }, 
    "Ar39": {
        "error": 0.077321162759108802, 
        "fit": "linear", 
        "value": 34.400659835243033
    }, 
    "Ar40": {
        "error": 0.56251615160496193, 
        "fit": "linear", 
        "value": 2116.4850655349228
    }, 
    "Ar41": {
        "error": 0.13826552446862192, 
        "fit": "average_SEM", 
        "value": -0.32759839873760938
    }
}