{
    "Ar36": {
        "error": 0.0014343559046292914, 
        "fit": "linear", 
        "value": 0.010795726452926199
    }, 
    "Ar37": {
        "error": 0.13929685248972545, 
        "fit": "linear", 
        "value": 0.061142139141087806
    }, 
    "Ar38": {
        "error": 0.16379391853710712, 
        "fit": "linear", 
        "value": 0.012856055438359758
    }, 
    "Ar39": {
        "error": 0.060205247171051655, 
        "fit": "linear", 
        "value": 5.4257886488567868
    }, 
    "Ar40": {
        "error": 0.2612396287840214, 
        "fit": "linear", 
        "value": 337.72891998795853
    }, 
    "Ar41": {
        "error": 0.13913700907429, 
        "fit": "average_SEM", 
        "value": -0.35310781800653784
    }
}