{
    "Ar36": {
        "error": 0.0024229174279655681, 
        "fit": "linear", 
        "value": 0.037095791407722331
    }, 
    "Ar37": {
        "error": 0.1376801445229294, 
        "fit": "linear", 
        "value": 0.095698808896110946
    }, 
    "Ar38": {
        "error": 0.20978772766917894, 
        "fit": "linear", 
        "value": 0.58902957404384204
    }, 
    "Ar39": {
        "error": 0.088192472824001084, 
        "fit": "linear", 
        "value": 53.944856167725519
    }, 
    "Ar40": {
        "error": 0.73278145858096444, 
        "fit": "linear", 
        "value": 3319.0577275583382
    }, 
    "Ar41": {
        "error": 0.12823901675502, 
        "fit": "average_SEM", 
        "value": -0.2806498403660953
    }
}