{
    "Ar36": {
        "error": 0.0021001935885434381, 
        "fit": "linear", 
        "value": 0.024129871716682225
    }, 
    "Ar37": {
        "error": 0.15004605601195176, 
        "fit": "linear", 
        "value": 0.10313026637546516
    }, 
    "Ar38": {
        "error": 0.22010638845203373, 
        "fit": "linear", 
        "value": 0.4237249125036664
    }, 
    "Ar39": {
        "error": 0.083318477625412835, 
        "fit": "linear", 
        "value": 40.151250734043913
    }, 
    "Ar40": {
        "error": 0.65686175831094495, 
        "fit": "linear", 
        "value": 2470.5863825177939
    }, 
    "Ar41": {
        "error": 0.13961138949657984, 
        "fit": "average_SEM", 
        "value": -0.29578533958540193
    }
}