{
    "Ar36": {
        "error": 0.0020682964555446587, 
        "fit": "linear", 
        "value": 0.018033208414350216
    }, 
    "Ar37": {
        "error": 0.14738605436748498, 
        "fit": "linear", 
        "value": 0.081146045175953779
    }, 
    "Ar38": {
        "error": 0.18331424089131207, 
        "fit": "linear", 
        "value": 0.28978479375679078
    }, 
    "Ar39": {
        "error": 0.074796151642791103, 
        "fit": "linear", 
        "value": 30.228906490439449
    }, 
    "Ar40": {
        "error": 0.60573684261640992, 
        "fit": "linear", 
        "value": 1859.1046885650394
    }, 
    "Ar41": {
        "error": 0.13236028350840695, 
        "fit": "average_SEM", 
        "value": -0.30168003460599319
    }
}