{
    "Ar36": {
        "error": 0.002243807174100916, 
        "fit": "linear", 
        "value": 0.024988254258516154
    }, 
    "Ar37": {
        "error": 0.12262881492897885, 
        "fit": "linear", 
        "value": 0.058675133761264563
    }, 
    "Ar38": {
        "error": 0.19513389061207617, 
        "fit": "linear", 
        "value": 0.20064134662558214
    }, 
    "Ar39": {
        "error": 0.078573662011200585, 
        "fit": "linear", 
        "value": 22.499576779681234
    }, 
    "Ar40": {
        "error": 0.4742419031760311, 
        "fit": "linear", 
        "value": 1384.920052011116
    }, 
    "Ar41": {
        "error": 0.13175934127522454, 
        "fit": "average_SEM", 
        "value": -0.33379473289888767
    }
}