{
    "Ar36": {
        "error": 0.0021266447294842135, 
        "fit": "linear", 
        "value": 0.026446415916267757
    }, 
    "Ar37": {
        "error": 0.1418509588781442, 
        "fit": "linear", 
        "value": 0.065329048149664379
    }, 
    "Ar38": {
        "error": 0.16715340567214373, 
        "fit": "linear", 
        "value": 0.056612814079257681
    }, 
    "Ar39": {
        "error": 0.064246926290337153, 
        "fit": "linear", 
        "value": 10.118001445379981
    }, 
    "Ar40": {
        "error": 0.32424226613579632, 
        "fit": "linear", 
        "value": 629.23483242360919
    }, 
    "Ar41": {
        "error": 0.13626457159918998, 
        "fit": "average_SEM", 
        "value": -0.34340056134387853
    }
}