{
    "Ar36": {
        "error": 0.002868151516133368, 
        "fit": "linear", 
        "value": 0.051279685134783155
    }, 
    "Ar37": {
        "error": 0.14088263466408035, 
        "fit": "linear", 
        "value": 0.11831342683993562
    }, 
    "Ar38": {
        "error": 0.20422218532709496, 
        "fit": "linear", 
        "value": 0.37720086858191659
    }, 
    "Ar39": {
        "error": 0.076999334166495292, 
        "fit": "linear", 
        "value": 35.144710713792364
    }, 
    "Ar40": {
        "error": 0.57031815533804187, 
        "fit": "linear", 
        "value": 2164.4712038477337
    }, 
    "Ar41": {
        "error": 0.15295970070696271, 
        "fit": "average_SEM", 
        "value": -0.31066116677183242
    }
}