{
    "Ar36": {
        "error": 0.0022138363920998425, 
        "fit": "linear", 
        "value": 0.02708511679814302
    }, 
    "Ar37": {
        "error": 0.1348676385885797, 
        "fit": "linear", 
        "value": 0.066686088586487668
    }, 
    "Ar38": {
        "error": 0.18412948699854723, 
        "fit": "linear", 
        "value": 0.10774288860699488
    }, 
    "Ar39": {
        "error": 0.065926373548857511, 
        "fit": "linear", 
        "value": 14.311511298423168
    }, 
    "Ar40": {
        "error": 0.38462620213836113, 
        "fit": "linear", 
        "value": 884.63530564538348
    }, 
    "Ar41": {
        "error": 0.12410218590459812, 
        "fit": "average_SEM", 
        "value": -0.33173530138770324
    }
}