{
    "Ar36": {
        "error": 0.0018820762577354475, 
        "fit": "linear", 
        "value": 0.018203599132247828
    }, 
    "Ar37": {
        "error": 0.14466488670337593, 
        "fit": "linear", 
        "value": 0.039144341329526225
    }, 
    "Ar38": {
        "error": 0.1795408586620752, 
        "fit": "linear", 
        "value": 0.1150181623551188
    }, 
    "Ar39": {
        "error": 0.070326115470838946, 
        "fit": "linear", 
        "value": 14.841598371245034
    }, 
    "Ar40": {
        "error": 0.37548570903297285, 
        "fit": "linear", 
        "value": 915.38427750869187
    }, 
    "Ar41": {
        "error": 0.14964212748446834, 
        "fit": "average_SEM", 
        "value": -0.33797466355479427
    }
}