{
    "Ar36": {
        "error": 0.0025999187935254113, 
        "fit": "linear", 
        "value": 0.039768840142396303
    }, 
    "Ar37": {
        "error": 0.13109551516760806, 
        "fit": "linear", 
        "value": 0.090371296880909641
    }, 
    "Ar38": {
        "error": 0.20779118444104711, 
        "fit": "linear", 
        "value": 0.54935340756491891
    }, 
    "Ar39": {
        "error": 0.086735668207310199, 
        "fit": "linear", 
        "value": 50.164284136864097
    }, 
    "Ar40": {
        "error": 0.8188831670251403, 
        "fit": "linear", 
        "value": 3081.1467667985276
    }, 
    "Ar41": {
        "error": 0.15285538422669503, 
        "fit": "average_SEM", 
        "value": -0.28304325437380207
    }
}