{
    "Ar36": {
        "error": 0.0017516014817622928, 
        "fit": "linear", 
        "value": 0.0202851420012835
    }, 
    "Ar37": {
        "error": 0.13767624202800699, 
        "fit": "linear", 
        "value": 0.062011537743094002
    }, 
    "Ar38": {
        "error": 0.21282259147247157, 
        "fit": "linear", 
        "value": 0.19726067666503094
    }, 
    "Ar39": {
        "error": 0.07846384933591935, 
        "fit": "linear", 
        "value": 22.810609629428065
    }, 
    "Ar40": {
        "error": 0.51374737194939413, 
        "fit": "linear", 
        "value": 1401.6809434791844
    }, 
    "Ar41": {
        "error": 0.14982131726611478, 
        "fit": "average_SEM", 
        "value": -0.32101668568534986
    }
}