{
    "Ar36": {
        "error": 0.0018485683025451856, 
        "fit": "linear", 
        "value": 0.017059423520258021
    }, 
    "Ar37": {
        "error": 0.13918147699032551, 
        "fit": "linear", 
        "value": 0.094948620608171844
    }, 
    "Ar38": {
        "error": 0.20193229677457941, 
        "fit": "linear", 
        "value": 0.21187024565398838
    }, 
    "Ar39": {
        "error": 0.07210548721888628, 
        "fit": "linear", 
        "value": 22.492198932949137
    }, 
    "Ar40": {
        "error": 0.49595095008154699, 
        "fit": "linear", 
        "value": 1380.4368527232855
    }, 
    "Ar41": {
        "error": 0.14234356873051354, 
        "fit": "average_SEM", 
        "value": -0.33285087209401859
    }
}