{
    "Ar36": {
        "error": 0.0015323984578311841, 
        "fit": "linear", 
        "value": 0.013891379160562012
    }, 
    "Ar37": {
        "error": 0.14127068555289518, 
        "fit": "linear", 
        "value": 0.051239573699789147
    }, 
    "Ar38": {
        "error": 0.17421028487231877, 
        "fit": "linear", 
        "value": 0.12731297033520309
    }, 
    "Ar39": {
        "error": 0.069062310001087313, 
        "fit": "linear", 
        "value": 12.867394800937006
    }, 
    "Ar40": {
        "error": 0.35795901905469729, 
        "fit": "linear", 
        "value": 791.76354944138177
    }, 
    "Ar41": {
        "error": 0.12797463836108497, 
        "fit": "average_SEM", 
        "value": -0.3461838801080982
    }
}