{
    "Ar36": {
        "error": 0.0016071819563220333, 
        "fit": "linear", 
        "value": 0.013915007492187777
    }, 
    "Ar37": {
        "error": 0.13452559412125742, 
        "fit": "linear", 
        "value": 0.085697198058043336
    }, 
    "Ar38": {
        "error": 0.22565480989038994, 
        "fit": "linear", 
        "value": 0.3334095479533532
    }, 
    "Ar39": {
        "error": 0.08297406019480702, 
        "fit": "linear", 
        "value": 33.322307844730616
    }, 
    "Ar40": {
        "error": 0.5774192452335255, 
        "fit": "linear", 
        "value": 2040.404255132431
    }, 
    "Ar41": {
        "error": 0.14205688789677565, 
        "fit": "average_SEM", 
        "value": -0.042884078559776148
    }
}