{
    "Ar36": {
        "error": 0.0039086771506321415, 
        "fit": "linear", 
        "value": 0.090496071307265891
    }, 
    "Ar37": {
        "error": 0.14412611111306603, 
        "fit": "linear", 
        "value": 0.084528639464202499
    }, 
    "Ar38": {
        "error": 0.21092305540492429, 
        "fit": "linear", 
        "value": 0.24006844116290701
    }, 
    "Ar39": {
        "error": 0.071105887139834179, 
        "fit": "linear", 
        "value": 26.080859851763957
    }, 
    "Ar40": {
        "error": 0.52362504305544966, 
        "fit": "linear", 
        "value": 1619.2067484069476
    }, 
    "Ar41": {
        "error": 0.12144019259484418, 
        "fit": "average_SEM", 
        "value": -0.055965235929195639
    }
}