{
    "Ar36": {
        "error": 0.063269003997354453, 
        "fit": "linear", 
        "value": 26.846702151293915
    }, 
    "Ar37": {
        "error": 0.14362591121312629, 
        "fit": "linear", 
        "value": 0.053543063775878627
    }, 
    "Ar38": {
        "error": 0.18580804754516128, 
        "fit": "linear", 
        "value": 5.187261047998792
    }, 
    "Ar39": {
        "error": 0.072948746391079441, 
        "fit": "linear", 
        "value": 27.246264038328526
    }, 
    "Ar40": {
        "error": 1.8905939558748766, 
        "fit": "linear", 
        "value": 9367.8466123625913
    }, 
    "Ar41": {
        "error": 0.13770320409718506, 
        "fit": "average_SEM", 
        "value": 0.075398534848419435
    }
}