{
    "Ar36": {
        "error": 0.0025219655866455478, 
        "fit": "linear", 
        "value": 0.028216512107726674
    }, 
    "Ar37": {
        "error": 0.12481891889390657, 
        "fit": "linear", 
        "value": 0.10817688483821761
    }, 
    "Ar38": {
        "error": 0.2182061132787956, 
        "fit": "linear", 
        "value": 0.47810061415989324
    }, 
    "Ar39": {
        "error": 0.08287910860727267, 
        "fit": "linear", 
        "value": 45.622074697369044
    }, 
    "Ar40": {
        "error": 0.72328707249405433, 
        "fit": "linear", 
        "value": 2798.8008478754518
    }, 
    "Ar41": {
        "error": 0.14240967516007638, 
        "fit": "average_SEM", 
        "value": -0.02585511161531839
    }
}