{
    "Ar36": {
        "error": 0.0036689068088402474, 
        "fit": "linear", 
        "value": 0.068970636411383651
    }, 
    "Ar37": {
        "error": 0.13260910683776783, 
        "fit": "linear", 
        "value": 0.11235358533848036
    }, 
    "Ar38": {
        "error": 0.21124176299325323, 
        "fit": "linear", 
        "value": 0.28622514355443451
    }, 
    "Ar39": {
        "error": 0.074353174005561212, 
        "fit": "linear", 
        "value": 30.800479679142363
    }, 
    "Ar40": {
        "error": 0.54648563568857422, 
        "fit": "linear", 
        "value": 1906.1675165841364
    }, 
    "Ar41": {
        "error": 0.14195129099180856, 
        "fit": "average_SEM", 
        "value": -0.047340781283047466
    }
}