{
    "Ar36": {
        "error": 0.0025534332612348917, 
        "fit": "linear", 
        "value": 0.039684931239719182
    }, 
    "Ar37": {
        "error": 0.13867242936861132, 
        "fit": "linear", 
        "value": 0.060066481259259993
    }, 
    "Ar38": {
        "error": 0.21743987660416264, 
        "fit": "linear", 
        "value": 0.22945987111493038
    }, 
    "Ar39": {
        "error": 0.075937254723387554, 
        "fit": "linear", 
        "value": 24.871026653326364
    }, 
    "Ar40": {
        "error": 0.5391325242884234, 
        "fit": "linear", 
        "value": 1534.3889435182637
    }, 
    "Ar41": {
        "error": 0.13525219508347791, 
        "fit": "average_SEM", 
        "value": -0.062229055911302567
    }
}