{
    "Ar36": {
        "error": 0.0019325107193096315, 
        "fit": "linear", 
        "value": 0.016389423383006141
    }, 
    "Ar37": {
        "error": 0.13765903876570251, 
        "fit": "linear", 
        "value": 0.091187750037554832
    }, 
    "Ar38": {
        "error": 0.2481819930915149, 
        "fit": "linear", 
        "value": 0.37992066839112265
    }, 
    "Ar39": {
        "error": 0.082296172411479143, 
        "fit": "linear", 
        "value": 38.339500453816754
    }, 
    "Ar40": {
        "error": 0.67245564329964103, 
        "fit": "linear", 
        "value": 2353.5360477323979
    }, 
    "Ar41": {
        "error": 0.13810757882246308, 
        "fit": "average_SEM", 
        "value": -0.05041721392578135
    }
}