{
    "Ar36": {
        "error": 0.0018099991488614983, 
        "fit": "linear", 
        "value": 0.015960874254204283
    }, 
    "Ar37": {
        "error": 0.14010397447784248, 
        "fit": "linear", 
        "value": 0.088611709158598603
    }, 
    "Ar38": {
        "error": 0.19981193361750638, 
        "fit": "linear", 
        "value": 0.14496860961719618
    }, 
    "Ar39": {
        "error": 0.06630636920731986, 
        "fit": "linear", 
        "value": 15.347732377411461
    }, 
    "Ar40": {
        "error": 0.36999448452222927, 
        "fit": "linear", 
        "value": 944.67315876089242
    }, 
    "Ar41": {
        "error": 0.14444988203684112, 
        "fit": "average_SEM", 
        "value": -0.05227509311710795
    }
}