{
    "AX": {
        "error": 0.05107260408040784, 
        "fit": "average_SEM", 
        "value": 0.0030565403222378032
    }, 
    "CDD": {
        "error": 4.579482440770553e-05, 
        "fit": "average_SEM", 
        "value": 1.1660203017527238e-05
    }, 
    "H1": {
        "error": 0.12565003329029575, 
        "fit": "average_SEM", 
        "value": 0.059367086210598545
    }, 
    "H2": {
        "error": 0.13864415145723727, 
        "fit": "average_SEM", 
        "value": -0.023138673165036986
    }, 
    "L1": {
        "error": 0.1648113644656019, 
        "fit": "average_SEM", 
        "value": -0.07095520149062698
    }, 
    "L2": {
        "error": 0.13545302339920828, 
        "fit": "average_SEM", 
        "value": -0.02696482666281857
    }
}