{
    "AX": {
        "error": 0.05122665610165636, 
        "fit": "average_SEM", 
        "value": -0.05279816014420551
    }, 
    "CDD": {
        "error": 4.9352725541812554e-05, 
        "fit": "average_SEM", 
        "value": 1.42513592436444e-05
    }, 
    "H1": {
        "error": 0.1275875286391705, 
        "fit": "average_SEM", 
        "value": 0.028402679448481648
    }, 
    "H2": {
        "error": 0.12913685942710382, 
        "fit": "average_SEM", 
        "value": -0.10735087694289784
    }, 
    "L1": {
        "error": 0.15884485862053063, 
        "fit": "average_SEM", 
        "value": -0.07294835373516738
    }, 
    "L2": {
        "error": 0.13972633782189786, 
        "fit": "average_SEM", 
        "value": 0.045464915014660316
    }
}