{
    "AX": {
        "error": 0.0547418617390737, 
        "fit": "average_SEM", 
        "value": -0.018609912262278764
    }, 
    "CDD": {
        "error": 9.769712794562031e-05, 
        "fit": "average_SEM", 
        "value": 6.348332778240243e-05
    }, 
    "H1": {
        "error": 0.11867762613326141, 
        "fit": "average_SEM", 
        "value": -0.0461125808263508
    }, 
    "H2": {
        "error": 0.12580749578333023, 
        "fit": "average_SEM", 
        "value": 0.2479611129926828
    }, 
    "L1": {
        "error": 0.13541872836810345, 
        "fit": "average_SEM", 
        "value": -0.0851725769850115
    }, 
    "L2": {
        "error": 0.142244968750214, 
        "fit": "average_SEM", 
        "value": -0.009025658203366522
    }
}