{
    "AX": {
        "error": 0.059953327161806395, 
        "fit": "average_SEM", 
        "value": -0.04249471993437813
    }, 
    "CDD": {
        "error": 0.00014364827821717403, 
        "fit": "average_SEM", 
        "value": 0.00010753298483905383
    }, 
    "H1": {
        "error": 0.1294342846611772, 
        "fit": "average_SEM", 
        "value": 0.030902694713828775
    }, 
    "H2": {
        "error": 0.12954998131398027, 
        "fit": "average_SEM", 
        "value": -0.11401452177281803
    }, 
    "L1": {
        "error": 0.1403782550563239, 
        "fit": "average_SEM", 
        "value": -0.09037938850427357
    }, 
    "L2": {
        "error": 0.12475393896973162, 
        "fit": "average_SEM", 
        "value": -0.11605216276366263
    }
}