{
    "AX": {
        "error": 0.054149866770382006, 
        "fit": "average_SEM", 
        "value": -0.05430932549625141
    }, 
    "CDD": {
        "error": 4.504953748217626e-05, 
        "fit": "average_SEM", 
        "value": 1.42513592436444e-05
    }, 
    "H1": {
        "error": 0.13266726427164052, 
        "fit": "average_SEM", 
        "value": 0.025053934755851513
    }, 
    "H2": {
        "error": 0.14857442469088533, 
        "fit": "average_SEM", 
        "value": -0.3497930370969698
    }, 
    "L1": {
        "error": 0.12103687365008238, 
        "fit": "average_SEM", 
        "value": -0.06357721640239712
    }, 
    "L2": {
        "error": 0.12504003640749736, 
        "fit": "average_SEM", 
        "value": 0.05949142457296451
    }
}