{
    "AX": {
        "error": 0.05763075511393883, 
        "fit": "average_SEM", 
        "value": -0.04903167586501998
    }, 
    "CDD": {
        "error": 4.5049537482176254e-05, 
        "fit": "average_SEM", 
        "value": 1.42513592436444e-05
    }, 
    "H1": {
        "error": 0.12372335634962957, 
        "fit": "average_SEM", 
        "value": 0.031537095398137656
    }, 
    "H2": {
        "error": 0.12914819332307936, 
        "fit": "average_SEM", 
        "value": -0.36293924058166643
    }, 
    "L1": {
        "error": 0.16609370395262615, 
        "fit": "average_SEM", 
        "value": -0.0709467867515438
    }, 
    "L2": {
        "error": 0.13439926755757528, 
        "fit": "average_SEM", 
        "value": 0.01660904620948713
    }
}