{
    "AX": {
        "error": 0.04695679032922472, 
        "fit": "average_SEM", 
        "value": -0.020552759063745422
    }, 
    "CDD": {
        "error": 0.00011036371872717009, 
        "fit": "average_SEM", 
        "value": 7.514353079992967e-05
    }, 
    "H1": {
        "error": 0.1393391597612248, 
        "fit": "average_SEM", 
        "value": -0.013477254843261713
    }, 
    "H2": {
        "error": 0.15825984461179451, 
        "fit": "average_SEM", 
        "value": 0.014154101591945316
    }, 
    "L1": {
        "error": 0.12437684398388893, 
        "fit": "average_SEM", 
        "value": -0.02249483376654098
    }, 
    "L2": {
        "error": 0.12782276625942818, 
        "fit": "average_SEM", 
        "value": 0.049433010603146005
    }
}