{
    "AX": {
        "error": 0.051030978855418456, 
        "fit": "average_SEM", 
        "value": -0.03280076665153805
    }, 
    "CDD": {
        "error": 0.00011338960150326889, 
        "fit": "average_SEM", 
        "value": 0.00010105509330363324
    }, 
    "H1": {
        "error": 0.14018651184389397, 
        "fit": "average_SEM", 
        "value": -0.0021711331772773217
    }, 
    "H2": {
        "error": 0.14764305578863374, 
        "fit": "average_SEM", 
        "value": -0.11432914033066481
    }, 
    "L1": {
        "error": 0.13836814341067089, 
        "fit": "average_SEM", 
        "value": -0.17100270549417473
    }, 
    "L2": {
        "error": 0.12771097941270038, 
        "fit": "average_SEM", 
        "value": -0.12424160576774738
    }
}