{
    "AX": {
        "error": 0.058989839946199524, 
        "fit": "average_SEM", 
        "value": -0.04666252248377229
    }, 
    "CDD": {
        "error": 3.954729017938869e-05, 
        "fit": "average_SEM", 
        "value": 7.773468678351491e-06
    }, 
    "H1": {
        "error": 0.13176396736077253, 
        "fit": "average_SEM", 
        "value": 0.018193490514628746
    }, 
    "H2": {
        "error": 0.15932050803400824, 
        "fit": "average_SEM", 
        "value": -0.35939920898526906
    }, 
    "L1": {
        "error": 0.17641440859935031, 
        "fit": "average_SEM", 
        "value": -0.11485851018927254
    }, 
    "L2": {
        "error": 0.13370369810596694, 
        "fit": "average_SEM", 
        "value": -0.00362497540578867
    }
}