{
    "AX": {
        "error": 0.06268668796346004, 
        "fit": "average_SEM", 
        "value": -0.03595859626972621
    }, 
    "CDD": {
        "error": 0.00013467813936269475, 
        "fit": "average_SEM", 
        "value": 0.00010105509378869708
    }, 
    "H1": {
        "error": 0.1402015396075955, 
        "fit": "average_SEM", 
        "value": 0.028860732746640375
    }, 
    "H2": {
        "error": 0.1384424646776337, 
        "fit": "average_SEM", 
        "value": -0.3493442011997104
    }, 
    "L1": {
        "error": 0.12786879898050185, 
        "fit": "average_SEM", 
        "value": -0.14935038938807946
    }, 
    "L2": {
        "error": 0.1350933487597416, 
        "fit": "average_SEM", 
        "value": -0.09764768699242268
    }
}