{
    "AX": {
        "error": 0.05022531988622417, 
        "fit": "average_SEM", 
        "value": -0.03801805762729297
    }, 
    "CDD": {
        "error": 0.00013123448438746122, 
        "fit": "average_SEM", 
        "value": 0.0001101241413077029
    }, 
    "H1": {
        "error": 0.12176921155519614, 
        "fit": "average_SEM", 
        "value": 0.024740471716116492
    }, 
    "H2": {
        "error": 0.12422580103881878, 
        "fit": "average_SEM", 
        "value": -0.1089539365057135
    }, 
    "L1": {
        "error": 0.1297385082767524, 
        "fit": "average_SEM", 
        "value": -0.09823856572499305
    }, 
    "L2": {
        "error": 0.12873857213698217, 
        "fit": "average_SEM", 
        "value": -0.13661527570802717
    }
}