{
    "AX": {
        "error": 0.07138156619998381, 
        "fit": "average_SEM", 
        "value": -0.05678976628708673
    }, 
    "CDD": {
        "error": 3.119713176935617e-05, 
        "fit": "average_SEM", 
        "value": 6.47789056529291e-06
    }, 
    "H1": {
        "error": 0.12319203785936629, 
        "fit": "average_SEM", 
        "value": 0.023777678025847612
    }, 
    "H2": {
        "error": 0.14356592995346762, 
        "fit": "average_SEM", 
        "value": -0.3597352715752398
    }, 
    "L1": {
        "error": 0.1511284298830754, 
        "fit": "average_SEM", 
        "value": -0.051966761960648
    }, 
    "L2": {
        "error": 0.14005826888159148, 
        "fit": "average_SEM", 
        "value": 0.07040989742235979
    }
}