{
    "AX": {
        "error": 0.05341773142964797, 
        "fit": "average_SEM", 
        "value": -0.00014686121479220068
    }, 
    "CDD": {
        "error": 6.352341981037312e-05, 
        "fit": "average_SEM", 
        "value": 2.072924980893731e-05
    }, 
    "H1": {
        "error": 0.12629260285585253, 
        "fit": "average_SEM", 
        "value": 0.04616300672059879
    }, 
    "H2": {
        "error": 0.13360262100316783, 
        "fit": "average_SEM", 
        "value": -0.02894718636331769
    }, 
    "L1": {
        "error": 0.15338045067665382, 
        "fit": "average_SEM", 
        "value": -0.0443064348345312
    }, 
    "L2": {
        "error": 0.14055194235308902, 
        "fit": "average_SEM", 
        "value": -0.07149754425045103
    }
}