{
    "AX": {
        "error": 0.0046021788363015854, 
        "fit": "average", 
        "value": -0.04743759344875861
    }, 
    "CDD": {
        "error": 2.847895466589571e-06, 
        "fit": "average", 
        "value": 6.47789056529291e-06
    }, 
    "H1": {
        "error": 0.008912167565524372, 
        "fit": "average", 
        "value": 0.03555772192326881
    }, 
    "H2": {
        "error": 0.010665217588072408, 
        "fit": "average", 
        "value": -0.34386635680907757
    }, 
    "L1": {
        "error": 0.009447347759393938, 
        "fit": "average", 
        "value": -0.06280538450990772
    }, 
    "L2": {
        "error": 0.010952139055246793, 
        "fit": "average", 
        "value": 0.02941280866636791
    }
}