{
    "AX": {
        "error": 0.05847223163789424, 
        "fit": "average_SEM", 
        "value": -0.004470937993028201
    }, 
    "CDD": {
        "error": 5.6769388602573106e-05, 
        "fit": "average_SEM", 
        "value": 2.072924980893731e-05
    }, 
    "H1": {
        "error": 0.11400745362690456, 
        "fit": "average_SEM", 
        "value": 0.027664692864830916
    }, 
    "H2": {
        "error": 0.1172553248473973, 
        "fit": "average_SEM", 
        "value": 0.24957259302027524
    }, 
    "L1": {
        "error": 0.14573225005054302, 
        "fit": "average_SEM", 
        "value": -0.08641061762064055
    }, 
    "L2": {
        "error": 0.1442072706083094, 
        "fit": "average_SEM", 
        "value": -0.06600585936103016
    }
}