{
    "AX": {
        "error": 0.053787815529533, 
        "fit": "average_SEM", 
        "value": -0.05385050009839081
    }, 
    "CDD": {
        "error": 5.1714137809653825e-05, 
        "fit": "average_SEM", 
        "value": 1.295578113058582e-05
    }, 
    "H1": {
        "error": 0.12467592913341846, 
        "fit": "average_SEM", 
        "value": 0.002308862953213975
    }, 
    "H2": {
        "error": 0.13117721224674386, 
        "fit": "average_SEM", 
        "value": -0.379924760820965
    }, 
    "L1": {
        "error": 0.18710414261261785, 
        "fit": "average_SEM", 
        "value": -0.09482054302740532
    }, 
    "L2": {
        "error": 0.1389922598157999, 
        "fit": "average_SEM", 
        "value": 0.01882301587126373
    }
}