{
    "AX": {
        "error": 0.06467064727689402, 
        "fit": "average_SEM", 
        "value": -0.009001221121434356
    }, 
    "CDD": {
        "error": 4.504953748217625e-05, 
        "fit": "average_SEM", 
        "value": 1.42513592436444e-05
    }, 
    "H1": {
        "error": 0.11934586834536676, 
        "fit": "average_SEM", 
        "value": 0.04329227394676612
    }, 
    "H2": {
        "error": 0.10981982468019781, 
        "fit": "average_SEM", 
        "value": 0.24178748028546881
    }, 
    "L1": {
        "error": 0.18490877989446292, 
        "fit": "average_SEM", 
        "value": -0.0830415996722877
    }, 
    "L2": {
        "error": 0.12489580243130419, 
        "fit": "average_SEM", 
        "value": -0.07658660383409975
    }
}