{
    "AX": {
        "error": 0.05582323405504917, 
        "fit": "average_SEM", 
        "value": -0.03755622854854058
    }, 
    "CDD": {
        "error": 0.00012248858819303068, 
        "fit": "average_SEM", 
        "value": 8.2916999963345e-05
    }, 
    "H1": {
        "error": 0.12143454543200644, 
        "fit": "average_SEM", 
        "value": 0.02888195351115428
    }, 
    "H2": {
        "error": 0.15406509828689818, 
        "fit": "average_SEM", 
        "value": -0.3767560523469001
    }, 
    "L1": {
        "error": 0.1517712544108069, 
        "fit": "average_SEM", 
        "value": -0.14436021979393748
    }, 
    "L2": {
        "error": 0.13435159714503947, 
        "fit": "average_SEM", 
        "value": -0.12104936001705938
    }
}