{
    "Ar36": {
        "error": 0.033566899618701546, 
        "fit": "parabolic", 
        "value": 8.4386385224707361
    }, 
    "Ar37": {
        "error": 0.13628853266435831, 
        "fit": "linear", 
        "value": 0.039167197710806068
    }, 
    "Ar38": {
        "error": 0.13500979910333014, 
        "fit": "linear", 
        "value": 1.53605267668475
    }, 
    "Ar39": {
        "error": 0.059066206284576095, 
        "fit": "parabolic", 
        "value": -0.050457305445969977
    }, 
    "Ar40": {
        "error": 0.60054804198143841, 
        "fit": "parabolic", 
        "value": 2558.5642902364107
    }, 
    "Ar41": {
        "error": 0.150706906369277, 
        "fit": "average_SEM", 
        "value": 0.049995012134895662
    }
}