{
    "Ar36": {
        "error": 0.0070126045245501312, 
        "fit": "parabolic", 
        "value": 0.32252841869957571
    }, 
    "Ar37": {
        "error": 0.12623009464364393, 
        "fit": "linear", 
        "value": -0.11717900409008615
    }, 
    "Ar38": {
        "error": 0.12011098524667962, 
        "fit": "linear", 
        "value": -0.10594834968689149
    }, 
    "Ar39": {
        "error": 0.055299696324538024, 
        "fit": "parabolic", 
        "value": -0.010283648751845658
    }, 
    "Ar40": {
        "error": 0.17842579984190571, 
        "fit": "parabolic", 
        "value": 97.476866906716253
    }, 
    "Ar41": {
        "error": 0.13452364776870335, 
        "fit": "average_SEM", 
        "value": -0.11847322809917386
    }
}