{
    "Ar36": {
        "error": 0.0066978519649424041, 
        "fit": "parabolic", 
        "value": 0.2989616062215591
    }, 
    "Ar37": {
        "error": 0.13275134594314261, 
        "fit": "linear", 
        "value": 0.043777376135369271
    }, 
    "Ar38": {
        "error": 0.17390173909453108, 
        "fit": "linear", 
        "value": -0.037633798725267294
    }, 
    "Ar39": {
        "error": 0.056567233344740633, 
        "fit": "parabolic", 
        "value": -0.040470844036747791
    }, 
    "Ar40": {
        "error": 0.16337521854645126, 
        "fit": "parabolic", 
        "value": 90.966753541120568
    }, 
    "Ar41": {
        "error": 0.13425093907280036, 
        "fit": "average_SEM", 
        "value": -0.35404440891463307
    }
}