{
    "Ar36": {
        "error": 0.0062405379484153731, 
        "fit": "parabolic", 
        "value": 0.2989338931706822
    }, 
    "Ar37": {
        "error": 0.14606267840104081, 
        "fit": "linear", 
        "value": -0.0044224565303203839
    }, 
    "Ar38": {
        "error": 0.16364663572071339, 
        "fit": "linear", 
        "value": -0.028819676244632757
    }, 
    "Ar39": {
        "error": 0.05683709336625932, 
        "fit": "parabolic", 
        "value": -0.0090778703595712721
    }, 
    "Ar40": {
        "error": 0.16777915571152796, 
        "fit": "parabolic", 
        "value": 90.542397506322288
    }, 
    "Ar41": {
        "error": 0.12785503168785856, 
        "fit": "average_SEM", 
        "value": -0.3849697455018759
    }
}