{
    "Ar36": {
        "error": 0.0077815079576723243, 
        "fit": "parabolic", 
        "value": 0.32160312397583801
    }, 
    "Ar37": {
        "error": 0.13898172314576676, 
        "fit": "linear", 
        "value": -0.063863622633297354
    }, 
    "Ar38": {
        "error": 0.11574953514494084, 
        "fit": "linear", 
        "value": -0.084844461007585123
    }, 
    "Ar39": {
        "error": 0.059626409377793982, 
        "fit": "parabolic", 
        "value": -0.033571225144345754
    }, 
    "Ar40": {
        "error": 0.18018997480022189, 
        "fit": "parabolic", 
        "value": 97.527785863228004
    }, 
    "Ar41": {
        "error": 0.13559090749754646, 
        "fit": "average_SEM", 
        "value": -0.09058946861536242
    }
}