{
    "Ar36": {
        "error": 0.035200112287765074, 
        "fit": "parabolic", 
        "value": 8.454611344450834
    }, 
    "Ar37": {
        "error": 0.13166861617873812, 
        "fit": "linear", 
        "value": 0.038941143717654544
    }, 
    "Ar38": {
        "error": 0.13849900322290581, 
        "fit": "linear", 
        "value": 1.5787779785820373
    }, 
    "Ar39": {
        "error": 0.060100418914562727, 
        "fit": "parabolic", 
        "value": -0.038245915285417757
    }, 
    "Ar40": {
        "error": 0.61075278032933555, 
        "fit": "parabolic", 
        "value": 2560.0990916536548
    }, 
    "Ar41": {
        "error": 0.13612986870397736, 
        "fit": "average_SEM", 
        "value": 0.047380767686408948
    }
}