{
    "Ar36": {
        "error": 0.0062702841730894266, 
        "fit": "parabolic", 
        "value": 0.32008975086101432
    }, 
    "Ar37": {
        "error": 0.13821033809429897, 
        "fit": "linear", 
        "value": -0.08136142926146811
    }, 
    "Ar38": {
        "error": 0.14659151552455155, 
        "fit": "linear", 
        "value": -0.088113647592218486
    }, 
    "Ar39": {
        "error": 0.057982405867857814, 
        "fit": "parabolic", 
        "value": -0.015547273964479125
    }, 
    "Ar40": {
        "error": 0.16883425739733118, 
        "fit": "parabolic", 
        "value": 97.56907253517393
    }, 
    "Ar41": {
        "error": 0.13655841161275306, 
        "fit": "average_SEM", 
        "value": -0.36620553199434652
    }
}