{
    "Ar36": {
        "error": 0.0065645216870887872, 
        "fit": "parabolic", 
        "value": 0.29760602211079373
    }, 
    "Ar37": {
        "error": 0.13687569184464823, 
        "fit": "linear", 
        "value": 0.069984269665445256
    }, 
    "Ar38": {
        "error": 0.14864393996380096, 
        "fit": "linear", 
        "value": -0.0026323965713555397
    }, 
    "Ar39": {
        "error": 0.057250776635185706, 
        "fit": "parabolic", 
        "value": -0.031649340370649648
    }, 
    "Ar40": {
        "error": 0.18158568277121867, 
        "fit": "parabolic", 
        "value": 90.688357452031084
    }, 
    "Ar41": {
        "error": 0.14439364756411066, 
        "fit": "average_SEM", 
        "value": -0.33528014896321112
    }
}