{
    "Ar36": {
        "error": 0.0066427100485151576, 
        "fit": "parabolic", 
        "value": 0.29776996244827225
    }, 
    "Ar37": {
        "error": 0.14527186857590552, 
        "fit": "linear", 
        "value": 0.0022933321718123052
    }, 
    "Ar38": {
        "error": 0.14702619566663958, 
        "fit": "linear", 
        "value": -0.085643650880588257
    }, 
    "Ar39": {
        "error": 0.062220497682187487, 
        "fit": "parabolic", 
        "value": -0.031954465827230723
    }, 
    "Ar40": {
        "error": 0.17109347467261199, 
        "fit": "parabolic", 
        "value": 90.615358310567203
    }, 
    "Ar41": {
        "error": 0.12403215233843105, 
        "fit": "average_SEM", 
        "value": -0.37763939111726358
    }
}