{
    "Ar36": {
        "error": 0.0069989372411718856, 
        "fit": "parabolic", 
        "value": 0.31815255640761941
    }, 
    "Ar37": {
        "error": 0.13744487262259264, 
        "fit": "linear", 
        "value": -0.10848040606470838
    }, 
    "Ar38": {
        "error": 0.14844110064469276, 
        "fit": "linear", 
        "value": -0.03268443648801482
    }, 
    "Ar39": {
        "error": 0.058343240330055939, 
        "fit": "parabolic", 
        "value": -0.020264537327883914
    }, 
    "Ar40": {
        "error": 0.17925388807395365, 
        "fit": "parabolic", 
        "value": 97.218909894232667
    }, 
    "Ar41": {
        "error": 0.12459244559488712, 
        "fit": "average_SEM", 
        "value": -0.10781992051372072
    }
}