{
    "Ar36": {
        "error": 0.0070353945744398199, 
        "fit": "parabolic", 
        "value": 0.31999776022797077
    }, 
    "Ar37": {
        "error": 0.14124194748684987, 
        "fit": "linear", 
        "value": -0.080969909407477128
    }, 
    "Ar38": {
        "error": 0.13392946384817087, 
        "fit": "linear", 
        "value": -0.075206498081847151
    }, 
    "Ar39": {
        "error": 0.058651360221106466, 
        "fit": "parabolic", 
        "value": -0.0047443266635651916
    }, 
    "Ar40": {
        "error": 0.18856517025661804, 
        "fit": "parabolic", 
        "value": 97.381773071543677
    }, 
    "Ar41": {
        "error": 0.13142947444847497, 
        "fit": "average_SEM", 
        "value": -0.38393730561307166
    }
}