{
    "Ar36": {
        "error": 0.0064648866052635021, 
        "fit": "parabolic", 
        "value": 0.31751894691233329
    }, 
    "Ar37": {
        "error": 0.13021950546496022, 
        "fit": "linear", 
        "value": -0.083963702037218216
    }, 
    "Ar38": {
        "error": 0.13929094091005803, 
        "fit": "linear", 
        "value": -0.018920392939821753
    }, 
    "Ar39": {
        "error": 0.060274251127572481, 
        "fit": "parabolic", 
        "value": -0.010625126814074161
    }, 
    "Ar40": {
        "error": 0.18686798705554747, 
        "fit": "parabolic", 
        "value": 97.144143512231153
    }, 
    "Ar41": {
        "error": 0.13069310471069254, 
        "fit": "average_SEM", 
        "value": -0.10417195445785182
    }
}