{
    "Ar36": {
        "error": 0.0069020326882076391, 
        "fit": "parabolic", 
        "value": 0.29801894477179636
    }, 
    "Ar37": {
        "error": 0.13429400432666633, 
        "fit": "linear", 
        "value": 0.03005641068834182
    }, 
    "Ar38": {
        "error": 0.1666429864316567, 
        "fit": "linear", 
        "value": -0.040981929549871794
    }, 
    "Ar39": {
        "error": 0.058591608457545984, 
        "fit": "parabolic", 
        "value": -0.01951883987971836
    }, 
    "Ar40": {
        "error": 0.17679331483306193, 
        "fit": "parabolic", 
        "value": 90.673074575019612
    }, 
    "Ar41": {
        "error": 0.14582302466748792, 
        "fit": "average_SEM", 
        "value": -0.36380745391128583
    }
}