{
    "Ar36": {
        "error": 0.0069902538330036627, 
        "fit": "parabolic", 
        "value": 0.29878837336014552
    }, 
    "Ar37": {
        "error": 0.13797353394749101, 
        "fit": "linear", 
        "value": 0.035692718922774549
    }, 
    "Ar38": {
        "error": 0.15554506475770533, 
        "fit": "linear", 
        "value": -0.032639980023318096
    }, 
    "Ar39": {
        "error": 0.058855878718022059, 
        "fit": "parabolic", 
        "value": -0.035571125371216691
    }, 
    "Ar40": {
        "error": 0.16762131852451442, 
        "fit": "parabolic", 
        "value": 90.682162157606399
    }, 
    "Ar41": {
        "error": 0.14551434602840513, 
        "fit": "average_SEM", 
        "value": -0.35447461228119209
    }
}