{
    "Ar36": {
        "error": 0.0068108509416642156, 
        "fit": "parabolic", 
        "value": 0.29802181226735597
    }, 
    "Ar37": {
        "error": 0.13120816190169338, 
        "fit": "linear", 
        "value": 0.037935274287621445
    }, 
    "Ar38": {
        "error": 0.1572216186108876, 
        "fit": "linear", 
        "value": -0.005213968554632565
    }, 
    "Ar39": {
        "error": 0.058673039337825202, 
        "fit": "parabolic", 
        "value": -0.031602384645985672
    }, 
    "Ar40": {
        "error": 0.17777181274680534, 
        "fit": "parabolic", 
        "value": 90.652658659352454
    }, 
    "Ar41": {
        "error": 0.13549966381994297, 
        "fit": "average_SEM", 
        "value": -0.35081647158483975
    }
}