{
    "Ar36": {
        "error": 0.0065593316880747004, 
        "fit": "parabolic", 
        "value": 0.30072560837900275
    }, 
    "Ar37": {
        "error": 0.13762523762026724, 
        "fit": "linear", 
        "value": 0.036921648923201392
    }, 
    "Ar38": {
        "error": 0.14642039852081401, 
        "fit": "linear", 
        "value": -0.042543794399196089
    }, 
    "Ar39": {
        "error": 0.059988174450208986, 
        "fit": "parabolic", 
        "value": -0.025960596675244391
    }, 
    "Ar40": {
        "error": 0.18052145821112303, 
        "fit": "parabolic", 
        "value": 90.728764284598356
    }, 
    "Ar41": {
        "error": 0.12516615061017067, 
        "fit": "average_SEM", 
        "value": -0.34140509014949205
    }
}