{
    "Ar36": {
        "error": 0.00089289973205680336, 
        "fit": "parabolic", 
        "value": 0.29810271559324863
    }, 
    "Ar37": {
        "error": 0.012160292564630542, 
        "fit": "linear", 
        "value": 0.079364312599122175
    }, 
    "Ar38": {
        "error": 0.011551416390793453, 
        "fit": "linear", 
        "value": -0.028740512507279187
    }, 
    "Ar39": {
        "error": 0.0080599357837028342, 
        "fit": "parabolic", 
        "value": -0.015512257382810962
    }, 
    "Ar40": {
        "error": 0.025277489113712817, 
        "fit": "parabolic", 
        "value": 90.704286104323671
    }, 
    "Ar41": {
        "error": 0.012953991642584031, 
        "fit": "linear", 
        "value": -0.33565678687141731
    }
}