{
    "Ar36": {
        "error": 0.035332634966605589, 
        "fit": "parabolic", 
        "value": 8.4156782820876934
    }, 
    "Ar37": {
        "error": 0.1392774894827547, 
        "fit": "linear", 
        "value": 0.0091880626721593875
    }, 
    "Ar38": {
        "error": 0.14285076186592222, 
        "fit": "linear", 
        "value": 1.5316752888205185
    }, 
    "Ar39": {
        "error": 0.059477775780350489, 
        "fit": "parabolic", 
        "value": -0.044508672204811764
    }, 
    "Ar40": {
        "error": 0.62924753791288468, 
        "fit": "parabolic", 
        "value": 2554.8718908035153
    }, 
    "Ar41": {
        "error": 0.1255591902195296, 
        "fit": "average_SEM", 
        "value": 0.30311190956796052
    }
}