{
    "Ar36": {
        "error": 0.0069158160651969338, 
        "fit": "parabolic", 
        "value": 0.31619311693432306
    }, 
    "Ar37": {
        "error": 0.13575647117694681, 
        "fit": "linear", 
        "value": 0.067313268642214361
    }, 
    "Ar38": {
        "error": 0.14231318027726897, 
        "fit": "linear", 
        "value": -0.016827362690889767
    }, 
    "Ar39": {
        "error": 0.055355848214941793, 
        "fit": "parabolic", 
        "value": -0.016066201670809594
    }, 
    "Ar40": {
        "error": 0.17471061612563041, 
        "fit": "parabolic", 
        "value": 96.206261234219909
    }, 
    "Ar41": {
        "error": 0.13539334313566725, 
        "fit": "average_SEM", 
        "value": -0.093950862597266677
    }
}