{
    "Ar36": {
        "error": 0.0068455261909164773, 
        "fit": "parabolic", 
        "value": 0.3162855129784834
    }, 
    "Ar37": {
        "error": 0.13393839557303783, 
        "fit": "linear", 
        "value": 0.056653942781591089
    }, 
    "Ar38": {
        "error": 0.15568863490062643, 
        "fit": "linear", 
        "value": 7.5855693676494173e-05
    }, 
    "Ar39": {
        "error": 0.060567467391887723, 
        "fit": "parabolic", 
        "value": -0.015315602852124294
    }, 
    "Ar40": {
        "error": 0.1768131614094357, 
        "fit": "parabolic", 
        "value": 96.196264103234427
    }, 
    "Ar41": {
        "error": 0.14185147793900599, 
        "fit": "average_SEM", 
        "value": -0.35595522772055121
    }
}