{
    "Ar36": {
        "error": 0.0068171557896872809, 
        "fit": "parabolic", 
        "value": 0.319854405666474
    }, 
    "Ar37": {
        "error": 0.12704272122437765, 
        "fit": "linear", 
        "value": -0.10595097803615403
    }, 
    "Ar38": {
        "error": 0.13146107749853206, 
        "fit": "linear", 
        "value": -0.10807212805224074
    }, 
    "Ar39": {
        "error": 0.05888227700571446, 
        "fit": "parabolic", 
        "value": -0.035123164668585768
    }, 
    "Ar40": {
        "error": 0.16880185462874006, 
        "fit": "parabolic", 
        "value": 97.217720975028357
    }, 
    "Ar41": {
        "error": 0.13242127624186437, 
        "fit": "average_SEM", 
        "value": -0.097995410914008971
    }
}