{
    "Ar36": {
        "error": 0.0073741835796861362, 
        "fit": "parabolic", 
        "value": 0.31618251573522954
    }, 
    "Ar37": {
        "error": 0.13746222156942484, 
        "fit": "linear", 
        "value": 0.05336541229190532
    }, 
    "Ar38": {
        "error": 0.14240864200855527, 
        "fit": "linear", 
        "value": -0.0023080321835705448
    }, 
    "Ar39": {
        "error": 0.062384514984610576, 
        "fit": "parabolic", 
        "value": -0.022571549461976006
    }, 
    "Ar40": {
        "error": 0.18264550716342962, 
        "fit": "parabolic", 
        "value": 96.123771388291047
    }, 
    "Ar41": {
        "error": 0.13793823299525212, 
        "fit": "average_SEM", 
        "value": -0.35240710844052958
    }
}