{
    "Ar36": {
        "error": 0.00236369029806077, 
        "fit": "parabolic", 
        "value": 0.031968998625029159
    }, 
    "Ar37": {
        "error": 0.12832751416943461, 
        "fit": "linear", 
        "value": -0.12814450469889177
    }, 
    "Ar38": {
        "error": 0.14168574331730968, 
        "fit": "linear", 
        "value": 1.237488137798517
    }, 
    "Ar39": {
        "error": 0.11514758097229999, 
        "fit": "parabolic", 
        "value": 110.97316978280281
    }, 
    "Ar40": {
        "error": 0.49794264454488596, 
        "fit": "parabolic", 
        "value": 1532.150715462227
    }, 
    "Ar41": {
        "error": 0.1368594872895528, 
        "fit": "average_SEM", 
        "value": -0.084229770543679472
    }
}