{
    "Ar36": {
        "error": 0.0062776050479116802, 
        "fit": "parabolic", 
        "value": 0.27715967177289164
    }, 
    "Ar37": {
        "error": 0.142808376142605, 
        "fit": "linear", 
        "value": -0.0095269535266913133
    }, 
    "Ar38": {
        "error": 0.14762059404504455, 
        "fit": "linear", 
        "value": 0.004131475241568398
    }, 
    "Ar39": {
        "error": 0.058043752198631622, 
        "fit": "parabolic", 
        "value": 0.01290250589538737
    }, 
    "Ar40": {
        "error": 0.17706068911539488, 
        "fit": "parabolic", 
        "value": 84.526406254829269
    }, 
    "Ar41": {
        "error": 0.13086675874648199, 
        "fit": "average_SEM", 
        "value": -0.015792904012305372
    }
}