{
    "Ar36": {
        "error": 0.0060479098032936917, 
        "fit": "parabolic", 
        "value": 0.27671916827391513
    }, 
    "Ar37": {
        "error": 0.1443531515875921, 
        "fit": "linear", 
        "value": -0.032468387095040456
    }, 
    "Ar38": {
        "error": 0.15288222872219021, 
        "fit": "linear", 
        "value": -0.027797822349398565
    }, 
    "Ar39": {
        "error": 0.057294934718625644, 
        "fit": "parabolic", 
        "value": 0.021699757394830686
    }, 
    "Ar40": {
        "error": 0.17040215461322258, 
        "fit": "parabolic", 
        "value": 84.548535511369579
    }, 
    "Ar41": {
        "error": 0.12561214025867815, 
        "fit": "average_SEM", 
        "value": 0.2359677645858998
    }
}