{
    "Ar36": {
        "error": 0.0013545820254099298, 
        "fit": "linear", 
        "value": 0.010380238418124313
    }, 
    "Ar37": {
        "error": 0.13607686071330444, 
        "fit": "linear", 
        "value": 0.083627642633120391
    }, 
    "Ar38": {
        "error": 0.20517604457993555, 
        "fit": "linear", 
        "value": 0.19117715634239754
    }, 
    "Ar39": {
        "error": 0.063978028186384303, 
        "fit": "linear", 
        "value": 20.106819472012084
    }, 
    "Ar40": {
        "error": 0.43779325821031245, 
        "fit": "linear", 
        "value": 1235.3520427508709
    }, 
    "Ar41": {
        "error": 0.13719053736875819, 
        "fit": "average_SEM", 
        "value": -0.057750072440830989
    }
}