{
    "Ar36": {
        "error": 0.0016203351969804141, 
        "fit": "linear", 
        "value": 0.017464981828937638
    }, 
    "Ar37": {
        "error": 0.12185720794763741, 
        "fit": "linear", 
        "value": 0.04393857953996344
    }, 
    "Ar38": {
        "error": 0.19558014095124304, 
        "fit": "linear", 
        "value": 0.15095071488921225
    }, 
    "Ar39": {
        "error": 0.072658893199824617, 
        "fit": "linear", 
        "value": 18.309215418276679
    }, 
    "Ar40": {
        "error": 0.41348783117866628, 
        "fit": "linear", 
        "value": 1128.5099422163476
    }, 
    "Ar41": {
        "error": 0.12995401276908322, 
        "fit": "average_SEM", 
        "value": -0.069560268593745103
    }
}