{
    "Ar36": {
        "error": 0.0016064284920199951, 
        "fit": "linear", 
        "value": 0.0095942566228500101
    }, 
    "Ar37": {
        "error": 0.14873571445524672, 
        "fit": "linear", 
        "value": 0.090186633486113277
    }, 
    "Ar38": {
        "error": 0.21486437815384946, 
        "fit": "linear", 
        "value": 0.22217109047100178
    }, 
    "Ar39": {
        "error": 0.066032177381631502, 
        "fit": "linear", 
        "value": 23.852983362285695
    }, 
    "Ar40": {
        "error": 0.53568734164547627, 
        "fit": "linear", 
        "value": 1465.1579250051736
    }, 
    "Ar41": {
        "error": 0.13038469296811164, 
        "fit": "average_SEM", 
        "value": -0.049912282445196375
    }
}