{
    "Ar36": {
        "error": 0.0012893211302378272, 
        "fit": "linear", 
        "value": 0.0088787588055364852
    }, 
    "Ar37": {
        "error": 0.14044625873315872, 
        "fit": "linear", 
        "value": 0.051749622321581208
    }, 
    "Ar38": {
        "error": 0.15734405569103818, 
        "fit": "linear", 
        "value": 0.10512578917436211
    }, 
    "Ar39": {
        "error": 0.067076102119659059, 
        "fit": "linear", 
        "value": 13.16223746461089
    }, 
    "Ar40": {
        "error": 0.36845283282184782, 
        "fit": "linear", 
        "value": 809.16624202957553
    }, 
    "Ar41": {
        "error": 0.151049145187614, 
        "fit": "average_SEM", 
        "value": -0.075960164773277938
    }
}