{
    "Ar36": {
        "error": 0.0023047792090316556, 
        "fit": "linear", 
        "value": 0.026978006348680847
    }, 
    "Ar37": {
        "error": 0.14239201494439419, 
        "fit": "linear", 
        "value": 0.082025927855574804
    }, 
    "Ar38": {
        "error": 0.17705809604782821, 
        "fit": "linear", 
        "value": 0.12914240422107345
    }, 
    "Ar39": {
        "error": 0.064918122915227722, 
        "fit": "linear", 
        "value": 14.120136975532109
    }, 
    "Ar40": {
        "error": 0.36914107407385921, 
        "fit": "linear", 
        "value": 874.25109955245057
    }, 
    "Ar41": {
        "error": 0.13769967391733037, 
        "fit": "average_SEM", 
        "value": -0.32603854679812988
    }
}