{
    "Ar36": {
        "error": 0.0014118341528296917, 
        "fit": "linear", 
        "value": 0.0083040436446620292
    }, 
    "Ar37": {
        "error": 0.13633322133902909, 
        "fit": "linear", 
        "value": 0.081399003819883686
    }, 
    "Ar38": {
        "error": 0.20284135518610683, 
        "fit": "linear", 
        "value": 0.19195447962433348
    }, 
    "Ar39": {
        "error": 0.071457787399478098, 
        "fit": "linear", 
        "value": 20.265089201969971
    }, 
    "Ar40": {
        "error": 0.4513829562401615, 
        "fit": "linear", 
        "value": 1245.3684425145811
    }, 
    "Ar41": {
        "error": 0.14902488733625815, 
        "fit": "average_SEM", 
        "value": -0.047840074568133183
    }
}