{
    "Ar36": {
        "error": 0.0016312873206183261, 
        "fit": "linear", 
        "value": 0.010893135756461388
    }, 
    "Ar37": {
        "error": 0.1370698552722783, 
        "fit": "linear", 
        "value": 0.072001791495700684
    }, 
    "Ar38": {
        "error": 0.21871737473759237, 
        "fit": "linear", 
        "value": 0.21656311159741681
    }, 
    "Ar39": {
        "error": 0.076197137736885828, 
        "fit": "linear", 
        "value": 25.660995188761014
    }, 
    "Ar40": {
        "error": 0.4947258982726595, 
        "fit": "linear", 
        "value": 1575.9255581974489
    }, 
    "Ar41": {
        "error": 0.14574747147393544, 
        "fit": "average_SEM", 
        "value": -0.30977225260188185
    }
}