{
    "Ar36": {
        "error": 0.0018424339329809138, 
        "fit": "linear", 
        "value": 0.014613224503216324
    }, 
    "Ar37": {
        "error": 0.12654767547757473, 
        "fit": "linear", 
        "value": 0.088179738840012206
    }, 
    "Ar38": {
        "error": 0.22762075373912022, 
        "fit": "linear", 
        "value": 0.31080674801475328
    }, 
    "Ar39": {
        "error": 0.077350297246017261, 
        "fit": "linear", 
        "value": 32.763156495367305
    }, 
    "Ar40": {
        "error": 0.55425404844176707, 
        "fit": "linear", 
        "value": 2008.3692206673686
    }, 
    "Ar41": {
        "error": 0.14611289102461916, 
        "fit": "average_SEM", 
        "value": -0.32002547702027689
    }
}