{
    "Ar36": {
        "error": 0.0014378513314052906, 
        "fit": "linear", 
        "value": 0.008998649874918635
    }, 
    "Ar37": {
        "error": 0.14741248557136175, 
        "fit": "linear", 
        "value": 0.053077087632667358
    }, 
    "Ar38": {
        "error": 0.21367688515976821, 
        "fit": "linear", 
        "value": 0.26263814602284791
    }, 
    "Ar39": {
        "error": 0.081803585755935132, 
        "fit": "linear", 
        "value": 26.558506552064209
    }, 
    "Ar40": {
        "error": 0.54766310067920176, 
        "fit": "linear", 
        "value": 1627.7547371416749
    }, 
    "Ar41": {
        "error": 0.13472444953783691, 
        "fit": "average_SEM", 
        "value": -0.32414937932044269
    }
}