{
    "Ar36": {
        "error": 0.0012613209423307933, 
        "fit": "linear", 
        "value": 0.0090329050316778972
    }, 
    "Ar37": {
        "error": 0.14440394151254174, 
        "fit": "linear", 
        "value": 0.12051053523431951
    }, 
    "Ar38": {
        "error": 0.20313926399043619, 
        "fit": "linear", 
        "value": 0.17350139785204122
    }, 
    "Ar39": {
        "error": 0.066511506538628515, 
        "fit": "linear", 
        "value": 18.75671580189664
    }, 
    "Ar40": {
        "error": 0.43786002799398738, 
        "fit": "linear", 
        "value": 1151.2415583918907
    }, 
    "Ar41": {
        "error": 0.15066233727689812, 
        "fit": "average_SEM", 
        "value": -0.32640864555723964
    }
}