{
    "Ar36": {
        "error": 0.0018408899874292719, 
        "fit": "linear", 
        "value": 0.018373689543641193
    }, 
    "Ar37": {
        "error": 0.14483681316232866, 
        "fit": "linear", 
        "value": 0.10449545669257918
    }, 
    "Ar38": {
        "error": 0.22054942034650868, 
        "fit": "linear", 
        "value": 0.2656801943312414
    }, 
    "Ar39": {
        "error": 0.07066191788736384, 
        "fit": "linear", 
        "value": 26.99356853690778
    }, 
    "Ar40": {
        "error": 0.51436207034852599, 
        "fit": "linear", 
        "value": 1656.5171268001363
    }, 
    "Ar41": {
        "error": 0.13315380655522935, 
        "fit": "average_SEM", 
        "value": -0.31985028994580111
    }
}