{
    "Ar36": {
        "error": 0.0014911427300867796, 
        "fit": "linear", 
        "value": 0.0093011656285427909
    }, 
    "Ar37": {
        "error": 0.13903039186605262, 
        "fit": "linear", 
        "value": 0.09313287385830471
    }, 
    "Ar38": {
        "error": 0.18576634343526796, 
        "fit": "linear", 
        "value": 0.22876109050642868
    }, 
    "Ar39": {
        "error": 0.075481839895403677, 
        "fit": "linear", 
        "value": 26.144070177155417
    }, 
    "Ar40": {
        "error": 0.53295926769359869, 
        "fit": "linear", 
        "value": 1602.1998653505916
    }, 
    "Ar41": {
        "error": 0.13397377939357549, 
        "fit": "average_SEM", 
        "value": -0.33663794675634967
    }
}