{
    "Ar36": {
        "error": 0.0015519312861211672, 
        "fit": "linear", 
        "value": 0.012028037751349689
    }, 
    "Ar37": {
        "error": 0.14447922488026899, 
        "fit": "linear", 
        "value": 0.0798948977368375
    }, 
    "Ar38": {
        "error": 0.17142594988013485, 
        "fit": "linear", 
        "value": 0.055193851256370427
    }, 
    "Ar39": {
        "error": 0.066513601110569018, 
        "fit": "linear", 
        "value": 11.539852100660683
    }, 
    "Ar40": {
        "error": 0.35461931200885877, 
        "fit": "linear", 
        "value": 711.47684234635585
    }, 
    "Ar41": {
        "error": 0.13204381126214684, 
        "fit": "average_SEM", 
        "value": -0.33093376980266637
    }
}