{
    "Ar36": {
        "error": 0.0022304790802900537, 
        "fit": "linear", 
        "value": 0.029407946832294276
    }, 
    "Ar37": {
        "error": 0.13686434656966873, 
        "fit": "linear", 
        "value": 0.068135888911429784
    }, 
    "Ar38": {
        "error": 0.16929107862921974, 
        "fit": "linear", 
        "value": 0.077603204446519886
    }, 
    "Ar39": {
        "error": 0.067100954300369275, 
        "fit": "linear", 
        "value": 15.143990907483323
    }, 
    "Ar40": {
        "error": 0.36439784090788591, 
        "fit": "linear", 
        "value": 934.55335114930165
    }, 
    "Ar41": {
        "error": 0.12109033075539283, 
        "fit": "average_SEM", 
        "value": -0.34814104752408132
    }
}