{
    "Ar36": {
        "error": 0.0021305202889148884, 
        "fit": "linear", 
        "value": 0.027783111217110211
    }, 
    "Ar37": {
        "error": 0.14850843969461017, 
        "fit": "linear", 
        "value": 0.049181014611181711
    }, 
    "Ar38": {
        "error": 0.18984139001137118, 
        "fit": "linear", 
        "value": 0.10233628750900792
    }, 
    "Ar39": {
        "error": 0.06960973264736349, 
        "fit": "linear", 
        "value": 14.920061873793056
    }, 
    "Ar40": {
        "error": 0.39260222447475573, 
        "fit": "linear", 
        "value": 921.78791699929639
    }, 
    "Ar41": {
        "error": 0.14478675267721153, 
        "fit": "average_SEM", 
        "value": -0.33746517291809952
    }
}