{
    "Ar36": {
        "error": 0.0028772528391841174, 
        "fit": "linear", 
        "value": 0.040461232488510905
    }, 
    "Ar37": {
        "error": 0.13549600433470152, 
        "fit": "linear", 
        "value": 0.095242838685299341
    }, 
    "Ar38": {
        "error": 0.19770539541075258, 
        "fit": "linear", 
        "value": 0.17259352902535952
    }, 
    "Ar39": {
        "error": 0.074266021218556522, 
        "fit": "linear", 
        "value": 20.923726250230537
    }, 
    "Ar40": {
        "error": 0.43097168332762653, 
        "fit": "linear", 
        "value": 1290.199536016602
    }, 
    "Ar41": {
        "error": 0.12444258043030729, 
        "fit": "average_SEM", 
        "value": -0.3355521828401834
    }
}