{
    "Ar36": {
        "error": 0.0017944838707277648, 
        "fit": "linear", 
        "value": 0.017065155601237031
    }, 
    "Ar37": {
        "error": 0.12893773585843515, 
        "fit": "linear", 
        "value": 0.063127989428704928
    }, 
    "Ar38": {
        "error": 0.17284637437250475, 
        "fit": "linear", 
        "value": 0.037445029412440996
    }, 
    "Ar39": {
        "error": 0.062346665944849375, 
        "fit": "linear", 
        "value": 8.2667088718110193
    }, 
    "Ar40": {
        "error": 0.29236503485679805, 
        "fit": "linear", 
        "value": 511.79688818234638
    }, 
    "Ar41": {
        "error": 0.13217817648001245, 
        "fit": "average_SEM", 
        "value": -0.34765936504635547
    }
}