{
    "Ar36": {
        "error": 0.0019102029639147696, 
        "fit": "linear", 
        "value": 0.016413763643591747
    }, 
    "Ar37": {
        "error": 0.14604463119299235, 
        "fit": "linear", 
        "value": 0.11394040605520661
    }, 
    "Ar38": {
        "error": 0.21190158148911226, 
        "fit": "linear", 
        "value": 0.58719941246549467
    }, 
    "Ar39": {
        "error": 0.087457365184422958, 
        "fit": "linear", 
        "value": 56.83093989494148
    }, 
    "Ar40": {
        "error": 0.8358838900663309, 
        "fit": "linear", 
        "value": 3477.829306219076
    }, 
    "Ar41": {
        "error": 0.12973577438852421, 
        "fit": "average_SEM", 
        "value": -0.2855066941326691
    }
}