{
    "Ar36": {
        "error": 0.0023980865288994891, 
        "fit": "linear", 
        "value": 0.032431920325906971
    }, 
    "Ar37": {
        "error": 0.12900466572006375, 
        "fit": "linear", 
        "value": 0.056601817689566875
    }, 
    "Ar38": {
        "error": 0.20129095169652497, 
        "fit": "linear", 
        "value": 0.21294484017745186
    }, 
    "Ar39": {
        "error": 0.066118944181065953, 
        "fit": "linear", 
        "value": 21.679956839875722
    }, 
    "Ar40": {
        "error": 0.47172032893140742, 
        "fit": "linear", 
        "value": 1335.1308539896436
    }, 
    "Ar41": {
        "error": 0.12691210842448356, 
        "fit": "average_SEM", 
        "value": -0.31234327332220146
    }
}