{
    "Ar36": {
        "error": 0.0029594649949523837, 
        "fit": "linear", 
        "value": 0.047451914606428988
    }, 
    "Ar37": {
        "error": 0.12941078775171014, 
        "fit": "linear", 
        "value": 0.07500151837504819
    }, 
    "Ar38": {
        "error": 0.20769119222183147, 
        "fit": "linear", 
        "value": 0.47564995427690804
    }, 
    "Ar39": {
        "error": 0.087495702039943335, 
        "fit": "linear", 
        "value": 41.128316176070086
    }, 
    "Ar40": {
        "error": 0.67196273046049371, 
        "fit": "linear", 
        "value": 2531.1491166164883
    }, 
    "Ar41": {
        "error": 0.13603273292763318, 
        "fit": "average_SEM", 
        "value": -0.29568547852751281
    }
}