{
    "Ar36": {
        "error": 0.0023921543081143236, 
        "fit": "linear", 
        "value": 0.03569452463833328
    }, 
    "Ar37": {
        "error": 0.13660123148054332, 
        "fit": "linear", 
        "value": 0.10814714872373143
    }, 
    "Ar38": {
        "error": 0.20081291624342551, 
        "fit": "linear", 
        "value": 0.42077440213531869
    }, 
    "Ar39": {
        "error": 0.081364621099641599, 
        "fit": "linear", 
        "value": 39.584551752383021
    }, 
    "Ar40": {
        "error": 0.64704678481701972, 
        "fit": "linear", 
        "value": 2432.4113139379292
    }, 
    "Ar41": {
        "error": 0.13511016256825686, 
        "fit": "average_SEM", 
        "value": -0.31209169887006283
    }
}