{
    "Ar36": {
        "error": 0.0014885722733619562, 
        "fit": "linear", 
        "value": 0.0085398046700349943
    }, 
    "Ar37": {
        "error": 0.12981071671704494, 
        "fit": "linear", 
        "value": 0.1011850183313337
    }, 
    "Ar38": {
        "error": 0.18297552380198301, 
        "fit": "linear", 
        "value": 0.12810017154569062
    }, 
    "Ar39": {
        "error": 0.071948637368241336, 
        "fit": "linear", 
        "value": 17.53711755304462
    }, 
    "Ar40": {
        "error": 0.42866844876621713, 
        "fit": "linear", 
        "value": 1078.7844001504286
    }, 
    "Ar41": {
        "error": 0.13088803641207022, 
        "fit": "average_SEM", 
        "value": -0.321785662514675
    }
}