{
    "Ar36": {
        "error": 0.0017125522478270503, 
        "fit": "linear", 
        "value": 0.019837967601117432
    }, 
    "Ar37": {
        "error": 0.14556707226807364, 
        "fit": "linear", 
        "value": 0.091176478699693198
    }, 
    "Ar38": {
        "error": 0.23468092942649257, 
        "fit": "linear", 
        "value": 0.38104541419074822
    }, 
    "Ar39": {
        "error": 0.074323800582854205, 
        "fit": "linear", 
        "value": 37.492869422997245
    }, 
    "Ar40": {
        "error": 0.66743283678627785, 
        "fit": "linear", 
        "value": 2305.0688915897299
    }, 
    "Ar41": {
        "error": 0.1427055023243817, 
        "fit": "average_SEM", 
        "value": -0.30497460687119099
    }
}