{
    "Ar36": {
        "error": 0.0017650096775314141, 
        "fit": "linear", 
        "value": 0.01410196309071585
    }, 
    "Ar37": {
        "error": 0.14507006942540498, 
        "fit": "linear", 
        "value": 0.10434529844867949
    }, 
    "Ar38": {
        "error": 0.20087509185451558, 
        "fit": "linear", 
        "value": 0.26059429493578812
    }, 
    "Ar39": {
        "error": 0.084440750878393783, 
        "fit": "linear", 
        "value": 29.259125878513665
    }, 
    "Ar40": {
        "error": 0.60913849452774027, 
        "fit": "linear", 
        "value": 1796.7006723699965
    }, 
    "Ar41": {
        "error": 0.13769194093247819, 
        "fit": "average_SEM", 
        "value": -0.30571191290186511
    }
}