{
    "Ar36": {
        "error": 0.0030101340075595214, 
        "fit": "linear", 
        "value": 0.048701654674749156
    }, 
    "Ar37": {
        "error": 0.13424785653924229, 
        "fit": "linear", 
        "value": 0.0699590894240463
    }, 
    "Ar38": {
        "error": 0.19527571037682129, 
        "fit": "linear", 
        "value": 0.25061516086555735
    }, 
    "Ar39": {
        "error": 0.072240030992044013, 
        "fit": "linear", 
        "value": 22.990659945695764
    }, 
    "Ar40": {
        "error": 0.52708352024279259, 
        "fit": "linear", 
        "value": 1426.3382853981007
    }, 
    "Ar41": {
        "error": 0.12721058107582969, 
        "fit": "average_SEM", 
        "value": -0.31757787612991201
    }
}