{
    "Ar36": {
        "error": 0.0020884489910514741, 
        "fit": "linear", 
        "value": 0.020814384842630505
    }, 
    "Ar37": {
        "error": 0.13896173432700076, 
        "fit": "linear", 
        "value": 0.091075345733071661
    }, 
    "Ar38": {
        "error": 0.20962977803870675, 
        "fit": "linear", 
        "value": 0.42248845373673061
    }, 
    "Ar39": {
        "error": 0.081426627243822533, 
        "fit": "linear", 
        "value": 41.27118034018099
    }, 
    "Ar40": {
        "error": 0.71845755691132596, 
        "fit": "linear", 
        "value": 2536.8118628196107
    }, 
    "Ar41": {
        "error": 0.13189048352935598, 
        "fit": "average_SEM", 
        "value": -0.30162138939421212
    }
}