{
    "Ar36": {
        "error": 0.0019080010715498358, 
        "fit": "linear", 
        "value": 0.018319287802426663
    }, 
    "Ar37": {
        "error": 0.13555805479371139, 
        "fit": "linear", 
        "value": 0.084254777907984468
    }, 
    "Ar38": {
        "error": 0.19661510271348492, 
        "fit": "linear", 
        "value": 0.41051572538741332
    }, 
    "Ar39": {
        "error": 0.080863253430174503, 
        "fit": "linear", 
        "value": 39.948710002505976
    }, 
    "Ar40": {
        "error": 0.60162816007469211, 
        "fit": "linear", 
        "value": 2454.7833827073482
    }, 
    "Ar41": {
        "error": 0.11992370032947999, 
        "fit": "average_SEM", 
        "value": -0.29957536128349604
    }
}