{
    "Ar36": {
        "error": 0.0015164130681758414, 
        "fit": "linear", 
        "value": 0.0097445743228702589
    }, 
    "Ar37": {
        "error": 0.13219574227336231, 
        "fit": "linear", 
        "value": 0.084748631119317269
    }, 
    "Ar38": {
        "error": 0.20722679749573303, 
        "fit": "linear", 
        "value": 0.2032452099763864
    }, 
    "Ar39": {
        "error": 0.066891647655881653, 
        "fit": "linear", 
        "value": 21.738027513004713
    }, 
    "Ar40": {
        "error": 0.44239536748448627, 
        "fit": "linear", 
        "value": 1336.6400927971104
    }, 
    "Ar41": {
        "error": 0.1391639061456281, 
        "fit": "average_SEM", 
        "value": -0.32488739084348911
    }
}