{
    "Ar36": {
        "error": 0.0016708512666385627, 
        "fit": "linear", 
        "value": 0.015317224445355819
    }, 
    "Ar37": {
        "error": 0.12255751583968552, 
        "fit": "linear", 
        "value": 0.065468509455090362
    }, 
    "Ar38": {
        "error": 0.16158774648045124, 
        "fit": "linear", 
        "value": 0.094564091789864371
    }, 
    "Ar39": {
        "error": 0.063978175336195209, 
        "fit": "linear", 
        "value": 10.389294586159316
    }, 
    "Ar40": {
        "error": 0.3268882022253457, 
        "fit": "linear", 
        "value": 642.76068571711085
    }, 
    "Ar41": {
        "error": 0.13343382917099419, 
        "fit": "average_SEM", 
        "value": -0.33878653888694116
    }
}