{
    "Ar36": {
        "error": 0.0025650383891875172, 
        "fit": "linear", 
        "value": 0.03401697598745429
    }, 
    "Ar37": {
        "error": 0.1326005819646508, 
        "fit": "linear", 
        "value": 0.096601061033206731
    }, 
    "Ar38": {
        "error": 0.20694044235743769, 
        "fit": "linear", 
        "value": 0.29320098335868622
    }, 
    "Ar39": {
        "error": 0.076842211013947878, 
        "fit": "linear", 
        "value": 28.505997790391802
    }, 
    "Ar40": {
        "error": 0.54567540001221559, 
        "fit": "linear", 
        "value": 1756.4546395185653
    }, 
    "Ar41": {
        "error": 0.13537917472836608, 
        "fit": "average_SEM", 
        "value": -0.30634161207514504
    }
}