{
    "Ar36": {
        "error": 0.0016785703725858321, 
        "fit": "linear", 
        "value": 0.01749959312937098
    }, 
    "Ar37": {
        "error": 0.1397402481811354, 
        "fit": "linear", 
        "value": 0.065173304230761508
    }, 
    "Ar38": {
        "error": 0.17872659766771937, 
        "fit": "linear", 
        "value": 0.15371575279160143
    }, 
    "Ar39": {
        "error": 0.070589220989748999, 
        "fit": "linear", 
        "value": 16.910385241958636
    }, 
    "Ar40": {
        "error": 0.3948068500027711, 
        "fit": "linear", 
        "value": 1044.1634111494056
    }, 
    "Ar41": {
        "error": 0.12663356143496141, 
        "fit": "average_SEM", 
        "value": -0.32703116416103312
    }
}