{
    "Ar36": {
        "error": 0.0019005398723726244, 
        "fit": "linear", 
        "value": 0.019831190910842161
    }, 
    "Ar37": {
        "error": 0.14250301701743553, 
        "fit": "linear", 
        "value": 0.059506312367790332
    }, 
    "Ar38": {
        "error": 0.19440149021641384, 
        "fit": "linear", 
        "value": 0.32714293290013435
    }, 
    "Ar39": {
        "error": 0.079984103470096768, 
        "fit": "linear", 
        "value": 29.34590175452901
    }, 
    "Ar40": {
        "error": 0.55355368462003451, 
        "fit": "linear", 
        "value": 1803.6153158590469
    }, 
    "Ar41": {
        "error": 0.15045634135639832, 
        "fit": "average_SEM", 
        "value": -0.31699489784530466
    }
}