{
    "Ar36": {
        "error": 0.0018354756292636388, 
        "fit": "linear", 
        "value": 0.021402998447139585
    }, 
    "Ar37": {
        "error": 0.12783779983465565, 
        "fit": "linear", 
        "value": 0.10192116201730418
    }, 
    "Ar38": {
        "error": 0.19544499756263217, 
        "fit": "linear", 
        "value": 0.17706343784141665
    }, 
    "Ar39": {
        "error": 0.071647905630135039, 
        "fit": "linear", 
        "value": 21.012723824759348
    }, 
    "Ar40": {
        "error": 0.37164473016150784, 
        "fit": "linear", 
        "value": 1292.4222356629834
    }, 
    "Ar41": {
        "error": 0.14323492622290049, 
        "fit": "average_SEM", 
        "value": -0.31829994778252313
    }
}