{
    "Ar36": {
        "error": 0.0017779901110128477, 
        "fit": "linear", 
        "value": 0.01773319914493475
    }, 
    "Ar37": {
        "error": 0.1470797897538263, 
        "fit": "linear", 
        "value": 0.08296247658965028
    }, 
    "Ar38": {
        "error": 0.16055674235319667, 
        "fit": "linear", 
        "value": 0.046343306633047116
    }, 
    "Ar39": {
        "error": 0.059691462590267724, 
        "fit": "linear", 
        "value": 5.3369176982559807
    }, 
    "Ar40": {
        "error": 0.25005840352187209, 
        "fit": "linear", 
        "value": 333.34390006730769
    }, 
    "Ar41": {
        "error": 0.1454771419353599, 
        "fit": "average_SEM", 
        "value": -0.33485886022034617
    }
}