{
    "Ar36": {
        "error": 0.002452974493819632, 
        "fit": "linear", 
        "value": 0.04349946089813915
    }, 
    "Ar37": {
        "error": 0.14118696497232025, 
        "fit": "linear", 
        "value": 0.068469756318916081
    }, 
    "Ar38": {
        "error": 0.15504423888369578, 
        "fit": "linear", 
        "value": 0.05531213284631166
    }, 
    "Ar39": {
        "error": 0.068975393177778441, 
        "fit": "linear", 
        "value": 8.9241663477687574
    }, 
    "Ar40": {
        "error": 0.30149269645695814, 
        "fit": "linear", 
        "value": 558.93101992139373
    }, 
    "Ar41": {
        "error": 0.14230695946732944, 
        "fit": "average_SEM", 
        "value": -0.32740660635237062
    }
}