{
    "Ar36": {
        "error": 0.0021035498437046232, 
        "fit": "linear", 
        "value": 0.019926841941926732
    }, 
    "Ar37": {
        "error": 0.13791790995727654, 
        "fit": "linear", 
        "value": 0.068924356005550691
    }, 
    "Ar38": {
        "error": 0.20238197427355226, 
        "fit": "linear", 
        "value": 0.53413135258825994
    }, 
    "Ar39": {
        "error": 0.087533669656005231, 
        "fit": "linear", 
        "value": 50.285164904742203
    }, 
    "Ar40": {
        "error": 0.77453529143516053, 
        "fit": "linear", 
        "value": 3078.5830565808328
    }, 
    "Ar41": {
        "error": 0.15319782221818168, 
        "fit": "average_SEM", 
        "value": -0.27604260497416061
    }
}