{
    "Ar36": {
        "error": 0.0016656163854134457, 
        "fit": "linear", 
        "value": 0.016107926605196644
    }, 
    "Ar37": {
        "error": 0.12886053722227495, 
        "fit": "linear", 
        "value": 0.075178981881418278
    }, 
    "Ar38": {
        "error": 0.16181239187453078, 
        "fit": "linear", 
        "value": 0.10653336050698103
    }, 
    "Ar39": {
        "error": 0.072346450557851522, 
        "fit": "linear", 
        "value": 12.826024601828767
    }, 
    "Ar40": {
        "error": 0.37410485001135418, 
        "fit": "linear", 
        "value": 788.27834246184307
    }, 
    "Ar41": {
        "error": 0.15098298356450221, 
        "fit": "average_SEM", 
        "value": -0.34923326408283578
    }
}