{
    "Ar36": {
        "error": 0.0012949492353319968, 
        "fit": "linear", 
        "value": 0.0096704137125796334
    }, 
    "Ar37": {
        "error": 0.13126233737257281, 
        "fit": "linear", 
        "value": 0.092698898480767303
    }, 
    "Ar38": {
        "error": 0.1832871848172328, 
        "fit": "linear", 
        "value": 0.1305536982665732
    }, 
    "Ar39": {
        "error": 0.072333550101085942, 
        "fit": "linear", 
        "value": 15.281314988589777
    }, 
    "Ar40": {
        "error": 0.39493986195390396, 
        "fit": "linear", 
        "value": 936.98615384085292
    }, 
    "Ar41": {
        "error": 0.14557706861298769, 
        "fit": "average_SEM", 
        "value": -0.34185619188679589
    }
}