{
    "Ar36": {
        "error": 0.0027223224615435066, 
        "fit": "linear", 
        "value": 0.044008081569746442
    }, 
    "Ar37": {
        "error": 0.141292998587217, 
        "fit": "linear", 
        "value": 0.082053582237819001
    }, 
    "Ar38": {
        "error": 0.19248416547205952, 
        "fit": "linear", 
        "value": 0.4367284923040885
    }, 
    "Ar39": {
        "error": 0.079699960540406928, 
        "fit": "linear", 
        "value": 39.217554138259516
    }, 
    "Ar40": {
        "error": 0.64329591545575793, 
        "fit": "linear", 
        "value": 2411.3393859122734
    }, 
    "Ar41": {
        "error": 0.15307741541237274, 
        "fit": "average_SEM", 
        "value": -0.29725919644762244
    }
}