{
    "Ar36": {
        "error": 0.0016244777637511049, 
        "fit": "linear", 
        "value": 0.012287413293168044
    }, 
    "Ar37": {
        "error": 0.15545275660560498, 
        "fit": "linear", 
        "value": 0.12582419818586621
    }, 
    "Ar38": {
        "error": 0.21654073943204369, 
        "fit": "linear", 
        "value": 0.27574000943991839
    }, 
    "Ar39": {
        "error": 0.065096283733634658, 
        "fit": "linear", 
        "value": 26.255157794790804
    }, 
    "Ar40": {
        "error": 0.55207758805890605, 
        "fit": "linear", 
        "value": 1609.0996306885754
    }, 
    "Ar41": {
        "error": 0.14819889216175663, 
        "fit": "average_SEM", 
        "value": -0.3164844153035018
    }
}