{
    "Ar36": {
        "error": 0.0012884506249789191, 
        "fit": "linear", 
        "value": 0.0055525267469459984
    }, 
    "Ar37": {
        "error": 0.13729616549217646, 
        "fit": "linear", 
        "value": 0.1085890174943689
    }, 
    "Ar38": {
        "error": 0.2085211222182837, 
        "fit": "linear", 
        "value": 0.3446552585089846
    }, 
    "Ar39": {
        "error": 0.074896089680536876, 
        "fit": "linear", 
        "value": 34.517413471592519
    }, 
    "Ar40": {
        "error": 0.6124713515365664, 
        "fit": "linear", 
        "value": 2115.5606369277953
    }, 
    "Ar41": {
        "error": 0.15047223929150566, 
        "fit": "average_SEM", 
        "value": -0.30899716253237181
    }
}