{
    "Ar36": {
        "error": 0.0016638853812223882, 
        "fit": "linear", 
        "value": 0.012283704158705985
    }, 
    "Ar37": {
        "error": 0.13018056921739316, 
        "fit": "linear", 
        "value": 0.080294282055405231
    }, 
    "Ar38": {
        "error": 0.20149985116127878, 
        "fit": "linear", 
        "value": 0.26566577044311424
    }, 
    "Ar39": {
        "error": 0.081193829633043779, 
        "fit": "linear", 
        "value": 28.794852810356502
    }, 
    "Ar40": {
        "error": 0.54661104533773119, 
        "fit": "linear", 
        "value": 1766.1421082979073
    }, 
    "Ar41": {
        "error": 0.14226173453543525, 
        "fit": "average_SEM", 
        "value": -0.32009936047510967
    }
}