{
    "Ar36": {
        "error": 0.0012206236916717781, 
        "fit": "linear", 
        "value": 0.0064221354701179765
    }, 
    "Ar37": {
        "error": 0.14063015598846765, 
        "fit": "linear", 
        "value": 0.084326290839439044
    }, 
    "Ar38": {
        "error": 0.19694270652535184, 
        "fit": "linear", 
        "value": 0.21877539774630633
    }, 
    "Ar39": {
        "error": 0.07253364737311585, 
        "fit": "linear", 
        "value": 20.797048389535597
    }, 
    "Ar40": {
        "error": 0.42060317199946334, 
        "fit": "linear", 
        "value": 1275.3637245033851
    }, 
    "Ar41": {
        "error": 0.15043828998660635, 
        "fit": "average_SEM", 
        "value": -0.32778258741729788
    }
}