{
    "Ar36": {
        "error": 0.0011476099850819704, 
        "fit": "linear", 
        "value": 0.0052418675002709574
    }, 
    "Ar37": {
        "error": 0.13188204565448386, 
        "fit": "linear", 
        "value": 0.070983368308757455
    }, 
    "Ar38": {
        "error": 0.20361232431058607, 
        "fit": "linear", 
        "value": 0.28953642856762696
    }, 
    "Ar39": {
        "error": 0.075012696367594556, 
        "fit": "linear", 
        "value": 27.234944085198421
    }, 
    "Ar40": {
        "error": 0.54457161051062475, 
        "fit": "linear", 
        "value": 1669.7072827980428
    }, 
    "Ar41": {
        "error": 0.14769772107509968, 
        "fit": "average_SEM", 
        "value": -0.33119586852586103
    }
}