{
    "Ar36": {
        "error": 0.0021230028179849802, 
        "fit": "linear", 
        "value": 0.029485733901956794
    }, 
    "Ar37": {
        "error": 0.12825984325747911, 
        "fit": "linear", 
        "value": 0.079677238373200829
    }, 
    "Ar38": {
        "error": 0.23171709313261507, 
        "fit": "linear", 
        "value": 0.34396098657252006
    }, 
    "Ar39": {
        "error": 0.078709940132043202, 
        "fit": "linear", 
        "value": 33.0717846532321
    }, 
    "Ar40": {
        "error": 0.61025909226181096, 
        "fit": "linear", 
        "value": 2036.4596324221097
    }, 
    "Ar41": {
        "error": 0.1412357476201781, 
        "fit": "average_SEM", 
        "value": -0.30732704741466377
    }
}