{
    "Ar36": {
        "error": 0.0021803498650981388, 
        "fit": "linear", 
        "value": 0.031009898616062265
    }, 
    "Ar37": {
        "error": 0.14589667262296602, 
        "fit": "linear", 
        "value": 0.093059922401406897
    }, 
    "Ar38": {
        "error": 0.20184537749415696, 
        "fit": "linear", 
        "value": 0.23994557367142208
    }, 
    "Ar39": {
        "error": 0.068683266967159692, 
        "fit": "linear", 
        "value": 27.198708667648422
    }, 
    "Ar40": {
        "error": 0.54745486961817258, 
        "fit": "linear", 
        "value": 1675.7565199610031
    }, 
    "Ar41": {
        "error": 0.15356936820711289, 
        "fit": "average_SEM", 
        "value": -0.30656972703032404
    }
}