{
    "Ar36": {
        "error": 0.0016410951641893854, 
        "fit": "linear", 
        "value": 0.014196600674372869
    }, 
    "Ar37": {
        "error": 0.12942915949802791, 
        "fit": "linear", 
        "value": 0.10783132176894834
    }, 
    "Ar38": {
        "error": 0.21828146122357997, 
        "fit": "linear", 
        "value": 0.33941630804986977
    }, 
    "Ar39": {
        "error": 0.080252954818947606, 
        "fit": "linear", 
        "value": 33.171700108592304
    }, 
    "Ar40": {
        "error": 0.66600914052509086, 
        "fit": "linear", 
        "value": 2040.0271224010214
    }, 
    "Ar41": {
        "error": 0.14363924604267869, 
        "fit": "average_SEM", 
        "value": -0.29554051547311244
    }
}