{
    "Ar36": {
        "error": 0.0015859362918455176, 
        "fit": "linear", 
        "value": 0.01370031965977234
    }, 
    "Ar37": {
        "error": 0.14827660993265515, 
        "fit": "linear", 
        "value": 0.063729279444657283
    }, 
    "Ar38": {
        "error": 0.17608923551725955, 
        "fit": "linear", 
        "value": 0.05211751344302807
    }, 
    "Ar39": {
        "error": 0.06035458204835719, 
        "fit": "linear", 
        "value": 9.8808435345399346
    }, 
    "Ar40": {
        "error": 0.32652589653627628, 
        "fit": "linear", 
        "value": 612.17830076366079
    }, 
    "Ar41": {
        "error": 0.14250976251109215, 
        "fit": "average_SEM", 
        "value": -0.31911301369416634
    }
}