{
    "Ar36": {
        "error": 0.0015262485439624092, 
        "fit": "linear", 
        "value": 0.011734027240298414
    }, 
    "Ar37": {
        "error": 0.14432269745626564, 
        "fit": "linear", 
        "value": 0.069268011047218095
    }, 
    "Ar38": {
        "error": 0.18679393058054949, 
        "fit": "linear", 
        "value": 0.1845429451463679
    }, 
    "Ar39": {
        "error": 0.068477454536674309, 
        "fit": "linear", 
        "value": 20.918091999510523
    }, 
    "Ar40": {
        "error": 0.45751110592268701, 
        "fit": "linear", 
        "value": 1288.835007015748
    }, 
    "Ar41": {
        "error": 0.16205337600807959, 
        "fit": "average_SEM", 
        "value": -0.32802775455638766
    }
}