{
    "Ar36": {
        "error": 0.0018828019382835879, 
        "fit": "linear", 
        "value": 0.015254338163608164
    }, 
    "Ar37": {
        "error": 0.13607584495363059, 
        "fit": "linear", 
        "value": 0.13800623208516402
    }, 
    "Ar38": {
        "error": 0.20412666556311587, 
        "fit": "linear", 
        "value": 0.41083735561079449
    }, 
    "Ar39": {
        "error": 0.076719253421872066, 
        "fit": "linear", 
        "value": 38.357583539522551
    }, 
    "Ar40": {
        "error": 0.64592187492686837, 
        "fit": "linear", 
        "value": 2360.0875294147172
    }, 
    "Ar41": {
        "error": 0.15190986758522285, 
        "fit": "average_SEM", 
        "value": -0.29567873482075002
    }
}