{
    "Ar36": {
        "error": 0.0023473351103339402, 
        "fit": "linear", 
        "value": 0.028774364360481731
    }, 
    "Ar37": {
        "error": 0.14286856486880342, 
        "fit": "linear", 
        "value": 0.070742545217047537
    }, 
    "Ar38": {
        "error": 0.18918308888270133, 
        "fit": "linear", 
        "value": 0.17846174536567089
    }, 
    "Ar39": {
        "error": 0.067588019226652862, 
        "fit": "linear", 
        "value": 18.531658593201087
    }, 
    "Ar40": {
        "error": 0.46318001921028928, 
        "fit": "linear", 
        "value": 1145.4651398538881
    }, 
    "Ar41": {
        "error": 0.12420393765150246, 
        "fit": "average_SEM", 
        "value": -0.32858673915163511
    }
}