{
    "Ar36": {
        "error": 0.004669796785333389, 
        "fit": "linear", 
        "value": 0.14581496196743879
    }, 
    "Ar37": {
        "error": 0.11371697384512397, 
        "fit": "linear", 
        "value": 0.096400575826654913
    }, 
    "Ar38": {
        "error": 0.21084978037097515, 
        "fit": "linear", 
        "value": 0.42103022379400867
    }, 
    "Ar39": {
        "error": 0.073770191266005661, 
        "fit": "linear", 
        "value": 40.976449212619755
    }, 
    "Ar40": {
        "error": 0.67381512161849222, 
        "fit": "linear", 
        "value": 2557.6243043068871
    }, 
    "Ar41": {
        "error": 0.14407624211868367, 
        "fit": "average_SEM", 
        "value": -0.30902796588941583
    }
}