{
    "Ar36": {
        "error": 0.0033164774707547784, 
        "fit": "linear", 
        "value": 0.061180648122690466
    }, 
    "Ar37": {
        "error": 0.14170567629206146, 
        "fit": "linear", 
        "value": 0.099859144487210255
    }, 
    "Ar38": {
        "error": 0.18492555626733867, 
        "fit": "linear", 
        "value": 0.15028419403638488
    }, 
    "Ar39": {
        "error": 0.059677915282553839, 
        "fit": "linear", 
        "value": 15.125868416045083
    }, 
    "Ar40": {
        "error": 0.38961634672259465, 
        "fit": "linear", 
        "value": 947.0625082373424
    }, 
    "Ar41": {
        "error": 0.14382736395622595, 
        "fit": "average_SEM", 
        "value": -0.33169399183243514
    }
}