{
    "Ar36": {
        "error": 0.0022617071305413849, 
        "fit": "linear", 
        "value": 0.027928102012025141
    }, 
    "Ar37": {
        "error": 0.14646289691131664, 
        "fit": "linear", 
        "value": 0.065114970814166298
    }, 
    "Ar38": {
        "error": 0.18523501052001048, 
        "fit": "linear", 
        "value": 0.10153775530620598
    }, 
    "Ar39": {
        "error": 0.074623072829915219, 
        "fit": "linear", 
        "value": 13.56373638184087
    }, 
    "Ar40": {
        "error": 0.39894056323720856, 
        "fit": "linear", 
        "value": 841.08781796078074
    }, 
    "Ar41": {
        "error": 0.15026236132980417, 
        "fit": "average_SEM", 
        "value": -0.33714155627207626
    }
}