{
    "Ar36": {
        "error": 0.0023015050709306452, 
        "fit": "linear", 
        "value": 0.029228625460131864
    }, 
    "Ar37": {
        "error": 0.13430550308493963, 
        "fit": "linear", 
        "value": 0.076373602664770834
    }, 
    "Ar38": {
        "error": 0.21411756781861871, 
        "fit": "linear", 
        "value": 0.21300312725810666
    }, 
    "Ar39": {
        "error": 0.076409270907065702, 
        "fit": "linear", 
        "value": 23.585296374933165
    }, 
    "Ar40": {
        "error": 0.53507169089848727, 
        "fit": "linear", 
        "value": 1451.4567736862905
    }, 
    "Ar41": {
        "error": 0.15026324601502131, 
        "fit": "average_SEM", 
        "value": -0.3208353222813457
    }
}