{
    "Ar36": {
        "error": 0.0025456740365876664, 
        "fit": "linear", 
        "value": 0.031198450539959208
    }, 
    "Ar37": {
        "error": 0.13178431206321373, 
        "fit": "linear", 
        "value": 0.066553235021281784
    }, 
    "Ar38": {
        "error": 0.2073792589800314, 
        "fit": "linear", 
        "value": 0.32878855426312686
    }, 
    "Ar39": {
        "error": 0.072073260497981795, 
        "fit": "linear", 
        "value": 32.809079027596354
    }, 
    "Ar40": {
        "error": 0.6326121037404584, 
        "fit": "linear", 
        "value": 2018.0324191445568
    }, 
    "Ar41": {
        "error": 0.1392755947173655, 
        "fit": "average_SEM", 
        "value": -0.31751877503055664
    }
}