{
    "Ar36": {
        "error": 0.001752121133904597, 
        "fit": "linear", 
        "value": 0.018808980993709132
    }, 
    "Ar37": {
        "error": 0.14259645726123546, 
        "fit": "linear", 
        "value": 0.062873779159511423
    }, 
    "Ar38": {
        "error": 0.1733018953283835, 
        "fit": "linear", 
        "value": 0.085520390780807809
    }, 
    "Ar39": {
        "error": 0.065706492966582111, 
        "fit": "linear", 
        "value": 13.034041041593159
    }, 
    "Ar40": {
        "error": 0.34808737672272683, 
        "fit": "linear", 
        "value": 804.95773534484056
    }, 
    "Ar41": {
        "error": 0.16433153465934933, 
        "fit": "average_SEM", 
        "value": -0.33466936147564813
    }
}