{
    "Ar36": {
        "error": 0.00070929055144716474, 
        "fit": "parabolic", 
        "value": 0.032308232786757318
    }, 
    "Ar37": {
        "error": 0.020612426219962079, 
        "fit": "linear", 
        "value": 0.070777842490422391
    }, 
    "Ar38": {
        "error": 0.035967811105506314, 
        "fit": "linear", 
        "value": 0.31612862132196162
    }, 
    "Ar39": {
        "error": 0.019988341413422824, 
        "fit": "parabolic", 
        "value": 32.405044302874366
    }, 
    "Ar40": {
        "error": 0.14898802376128106, 
        "fit": "parabolic", 
        "value": 1991.4413964598493
    }, 
    "Ar41": {
        "error": 0.02290722953083494, 
        "fit": "linear", 
        "value": 0.017956896487250344
    }
}