{
    "Ar36": {
        "error": 0.00060201098519658798, 
        "fit": "parabolic", 
        "value": 0.02582855206622172
    }, 
    "Ar37": {
        "error": 0.022403188579469244, 
        "fit": "linear", 
        "value": 0.10818717414944309
    }, 
    "Ar38": {
        "error": 0.035971374271271096, 
        "fit": "linear", 
        "value": 0.22129623661009937
    }, 
    "Ar39": {
        "error": 0.020024210219720336, 
        "fit": "parabolic", 
        "value": 26.917684625120025
    }, 
    "Ar40": {
        "error": 0.13359477840366671, 
        "fit": "parabolic", 
        "value": 1656.4745479368244
    }, 
    "Ar41": {
        "error": 0.024430127997293181, 
        "fit": "linear", 
        "value": -0.023594163479438716
    }
}