{
    "Ar36": {
        "error": 0.00070102540287631291, 
        "fit": "parabolic", 
        "value": 0.039028288394702293
    }, 
    "Ar37": {
        "error": 0.020972959306396671, 
        "fit": "linear", 
        "value": 0.098257953467344408
    }, 
    "Ar38": {
        "error": 0.034249032315999163, 
        "fit": "linear", 
        "value": 0.41851405912136619
    }, 
    "Ar39": {
        "error": 0.02284704919178002, 
        "fit": "parabolic", 
        "value": 43.908159603654696
    }, 
    "Ar40": {
        "error": 0.17020875875138625, 
        "fit": "parabolic", 
        "value": 2697.3049961502788
    }, 
    "Ar41": {
        "error": 0.021085487330434957, 
        "fit": "linear", 
        "value": 0.022221401019068318
    }
}