{
    "Ar36": {
        "error": 0.0018369638600058858, 
        "fit": "parabolic", 
        "value": 0.01188684485754932
    }, 
    "Ar37": {
        "error": 0.13884933322263995, 
        "fit": "linear", 
        "value": 0.064447246086962603
    }, 
    "Ar38": {
        "error": 0.1867413807583328, 
        "fit": "linear", 
        "value": 0.3329565872856568
    }, 
    "Ar39": {
        "error": 0.077356479171410669, 
        "fit": "parabolic", 
        "value": 32.718208681212758
    }, 
    "Ar40": {
        "error": 0.53330893983644045, 
        "fit": "parabolic", 
        "value": 1999.4758649308837
    }, 
    "Ar41": {
        "error": 0.12901472324685292, 
        "fit": "average_SEM", 
        "value": 0.2942801233800128
    }
}