{
    "Ar36": {
        "error": 0.0015235910858053935, 
        "fit": "parabolic", 
        "value": 0.0084358560027006698
    }, 
    "Ar37": {
        "error": 0.14732329698977717, 
        "fit": "linear", 
        "value": 0.056381962034096691
    }, 
    "Ar38": {
        "error": 0.2020888114302001, 
        "fit": "linear", 
        "value": 0.35157745449160327
    }, 
    "Ar39": {
        "error": 0.077412340949947867, 
        "fit": "parabolic", 
        "value": 33.001621411850294
    }, 
    "Ar40": {
        "error": 0.53932862924979341, 
        "fit": "parabolic", 
        "value": 2014.9396654255984
    }, 
    "Ar41": {
        "error": 0.13286569297588055, 
        "fit": "average_SEM", 
        "value": 0.29014512435300277
    }
}