{
    "Ar36": {
        "error": 0.0020314734247536335, 
        "fit": "parabolic", 
        "value": 0.018580572837527624
    }, 
    "Ar37": {
        "error": 0.14145895522874077, 
        "fit": "linear", 
        "value": 0.052643815176332251
    }, 
    "Ar38": {
        "error": 0.19188051367886058, 
        "fit": "linear", 
        "value": 0.43625618853677606
    }, 
    "Ar39": {
        "error": 0.079616112337705075, 
        "fit": "parabolic", 
        "value": 40.539252379841216
    }, 
    "Ar40": {
        "error": 0.62882737369781694, 
        "fit": "parabolic", 
        "value": 2481.1811042465679
    }, 
    "Ar41": {
        "error": 0.11931860678316628, 
        "fit": "average_SEM", 
        "value": 0.30858059084159323
    }
}