{
    "Ar36": {
        "error": 0.0017330028825038358, 
        "fit": "parabolic", 
        "value": 0.0072066616971537892
    }, 
    "Ar37": {
        "error": 0.14560965715505261, 
        "fit": "linear", 
        "value": 0.074449745604692474
    }, 
    "Ar38": {
        "error": 0.1909484404497373, 
        "fit": "linear", 
        "value": 0.32817995360389463
    }, 
    "Ar39": {
        "error": 0.074527528269007409, 
        "fit": "parabolic", 
        "value": 30.859710425550695
    }, 
    "Ar40": {
        "error": 0.56202718903495363, 
        "fit": "parabolic", 
        "value": 1881.8600830369237
    }, 
    "Ar41": {
        "error": 0.12526489290109255, 
        "fit": "average_SEM", 
        "value": 0.30400830900093295
    }
}