{
    "Ar36": {
        "error": 0.0023133567864750729, 
        "fit": "parabolic", 
        "value": 0.022644922965130064
    }, 
    "Ar37": {
        "error": 0.13745952874636386, 
        "fit": "linear", 
        "value": 0.076464853784492803
    }, 
    "Ar38": {
        "error": 0.18350428029347624, 
        "fit": "linear", 
        "value": 0.45461626338805045
    }, 
    "Ar39": {
        "error": 0.083404547705595508, 
        "fit": "parabolic", 
        "value": 40.100052916811336
    }, 
    "Ar40": {
        "error": 0.64057488633577175, 
        "fit": "parabolic", 
        "value": 2451.3462449003246
    }, 
    "Ar41": {
        "error": 0.12560114788401811, 
        "fit": "average_SEM", 
        "value": 0.3163079038821161
    }
}