{
    "Ar36": {
        "error": 0.0017150714967032333, 
        "fit": "parabolic", 
        "value": 0.0092308483565893707
    }, 
    "Ar37": {
        "error": 0.13913548076022478, 
        "fit": "linear", 
        "value": 0.087344501911100547
    }, 
    "Ar38": {
        "error": 0.17734269731669938, 
        "fit": "linear", 
        "value": 0.60050339025763622
    }, 
    "Ar39": {
        "error": 0.088547868413860975, 
        "fit": "parabolic", 
        "value": 53.060367271415792
    }, 
    "Ar40": {
        "error": 0.70333877739728612, 
        "fit": "parabolic", 
        "value": 3237.6524630199547
    }, 
    "Ar41": {
        "error": 0.1200139676001457, 
        "fit": "average_SEM", 
        "value": 0.33049020322505385
    }
}