{
    "Ar36": {
        "error": 0.0021379833716673852, 
        "fit": "parabolic", 
        "value": 0.023797254630098047
    }, 
    "Ar37": {
        "error": 0.12416524696985605, 
        "fit": "linear", 
        "value": 0.053626298279571508
    }, 
    "Ar38": {
        "error": 0.18418577628384877, 
        "fit": "linear", 
        "value": 0.3439547418774308
    }, 
    "Ar39": {
        "error": 0.074025979143603454, 
        "fit": "parabolic", 
        "value": 31.704380754453211
    }, 
    "Ar40": {
        "error": 0.55596837290484225, 
        "fit": "parabolic", 
        "value": 1946.846012093727
    }, 
    "Ar41": {
        "error": 0.12790480031130105, 
        "fit": "average_SEM", 
        "value": 0.047183373905281767
    }
}