{
    "Ar36": {
        "error": 0.0018265535350603149, 
        "fit": "parabolic", 
        "value": 0.015892356549379212
    }, 
    "Ar37": {
        "error": 0.14613461448031914, 
        "fit": "linear", 
        "value": 0.06591048113742512
    }, 
    "Ar38": {
        "error": 0.16737432373801123, 
        "fit": "linear", 
        "value": 0.17791753857463843
    }, 
    "Ar39": {
        "error": 0.070948043207386804, 
        "fit": "parabolic", 
        "value": 19.997867592049246
    }, 
    "Ar40": {
        "error": 0.43613707977399163, 
        "fit": "parabolic", 
        "value": 1227.2409285937756
    }, 
    "Ar41": {
        "error": 0.12988005787238757, 
        "fit": "average_SEM", 
        "value": 0.017435496275065816
    }
}