{
    "Ar36": {
        "error": 0.0015774988545239539, 
        "fit": "parabolic", 
        "value": 0.0074678671383378963
    }, 
    "Ar37": {
        "error": 0.137919887177608, 
        "fit": "linear", 
        "value": 0.05216309808770965
    }, 
    "Ar38": {
        "error": 0.16920944142449831, 
        "fit": "linear", 
        "value": 0.22222009381128699
    }, 
    "Ar39": {
        "error": 0.069517450471768202, 
        "fit": "parabolic", 
        "value": 19.792977983782787
    }, 
    "Ar40": {
        "error": 0.42320704962189831, 
        "fit": "parabolic", 
        "value": 1213.8070347478902
    }, 
    "Ar41": {
        "error": 0.13803405843288113, 
        "fit": "average_SEM", 
        "value": 0.024526647448656149
    }
}