{
    "Ar36": {
        "error": 0.0015329344368277954, 
        "fit": "parabolic", 
        "value": 0.0077755398181863101
    }, 
    "Ar37": {
        "error": 0.13129626412050074, 
        "fit": "linear", 
        "value": 0.060076483481034865
    }, 
    "Ar38": {
        "error": 0.17559878803514653, 
        "fit": "linear", 
        "value": 0.19527884289298558
    }, 
    "Ar39": {
        "error": 0.066649137904194522, 
        "fit": "parabolic", 
        "value": 19.955765984206156
    }, 
    "Ar40": {
        "error": 0.45482078639840456, 
        "fit": "parabolic", 
        "value": 1220.6875915443579
    }, 
    "Ar41": {
        "error": 0.13096575284342205, 
        "fit": "average_SEM", 
        "value": 0.024626697003841399
    }
}