{
    "Ar36": {
        "error": 0.0014066905952577291, 
        "fit": "parabolic", 
        "value": 0.0064514530351584953
    }, 
    "Ar37": {
        "error": 0.1269078096300543, 
        "fit": "linear", 
        "value": 0.056880129566147651
    }, 
    "Ar38": {
        "error": 0.16585253765007166, 
        "fit": "linear", 
        "value": 0.18845897558822022
    }, 
    "Ar39": {
        "error": 0.070431191463808274, 
        "fit": "parabolic", 
        "value": 18.279628457607252
    }, 
    "Ar40": {
        "error": 0.42000645831452904, 
        "fit": "parabolic", 
        "value": 1123.4331551453745
    }, 
    "Ar41": {
        "error": 0.13465397748908486, 
        "fit": "average_SEM", 
        "value": 0.017130479176121299
    }
}