{
    "Ar36": {
        "error": 0.001868861836709531, 
        "fit": "parabolic", 
        "value": 0.0099198333663956736
    }, 
    "Ar37": {
        "error": 0.14014139991885494, 
        "fit": "linear", 
        "value": 0.038710293759767977
    }, 
    "Ar38": {
        "error": 0.18811503065138305, 
        "fit": "linear", 
        "value": 0.40797594044986518
    }, 
    "Ar39": {
        "error": 0.076188696240948678, 
        "fit": "parabolic", 
        "value": 38.178629221442954
    }, 
    "Ar40": {
        "error": 0.58832025908108565, 
        "fit": "parabolic", 
        "value": 2338.716347266617
    }, 
    "Ar41": {
        "error": 0.13966628237388004, 
        "fit": "average_SEM", 
        "value": 0.039404681319283555
    }
}