{
    "Ar36": {
        "error": 0.0015167500111627108, 
        "fit": "parabolic", 
        "value": 0.0082503722518702145
    }, 
    "Ar37": {
        "error": 0.13916968185071385, 
        "fit": "linear", 
        "value": 0.037624121584586959
    }, 
    "Ar38": {
        "error": 0.18403338926668633, 
        "fit": "linear", 
        "value": 0.2054208778838664
    }, 
    "Ar39": {
        "error": 0.070726071418994507, 
        "fit": "parabolic", 
        "value": 20.748604047383367
    }, 
    "Ar40": {
        "error": 0.4440891985753857, 
        "fit": "parabolic", 
        "value": 1272.1068171555958
    }, 
    "Ar41": {
        "error": 0.13578321327869247, 
        "fit": "average_SEM", 
        "value": 0.014581688001999282
    }
}