{
    "Ar36": {
        "error": 0.0018153510982752722, 
        "fit": "parabolic", 
        "value": 0.0085703850978052568
    }, 
    "Ar37": {
        "error": 0.12923716634454802, 
        "fit": "linear", 
        "value": 0.075970920251779192
    }, 
    "Ar38": {
        "error": 0.1812551585451089, 
        "fit": "linear", 
        "value": 0.50793897394080245
    }, 
    "Ar39": {
        "error": 0.085170373415680942, 
        "fit": "parabolic", 
        "value": 45.10146375091157
    }, 
    "Ar40": {
        "error": 0.63370744956207592, 
        "fit": "parabolic", 
        "value": 2763.0563263326412
    }, 
    "Ar41": {
        "error": 0.14036428282966135, 
        "fit": "average_SEM", 
        "value": 0.03910811618901789
    }
}