{
    "Ar36": {
        "error": 0.0018512307184400589, 
        "fit": "parabolic", 
        "value": 0.0098350800250331036
    }, 
    "Ar37": {
        "error": 0.13510369825050408, 
        "fit": "linear", 
        "value": 0.079515537832405558
    }, 
    "Ar38": {
        "error": 0.1902310480729158, 
        "fit": "linear", 
        "value": 0.41877853796175868
    }, 
    "Ar39": {
        "error": 0.076163400744912402, 
        "fit": "parabolic", 
        "value": 39.548802235149829
    }, 
    "Ar40": {
        "error": 0.58990633556103389, 
        "fit": "parabolic", 
        "value": 2425.1383795110687
    }, 
    "Ar41": {
        "error": 0.14041997620608046, 
        "fit": "average_SEM", 
        "value": 0.058757859688266766
    }
}