{
    "Ar36": {
        "error": 0.0016579430422379317, 
        "fit": "parabolic", 
        "value": 0.010688479527099738
    }, 
    "Ar37": {
        "error": 0.13573922533031973, 
        "fit": "linear", 
        "value": 0.077370137930022148
    }, 
    "Ar38": {
        "error": 0.16500140958661302, 
        "fit": "linear", 
        "value": 0.22663557514623023
    }, 
    "Ar39": {
        "error": 0.075672800962040307, 
        "fit": "parabolic", 
        "value": 22.555565772760872
    }, 
    "Ar40": {
        "error": 0.47287945679341559, 
        "fit": "parabolic", 
        "value": 1382.8567601136465
    }, 
    "Ar41": {
        "error": 0.14484620866171877, 
        "fit": "average_SEM", 
        "value": 0.034265014403426906
    }
}