{
    "Ar36": {
        "error": 0.0016796980873493982, 
        "fit": "parabolic", 
        "value": 0.010095893520165685
    }, 
    "Ar37": {
        "error": 0.13245610525787968, 
        "fit": "linear", 
        "value": 0.071212521744429325
    }, 
    "Ar38": {
        "error": 0.18796264166157933, 
        "fit": "linear", 
        "value": 0.33776809919538842
    }, 
    "Ar39": {
        "error": 0.077297523036920876, 
        "fit": "parabolic", 
        "value": 30.214162333456152
    }, 
    "Ar40": {
        "error": 0.53114480172660283, 
        "fit": "parabolic", 
        "value": 1853.767873388892
    }, 
    "Ar41": {
        "error": 0.1440793133884318, 
        "fit": "average_SEM", 
        "value": 0.04744013366784202
    }
}