{
    "Ar36": {
        "error": 0.0015422745897853674, 
        "fit": "parabolic", 
        "value": 0.0065501401773820044
    }, 
    "Ar37": {
        "error": 0.13624920420383652, 
        "fit": "linear", 
        "value": 0.071186034221326203
    }, 
    "Ar38": {
        "error": 0.17040139657917999, 
        "fit": "linear", 
        "value": 0.25205635772404805
    }, 
    "Ar39": {
        "error": 0.073306948936784327, 
        "fit": "parabolic", 
        "value": 23.426488616776922
    }, 
    "Ar40": {
        "error": 0.4777383956672111, 
        "fit": "parabolic", 
        "value": 1434.8324846933638
    }, 
    "Ar41": {
        "error": 0.14742865698053392, 
        "fit": "average_SEM", 
        "value": 0.040450080976006574
    }
}