{
    "Ar36": {
        "error": 0.001581827922517106, 
        "fit": "parabolic", 
        "value": 0.0091013914889567019
    }, 
    "Ar37": {
        "error": 0.14222300287251782, 
        "fit": "linear", 
        "value": 0.074012242228173819
    }, 
    "Ar38": {
        "error": 0.17879489090075604, 
        "fit": "linear", 
        "value": 0.39718967315846088
    }, 
    "Ar39": {
        "error": 0.076999831145579498, 
        "fit": "parabolic", 
        "value": 34.943853275071639
    }, 
    "Ar40": {
        "error": 0.52662155080959472, 
        "fit": "parabolic", 
        "value": 2136.1677643971666
    }, 
    "Ar41": {
        "error": 0.1528429487009548, 
        "fit": "average_SEM", 
        "value": 0.04900547666690272
    }
}