{
    "Ar36": {
        "error": 0.0015493468552270539, 
        "fit": "parabolic", 
        "value": 0.0074039453993969447
    }, 
    "Ar37": {
        "error": 0.14130513730028099, 
        "fit": "linear", 
        "value": 0.079591072320952458
    }, 
    "Ar38": {
        "error": 0.18306950832757166, 
        "fit": "linear", 
        "value": 0.31617944616696408
    }, 
    "Ar39": {
        "error": 0.076224502778201988, 
        "fit": "parabolic", 
        "value": 28.293756557352729
    }, 
    "Ar40": {
        "error": 0.52146170490792421, 
        "fit": "parabolic", 
        "value": 1729.6142728497928
    }, 
    "Ar41": {
        "error": 0.14953286529682547, 
        "fit": "average_SEM", 
        "value": 0.040883568664285122
    }
}