{
    "Ar36": {
        "error": 0.0013618919643983859, 
        "fit": "parabolic", 
        "value": 0.0061184702749134011
    }, 
    "Ar37": {
        "error": 0.12619260631140344, 
        "fit": "linear", 
        "value": 0.049649879033666675
    }, 
    "Ar38": {
        "error": 0.15022773487383367, 
        "fit": "linear", 
        "value": 0.14881439923595538
    }, 
    "Ar39": {
        "error": 0.071157846577866807, 
        "fit": "parabolic", 
        "value": 13.62100085602497
    }, 
    "Ar40": {
        "error": 0.34615849850209052, 
        "fit": "parabolic", 
        "value": 834.22285559160878
    }, 
    "Ar41": {
        "error": 0.15436021053972604, 
        "fit": "average_SEM", 
        "value": 0.022010891980899033
    }
}