{
    "Ar36": {
        "error": 0.0015932588866020136, 
        "fit": "parabolic", 
        "value": 0.0084003264880953381
    }, 
    "Ar37": {
        "error": 0.13783477112241863, 
        "fit": "linear", 
        "value": 0.086895619954176523
    }, 
    "Ar38": {
        "error": 0.16740282471543158, 
        "fit": "linear", 
        "value": 0.23993254965917382
    }, 
    "Ar39": {
        "error": 0.067071425669305809, 
        "fit": "parabolic", 
        "value": 23.080794596455711
    }, 
    "Ar40": {
        "error": 0.43191623580693439, 
        "fit": "parabolic", 
        "value": 1414.6932582071522
    }, 
    "Ar41": {
        "error": 0.14089416874661143, 
        "fit": "average_SEM", 
        "value": 0.036925398733656037
    }
}