{
    "Ar36": {
        "error": 0.0015255354864372463, 
        "fit": "parabolic", 
        "value": 0.0083969714011060022
    }, 
    "Ar37": {
        "error": 0.13296161346664487, 
        "fit": "linear", 
        "value": 0.060069086202623828
    }, 
    "Ar38": {
        "error": 0.1627716939551728, 
        "fit": "linear", 
        "value": 0.19507759781180947
    }, 
    "Ar39": {
        "error": 0.069004444556959157, 
        "fit": "parabolic", 
        "value": 20.926121508377406
    }, 
    "Ar40": {
        "error": 0.42278609415846657, 
        "fit": "parabolic", 
        "value": 1282.0501328160328
    }, 
    "Ar41": {
        "error": 0.15911171418485076, 
        "fit": "average_SEM", 
        "value": 0.039593588226707652
    }
}