{
    "Ar36": {
        "error": 0.0014074605933782954, 
        "fit": "parabolic", 
        "value": 0.00602559721181164
    }, 
    "Ar37": {
        "error": 0.13544199467668783, 
        "fit": "linear", 
        "value": 0.087907301643868355
    }, 
    "Ar38": {
        "error": 0.15636111158041321, 
        "fit": "linear", 
        "value": 0.20139729004459017
    }, 
    "Ar39": {
        "error": 0.072267010986023505, 
        "fit": "parabolic", 
        "value": 19.158480671404728
    }, 
    "Ar40": {
        "error": 0.44746219120439867, 
        "fit": "parabolic", 
        "value": 1176.1266695285638
    }, 
    "Ar41": {
        "error": 0.1524365446842284, 
        "fit": "average_SEM", 
        "value": 0.029347163091006222
    }
}