{
    "Ar36": {
        "error": 0.0016932632592856808, 
        "fit": "parabolic", 
        "value": 0.0080462235769201869
    }, 
    "Ar37": {
        "error": 0.14451968845148358, 
        "fit": "linear", 
        "value": 0.074428655134679625
    }, 
    "Ar38": {
        "error": 0.18484349392584271, 
        "fit": "linear", 
        "value": 0.29884034384294117
    }, 
    "Ar39": {
        "error": 0.075319292680301922, 
        "fit": "parabolic", 
        "value": 30.86785623282298
    }, 
    "Ar40": {
        "error": 0.55157372946779848, 
        "fit": "parabolic", 
        "value": 1888.9863187784997
    }, 
    "Ar41": {
        "error": 0.15763768712454987, 
        "fit": "average_SEM", 
        "value": 0.039988251007998771
    }
}