{
    "Ar36": {
        "error": 0.0018753237605706307, 
        "fit": "parabolic", 
        "value": 0.010508417148561551
    }, 
    "Ar37": {
        "error": 0.14078549121535691, 
        "fit": "linear", 
        "value": 0.083987499286704001
    }, 
    "Ar38": {
        "error": 0.18352456815547946, 
        "fit": "linear", 
        "value": 0.47023748918166752
    }, 
    "Ar39": {
        "error": 0.079564488274465814, 
        "fit": "parabolic", 
        "value": 43.986155716370497
    }, 
    "Ar40": {
        "error": 0.62689793628445556, 
        "fit": "parabolic", 
        "value": 2696.7811196604412
    }, 
    "Ar41": {
        "error": 0.16584138500068071, 
        "fit": "average_SEM", 
        "value": 0.047882008632768702
    }
}