{
    "Ar36": {
        "error": 0.0017177780314238352, 
        "fit": "parabolic", 
        "value": 0.014436166682905226
    }, 
    "Ar37": {
        "error": 0.13841110451730285, 
        "fit": "linear", 
        "value": 0.073393908719744619
    }, 
    "Ar38": {
        "error": 0.17182195457473226, 
        "fit": "linear", 
        "value": 0.22761179217014116
    }, 
    "Ar39": {
        "error": 0.072188796598023866, 
        "fit": "parabolic", 
        "value": 21.868599951242022
    }, 
    "Ar40": {
        "error": 0.45474253805896941, 
        "fit": "parabolic", 
        "value": 1343.2893387901406
    }, 
    "Ar41": {
        "error": 0.16257019341068316, 
        "fit": "average_SEM", 
        "value": 0.034739485974423584
    }
}