{
    "Ar36": {
        "error": 0.0022415393343272771, 
        "fit": "parabolic", 
        "value": 0.026810417284548225
    }, 
    "Ar37": {
        "error": 0.13504705016353727, 
        "fit": "linear", 
        "value": 0.065588162297089053
    }, 
    "Ar38": {
        "error": 0.17321318964045462, 
        "fit": "linear", 
        "value": 0.19464699581583655
    }, 
    "Ar39": {
        "error": 0.06897899750662595, 
        "fit": "parabolic", 
        "value": 19.293401017117972
    }, 
    "Ar40": {
        "error": 0.4333980437544675, 
        "fit": "parabolic", 
        "value": 1190.0904512184129
    }, 
    "Ar41": {
        "error": 0.15933400333813619, 
        "fit": "average_SEM", 
        "value": 0.032863262013233904
    }
}