{
    "Ar36": {
        "error": 0.0030166903342253139, 
        "fit": "parabolic", 
        "value": 0.053572238296016157
    }, 
    "Ar37": {
        "error": 0.1308207620883852, 
        "fit": "linear", 
        "value": 0.057378217719671332
    }, 
    "Ar38": {
        "error": 0.17502871017985688, 
        "fit": "linear", 
        "value": 0.50768129816728647
    }, 
    "Ar39": {
        "error": 0.081299154460197198, 
        "fit": "parabolic", 
        "value": 43.751429343923533
    }, 
    "Ar40": {
        "error": 0.6766529629659821, 
        "fit": "parabolic", 
        "value": 2701.2368474499021
    }, 
    "Ar41": {
        "error": 0.15388990180777276, 
        "fit": "average_SEM", 
        "value": 0.063471625361526091
    }
}