{
    "Ar36": {
        "error": 0.0016650194115837599, 
        "fit": "parabolic", 
        "value": 0.011172782944428528
    }, 
    "Ar37": {
        "error": 0.14144972361611338, 
        "fit": "linear", 
        "value": 0.065028252994313113
    }, 
    "Ar38": {
        "error": 0.17317439222207176, 
        "fit": "linear", 
        "value": 0.23606448245794615
    }, 
    "Ar39": {
        "error": 0.072745795638367181, 
        "fit": "parabolic", 
        "value": 21.902347662377295
    }, 
    "Ar40": {
        "error": 0.44369308565739735, 
        "fit": "parabolic", 
        "value": 1345.8446661422793
    }, 
    "Ar41": {
        "error": 0.15824337596538102, 
        "fit": "average_SEM", 
        "value": 0.026948429921176284
    }
}