{
    "Ar36": {
        "error": 0.0015421209379700991, 
        "fit": "parabolic", 
        "value": 0.007405568128643362
    }, 
    "Ar37": {
        "error": 0.13972963293292032, 
        "fit": "linear", 
        "value": 0.026931896056039888
    }, 
    "Ar38": {
        "error": 0.16810405882276891, 
        "fit": "linear", 
        "value": 0.18563351359080787
    }, 
    "Ar39": {
        "error": 0.075452003312227997, 
        "fit": "parabolic", 
        "value": 19.72470357647844
    }, 
    "Ar40": {
        "error": 0.43585969343987346, 
        "fit": "parabolic", 
        "value": 1214.0086846151457
    }, 
    "Ar41": {
        "error": 0.14510167997405723, 
        "fit": "average_SEM", 
        "value": 0.011747051416205068
    }
}