{
    "Ar36": {
        "error": 0.0014675666096402576, 
        "fit": "parabolic", 
        "value": 0.0066509245406845803
    }, 
    "Ar37": {
        "error": 0.13235836804120957, 
        "fit": "linear", 
        "value": 0.01887692309982936
    }, 
    "Ar38": {
        "error": 0.17262530756723782, 
        "fit": "linear", 
        "value": 0.20694610147445994
    }, 
    "Ar39": {
        "error": 0.067437703477219724, 
        "fit": "parabolic", 
        "value": 22.163341151359617
    }, 
    "Ar40": {
        "error": 0.44661116249384453, 
        "fit": "parabolic", 
        "value": 1363.127751032147
    }, 
    "Ar41": {
        "error": 0.14565916055966585, 
        "fit": "average_SEM", 
        "value": 0.017639486437260529
    }
}