{
    "Ar36": {
        "error": 0.0018865397645248016, 
        "fit": "parabolic", 
        "value": 0.011547153619559105
    }, 
    "Ar37": {
        "error": 0.13325435720639289, 
        "fit": "linear", 
        "value": 0.046942279972325848
    }, 
    "Ar38": {
        "error": 0.19698172268923816, 
        "fit": "linear", 
        "value": 0.31537537616014222
    }, 
    "Ar39": {
        "error": 0.073828240934220593, 
        "fit": "parabolic", 
        "value": 31.951539403262224
    }, 
    "Ar40": {
        "error": 0.55310413226452149, 
        "fit": "parabolic", 
        "value": 1966.600302085119
    }, 
    "Ar41": {
        "error": 0.14856298800293413, 
        "fit": "average_SEM", 
        "value": 0.028282828437222633
    }
}