{
    "Ar36": {
        "error": 0.0015126841907652016, 
        "fit": "parabolic", 
        "value": 0.0064506268163741212
    }, 
    "Ar37": {
        "error": 0.13561290615937327, 
        "fit": "linear", 
        "value": 0.041660983829324906
    }, 
    "Ar38": {
        "error": 0.19032799647781729, 
        "fit": "linear", 
        "value": 0.32098274630301948
    }, 
    "Ar39": {
        "error": 0.076184696849986175, 
        "fit": "parabolic", 
        "value": 30.876964353484066
    }, 
    "Ar40": {
        "error": 0.51104624938242627, 
        "fit": "parabolic", 
        "value": 1904.2028477627869
    }, 
    "Ar41": {
        "error": 0.13471759184600737, 
        "fit": "average_SEM", 
        "value": 0.042040835246011737
    }
}