{
    "Ar36": {
        "error": 0.0016390697097504725, 
        "fit": "parabolic", 
        "value": 0.013414050425966748
    }, 
    "Ar37": {
        "error": 0.1389292004516825, 
        "fit": "linear", 
        "value": 0.056568163090102035
    }, 
    "Ar38": {
        "error": 0.19855355454954457, 
        "fit": "linear", 
        "value": 0.29495188761227625
    }, 
    "Ar39": {
        "error": 0.079849991850248506, 
        "fit": "parabolic", 
        "value": 30.450848926713348
    }, 
    "Ar40": {
        "error": 0.56611171690630535, 
        "fit": "parabolic", 
        "value": 1873.4514999465885
    }, 
    "Ar41": {
        "error": 0.13218832825914703, 
        "fit": "average_SEM", 
        "value": 0.02569009944316349
    }
}