{
    "Ar36": {
        "error": 0.0015236483503942909, 
        "fit": "parabolic", 
        "value": 0.0060917690966109193
    }, 
    "Ar37": {
        "error": 0.13531579947874639, 
        "fit": "linear", 
        "value": 0.043467368589525227
    }, 
    "Ar38": {
        "error": 0.18485043521226208, 
        "fit": "linear", 
        "value": 0.27147488778362994
    }, 
    "Ar39": {
        "error": 0.073851252757277108, 
        "fit": "parabolic", 
        "value": 26.753948963699479
    }, 
    "Ar40": {
        "error": 0.5185604036643523, 
        "fit": "parabolic", 
        "value": 1644.7831089748065
    }, 
    "Ar41": {
        "error": 0.14114131592136436, 
        "fit": "average_SEM", 
        "value": 0.02120763456914574
    }
}