{
    "Ar36": {
        "error": 0.0020342638056364539, 
        "fit": "parabolic", 
        "value": 0.0083393870274026151
    }, 
    "Ar37": {
        "error": 0.1340817258894631, 
        "fit": "linear", 
        "value": 0.062129139662398691
    }, 
    "Ar38": {
        "error": 0.1875852878206675, 
        "fit": "linear", 
        "value": 0.69299589970349473
    }, 
    "Ar39": {
        "error": 0.093075908856237191, 
        "fit": "parabolic", 
        "value": 62.924497153413157
    }, 
    "Ar40": {
        "error": 0.78518886808826061, 
        "fit": "parabolic", 
        "value": 3868.0640414118498
    }, 
    "Ar41": {
        "error": 0.13077427293404376, 
        "fit": "average_SEM", 
        "value": 0.073639734921744096
    }
}