{
    "Ar36": {
        "error": 0.0025438017554688165, 
        "fit": "parabolic", 
        "value": 0.031964647744823632
    }, 
    "Ar37": {
        "error": 0.13760063212324891, 
        "fit": "linear", 
        "value": 0.061433779190007767
    }, 
    "Ar38": {
        "error": 0.20236321993739706, 
        "fit": "linear", 
        "value": 0.33164410597601662
    }, 
    "Ar39": {
        "error": 0.073460729388635529, 
        "fit": "parabolic", 
        "value": 31.843579413639333
    }, 
    "Ar40": {
        "error": 0.55947522629747981, 
        "fit": "parabolic", 
        "value": 1964.8317003655325
    }, 
    "Ar41": {
        "error": 0.12437320673930224, 
        "fit": "average_SEM", 
        "value": 0.28779168266337363
    }
}