{
    "Ar36": {
        "error": 0.0032001349559963562, 
        "fit": "parabolic", 
        "value": 0.062456774023337755
    }, 
    "Ar37": {
        "error": 0.1321895053844343, 
        "fit": "linear", 
        "value": 0.054108549623847146
    }, 
    "Ar38": {
        "error": 0.19217659792644437, 
        "fit": "linear", 
        "value": 0.42894760118881675
    }, 
    "Ar39": {
        "error": 0.080944054261193277, 
        "fit": "parabolic", 
        "value": 40.072375779333953
    }, 
    "Ar40": {
        "error": 0.65645523445800202, 
        "fit": "parabolic", 
        "value": 2479.2333321562928
    }, 
    "Ar41": {
        "error": 0.13051231021054105, 
        "fit": "average_SEM", 
        "value": 0.31207873978622958
    }
}