{
    "Ar36": {
        "error": 0.0018233371328267875, 
        "fit": "parabolic", 
        "value": 0.011319581687332445
    }, 
    "Ar37": {
        "error": 0.1492526858301306, 
        "fit": "linear", 
        "value": -0.0303079009447151
    }, 
    "Ar38": {
        "error": 0.19685897684160583, 
        "fit": "linear", 
        "value": 0.39234114733927283
    }, 
    "Ar39": {
        "error": 0.074216317183137551, 
        "fit": "parabolic", 
        "value": 40.344877358366062
    }, 
    "Ar40": {
        "error": 0.62605998427107523, 
        "fit": "parabolic", 
        "value": 2492.6504150138135
    }, 
    "Ar41": {
        "error": 0.12560495794171037, 
        "fit": "average_SEM", 
        "value": 0.032669768011583077
    }
}