{
    "Ar36": {
        "error": 0.0020998273838300271, 
        "fit": "parabolic", 
        "value": 0.021898517828574209
    }, 
    "Ar37": {
        "error": 0.14024879543473018, 
        "fit": "linear", 
        "value": -0.019515493163253635
    }, 
    "Ar38": {
        "error": 0.19904464240996661, 
        "fit": "linear", 
        "value": 0.33546045881143971
    }, 
    "Ar39": {
        "error": 0.077608070064309642, 
        "fit": "parabolic", 
        "value": 32.158928143469467
    }, 
    "Ar40": {
        "error": 0.54094282897349333, 
        "fit": "parabolic", 
        "value": 1984.2078644771523
    }, 
    "Ar41": {
        "error": 0.12769093431977713, 
        "fit": "average_SEM", 
        "value": 0.022689568362093269
    }
}