{
    "Ar36": {
        "error": 0.001911515212115274, 
        "fit": "parabolic", 
        "value": 0.017752849012945559
    }, 
    "Ar37": {
        "error": 0.13567194768215793, 
        "fit": "linear", 
        "value": -0.027040489761671407
    }, 
    "Ar38": {
        "error": 0.20778675188445292, 
        "fit": "linear", 
        "value": 0.24375551178425453
    }, 
    "Ar39": {
        "error": 0.073063685552054433, 
        "fit": "parabolic", 
        "value": 24.947554183264174
    }, 
    "Ar40": {
        "error": 0.49897890782901622, 
        "fit": "parabolic", 
        "value": 1547.639750019729
    }, 
    "Ar41": {
        "error": 0.1248540302046858, 
        "fit": "average_SEM", 
        "value": 0.26986685626674445
    }
}