{
    "Ar36": {
        "error": 0.0020446942786532889, 
        "fit": "parabolic", 
        "value": 0.021268584622159921
    }, 
    "Ar37": {
        "error": 0.13517353174324714, 
        "fit": "linear", 
        "value": -0.032914687678921431
    }, 
    "Ar38": {
        "error": 0.21918711253188869, 
        "fit": "linear", 
        "value": 0.26899612865303008
    }, 
    "Ar39": {
        "error": 0.075225872050723216, 
        "fit": "parabolic", 
        "value": 26.463052000813299
    }, 
    "Ar40": {
        "error": 0.46903812313497861, 
        "fit": "parabolic", 
        "value": 1634.9560758635307
    }, 
    "Ar41": {
        "error": 0.12099319399476206, 
        "fit": "average_SEM", 
        "value": 0.27250648922636173
    }
}