{
    "Ar36": {
        "error": 0.0022910438667803996, 
        "fit": "parabolic", 
        "value": 0.020731251609454354
    }, 
    "Ar37": {
        "error": 0.13281319744514392, 
        "fit": "linear", 
        "value": -0.015996432409371288
    }, 
    "Ar38": {
        "error": 0.1879086629851548, 
        "fit": "linear", 
        "value": 0.33391425319090667
    }, 
    "Ar39": {
        "error": 0.081735485656162399, 
        "fit": "parabolic", 
        "value": 37.683807142369218
    }, 
    "Ar40": {
        "error": 0.59688182498655218, 
        "fit": "parabolic", 
        "value": 2332.4187087037008
    }, 
    "Ar41": {
        "error": 0.11941800232862279, 
        "fit": "average_SEM", 
        "value": 0.29676487464457751
    }
}