{
    "Ar36": {
        "error": 0.0018759899389862124, 
        "fit": "parabolic", 
        "value": 0.014606488707469993
    }, 
    "Ar37": {
        "error": 0.13851276159732551, 
        "fit": "linear", 
        "value": -0.034661796937385546
    }, 
    "Ar38": {
        "error": 0.19704900711351719, 
        "fit": "linear", 
        "value": 0.24860317298980994
    }, 
    "Ar39": {
        "error": 0.073879157313533617, 
        "fit": "parabolic", 
        "value": 27.913611917754864
    }, 
    "Ar40": {
        "error": 0.53396989878231627, 
        "fit": "parabolic", 
        "value": 1727.4070045154908
    }, 
    "Ar41": {
        "error": 0.12919512487313189, 
        "fit": "average_SEM", 
        "value": 0.28481377956864889
    }
}