{
    "Ar36": {
        "error": 0.0024372540364227379, 
        "fit": "parabolic", 
        "value": 0.029741490946214678
    }, 
    "Ar37": {
        "error": 0.13969153081991928, 
        "fit": "linear", 
        "value": -0.041602618608988708
    }, 
    "Ar38": {
        "error": 0.22384942335175509, 
        "fit": "linear", 
        "value": 0.38850642651166251
    }, 
    "Ar39": {
        "error": 0.077251356701755147, 
        "fit": "parabolic", 
        "value": 37.260964798361684
    }, 
    "Ar40": {
        "error": 0.59997038595445451, 
        "fit": "parabolic", 
        "value": 2310.7074846126816
    }, 
    "Ar41": {
        "error": 0.12937878709054762, 
        "fit": "average_SEM", 
        "value": 0.28110097217460861
    }
}