{
    "Ar36": {
        "error": 0.0018454774148142009, 
        "fit": "parabolic", 
        "value": 0.010119116096650419
    }, 
    "Ar37": {
        "error": 0.14089741260566979, 
        "fit": "linear", 
        "value": -0.040092798646281971
    }, 
    "Ar38": {
        "error": 0.2366073831022811, 
        "fit": "linear", 
        "value": 0.5150465703317828
    }, 
    "Ar39": {
        "error": 0.079902757214226641, 
        "fit": "parabolic", 
        "value": 48.712868742546661
    }, 
    "Ar40": {
        "error": 0.67456276511652702, 
        "fit": "parabolic", 
        "value": 3014.5264773617478
    }, 
    "Ar41": {
        "error": 0.12712984368856708, 
        "fit": "average_SEM", 
        "value": 0.30197228871926202
    }
}