{
    "Ar36": {
        "error": 0.0021445312173216835, 
        "fit": "parabolic", 
        "value": 0.01442845505301028
    }, 
    "Ar37": {
        "error": 0.13527971493628432, 
        "fit": "linear", 
        "value": -0.015629628150849707
    }, 
    "Ar38": {
        "error": 0.21393376695569302, 
        "fit": "linear", 
        "value": 0.51553192960077232
    }, 
    "Ar39": {
        "error": 0.08406505879716801, 
        "fit": "parabolic", 
        "value": 47.897732584470539
    }, 
    "Ar40": {
        "error": 0.71349363411923861, 
        "fit": "parabolic", 
        "value": 2963.5787958428236
    }, 
    "Ar41": {
        "error": 0.13268136031817501, 
        "fit": "average_SEM", 
        "value": 0.30058502517989838
    }
}