{
    "Ar36": {
        "error": 0.0016683499625347444, 
        "fit": "parabolic", 
        "value": 0.0094688011783010187
    }, 
    "Ar37": {
        "error": 0.12787491449134616, 
        "fit": "linear", 
        "value": -0.035227572259904971
    }, 
    "Ar38": {
        "error": 0.17994130759335086, 
        "fit": "linear", 
        "value": 0.17403025893194768
    }, 
    "Ar39": {
        "error": 0.068510654410828514, 
        "fit": "parabolic", 
        "value": 20.55085083892989
    }, 
    "Ar40": {
        "error": 0.44612770594296119, 
        "fit": "parabolic", 
        "value": 1271.7144228621937
    }, 
    "Ar41": {
        "error": 0.12635511671666891, 
        "fit": "average_SEM", 
        "value": 0.26275734238559378
    }
}