{
    "Ar36": {
        "error": 0.0018145214487146791, 
        "fit": "parabolic", 
        "value": 0.01283121321746572
    }, 
    "Ar37": {
        "error": 0.13746885160422087, 
        "fit": "linear", 
        "value": -0.058723567856943798
    }, 
    "Ar38": {
        "error": 0.1911478402649662, 
        "fit": "linear", 
        "value": 0.28573953206092889
    }, 
    "Ar39": {
        "error": 0.078431200509701718, 
        "fit": "parabolic", 
        "value": 29.706739913910564
    }, 
    "Ar40": {
        "error": 0.52326252700468734, 
        "fit": "parabolic", 
        "value": 1842.4437349761747
    }, 
    "Ar41": {
        "error": 0.13261708471633227, 
        "fit": "average_SEM", 
        "value": 0.27415915172416133
    }
}