{
    "Ar36": {
        "error": 0.001655973402124462, 
        "fit": "parabolic", 
        "value": 0.010365593228741761
    }, 
    "Ar37": {
        "error": 0.14403609748761506, 
        "fit": "linear", 
        "value": -0.042760682720369959
    }, 
    "Ar38": {
        "error": 0.20150846102766592, 
        "fit": "linear", 
        "value": 0.35231518104118187
    }, 
    "Ar39": {
        "error": 0.079604073994930261, 
        "fit": "parabolic", 
        "value": 37.897025954174303
    }, 
    "Ar40": {
        "error": 0.62064550537473628, 
        "fit": "parabolic", 
        "value": 2348.9171766183799
    }, 
    "Ar41": {
        "error": 0.12715712448266939, 
        "fit": "average_SEM", 
        "value": 0.022940350774442776
    }
}