{
    "Ar36": {
        "error": 0.0016527013041425012, 
        "fit": "parabolic", 
        "value": 0.011064195189108381
    }, 
    "Ar37": {
        "error": 0.13195410330679072, 
        "fit": "linear", 
        "value": -0.04169850965403836
    }, 
    "Ar38": {
        "error": 0.19156479905812765, 
        "fit": "linear", 
        "value": 0.24944591353496315
    }, 
    "Ar39": {
        "error": 0.073498096064792393, 
        "fit": "parabolic", 
        "value": 26.875272770406831
    }, 
    "Ar40": {
        "error": 0.50336915382701053, 
        "fit": "parabolic", 
        "value": 1678.7765448170067
    }, 
    "Ar41": {
        "error": 0.13131630046805082, 
        "fit": "average_SEM", 
        "value": 0.27327128302713388
    }
}