{
    "Ar36": {
        "error": 0.0019802605685663006, 
        "fit": "parabolic", 
        "value": 0.01360776713832962
    }, 
    "Ar37": {
        "error": 0.13857546447466587, 
        "fit": "linear", 
        "value": -0.019754479325437727
    }, 
    "Ar38": {
        "error": 0.20055046522321901, 
        "fit": "linear", 
        "value": 0.38367595044866698
    }, 
    "Ar39": {
        "error": 0.071709787722573914, 
        "fit": "parabolic", 
        "value": 39.731271972192033
    }, 
    "Ar40": {
        "error": 0.62459299860250073, 
        "fit": "parabolic", 
        "value": 2462.5832708849657
    }, 
    "Ar41": {
        "error": 0.13224989139979637, 
        "fit": "average_SEM", 
        "value": 0.025342458974228065
    }
}