{
    "Ar36": {
        "error": 0.0016045871471023071, 
        "fit": "parabolic", 
        "value": 0.010248102355050949
    }, 
    "Ar37": {
        "error": 0.14360310935384415, 
        "fit": "linear", 
        "value": -0.01861058354963015
    }, 
    "Ar38": {
        "error": 0.19305963541563523, 
        "fit": "linear", 
        "value": 0.1958774720487293
    }, 
    "Ar39": {
        "error": 0.071854344074707227, 
        "fit": "parabolic", 
        "value": 20.50823483659666
    }, 
    "Ar40": {
        "error": 0.4421596989901983, 
        "fit": "parabolic", 
        "value": 1269.471734252641
    }, 
    "Ar41": {
        "error": 0.12930982564710722, 
        "fit": "average_SEM", 
        "value": 0.015954358549497557
    }
}