{
    "Ar36": {
        "error": 0.0015831872582601164, 
        "fit": "parabolic", 
        "value": 0.0081737986050496141
    }, 
    "Ar37": {
        "error": 0.14454241035761428, 
        "fit": "linear", 
        "value": -0.016866247605431997
    }, 
    "Ar38": {
        "error": 0.17905138106150414, 
        "fit": "linear", 
        "value": 0.17247015054791009
    }, 
    "Ar39": {
        "error": 0.069241255387260725, 
        "fit": "parabolic", 
        "value": 20.418133708273352
    }, 
    "Ar40": {
        "error": 0.4422550657393407, 
        "fit": "parabolic", 
        "value": 1262.0920310722117
    }, 
    "Ar41": {
        "error": 0.12712240808181205, 
        "fit": "average_SEM", 
        "value": 0.012604629092093091
    }
}