{
    "Ar36": {
        "error": 0.0018450096039539529, 
        "fit": "parabolic", 
        "value": 0.010158353833066815
    }, 
    "Ar37": {
        "error": 0.13706078988041231, 
        "fit": "linear", 
        "value": -0.036221146074755864
    }, 
    "Ar38": {
        "error": 0.20239192961832483, 
        "fit": "linear", 
        "value": 0.59938447809927586
    }, 
    "Ar39": {
        "error": 0.087062532601637835, 
        "fit": "parabolic", 
        "value": 54.089023222590527
    }, 
    "Ar40": {
        "error": 0.6872822277113122, 
        "fit": "parabolic", 
        "value": 3343.7549651691234
    }, 
    "Ar41": {
        "error": 0.12168968515347058, 
        "fit": "average_SEM", 
        "value": 0.06185829314417788
    }
}