{
    "Ar36": {
        "error": 0.0017831378420381364, 
        "fit": "parabolic", 
        "value": 0.0094705130536387148
    }, 
    "Ar37": {
        "error": 0.13375484184755976, 
        "fit": "linear", 
        "value": -0.030371102069421892
    }, 
    "Ar38": {
        "error": 0.20968901895702469, 
        "fit": "linear", 
        "value": 0.31283629219881803
    }, 
    "Ar39": {
        "error": 0.074850003519091476, 
        "fit": "parabolic", 
        "value": 31.274078053263459
    }, 
    "Ar40": {
        "error": 0.52294263391451989, 
        "fit": "parabolic", 
        "value": 1932.5383266306731
    }, 
    "Ar41": {
        "error": 0.1317347871156859, 
        "fit": "average_SEM", 
        "value": 0.007567306217679288
    }
}