{
    "Ar36": {
        "error": 0.0020188623660936118, 
        "fit": "parabolic", 
        "value": 0.018818717517632748
    }, 
    "Ar37": {
        "error": 0.13171511001765621, 
        "fit": "linear", 
        "value": -0.046507063956808828
    }, 
    "Ar38": {
        "error": 0.19897106205430115, 
        "fit": "linear", 
        "value": 0.20747111071971217
    }, 
    "Ar39": {
        "error": 0.070879308942472921, 
        "fit": "parabolic", 
        "value": 22.041045575002244
    }, 
    "Ar40": {
        "error": 0.4508916493335357, 
        "fit": "parabolic", 
        "value": 1368.0481403473191
    }, 
    "Ar41": {
        "error": 0.13077681797534774, 
        "fit": "average_SEM", 
        "value": 0.26816468753677325
    }
}