{
    "Ar36": {
        "error": 0.0017476554871541903, 
        "fit": "parabolic", 
        "value": 0.011504006632824443
    }, 
    "Ar37": {
        "error": 0.12629697663260966, 
        "fit": "linear", 
        "value": -0.0079504985789043432
    }, 
    "Ar38": {
        "error": 0.17669953216230724, 
        "fit": "linear", 
        "value": 0.17701858557674419
    }, 
    "Ar39": {
        "error": 0.071790461704977646, 
        "fit": "parabolic", 
        "value": 19.721250054413211
    }, 
    "Ar40": {
        "error": 0.45943805173296282, 
        "fit": "parabolic", 
        "value": 1223.4994585644229
    }, 
    "Ar41": {
        "error": 0.13406458979423549, 
        "fit": "average_SEM", 
        "value": 0.013215668540215119
    }
}