{
    "Ar36": {
        "error": 0.0018935654041072017, 
        "fit": "parabolic", 
        "value": 0.012406900157511752
    }, 
    "Ar37": {
        "error": 0.1357769616303719, 
        "fit": "linear", 
        "value": -0.023822751104093418
    }, 
    "Ar38": {
        "error": 0.20049375891561072, 
        "fit": "linear", 
        "value": 0.4475062519557319
    }, 
    "Ar39": {
        "error": 0.079565150313564245, 
        "fit": "parabolic", 
        "value": 43.972363949115021
    }, 
    "Ar40": {
        "error": 0.63743614239257673, 
        "fit": "parabolic", 
        "value": 2720.5357056311732
    }, 
    "Ar41": {
        "error": 0.13070398494538513, 
        "fit": "average_SEM", 
        "value": 0.031489671146555341
    }
}