{
    "Ar36": {
        "error": 0.0036642172532628851, 
        "fit": "parabolic", 
        "value": 0.078879681102963367
    }, 
    "Ar37": {
        "error": 0.14407519789689885, 
        "fit": "linear", 
        "value": 0.17105642287191597
    }, 
    "Ar38": {
        "error": 0.19863694266903001, 
        "fit": "linear", 
        "value": 0.32352638424996205
    }, 
    "Ar39": {
        "error": 0.079551819247496991, 
        "fit": "parabolic", 
        "value": 31.485609724597438
    }, 
    "Ar40": {
        "error": 0.49763261235020645, 
        "fit": "parabolic", 
        "value": 1985.0051691585104
    }, 
    "Ar41": {
        "error": 0.12980950249205936, 
        "fit": "average_SEM", 
        "value": 0.0089435782242799182
    }
}