{
    "Ar36": {
        "error": 0.0016309347076826702, 
        "fit": "parabolic", 
        "value": 0.0095522294552166515
    }, 
    "Ar37": {
        "error": 0.13000607137712564, 
        "fit": "linear", 
        "value": -0.019219239402271431
    }, 
    "Ar38": {
        "error": 0.19759202142528032, 
        "fit": "linear", 
        "value": 0.31418785580364683
    }, 
    "Ar39": {
        "error": 0.076836149242079113, 
        "fit": "parabolic", 
        "value": 29.995718582896167
    }, 
    "Ar40": {
        "error": 0.5361116474072265, 
        "fit": "parabolic", 
        "value": 1859.0383542682553
    }, 
    "Ar41": {
        "error": 0.13660874981170823, 
        "fit": "average_SEM", 
        "value": 0.027786500976071694
    }
}