{
    "Ar36": {
        "error": 0.001742212674478955, 
        "fit": "parabolic", 
        "value": 0.010022674652228341
    }, 
    "Ar37": {
        "error": 0.13351550821018809, 
        "fit": "linear", 
        "value": 0.0044962865061469459
    }, 
    "Ar38": {
        "error": 0.18773293252509243, 
        "fit": "linear", 
        "value": 0.26825909422984684
    }, 
    "Ar39": {
        "error": 0.071547949270909891, 
        "fit": "parabolic", 
        "value": 29.042358906842061
    }, 
    "Ar40": {
        "error": 0.52287676471377398, 
        "fit": "parabolic", 
        "value": 1799.0340051747962
    }, 
    "Ar41": {
        "error": 0.12413854671134231, 
        "fit": "average_SEM", 
        "value": 0.020631653686577919
    }
}