{
    "Ar36": {
        "error": 0.0028475274382943521, 
        "fit": "parabolic", 
        "value": 0.040099440277657564
    }, 
    "Ar37": {
        "error": 0.12876876128320805, 
        "fit": "linear", 
        "value": -0.0083861485985117345
    }, 
    "Ar38": {
        "error": 0.20430273673465268, 
        "fit": "linear", 
        "value": 0.40373365726254185
    }, 
    "Ar39": {
        "error": 0.083409209296948672, 
        "fit": "parabolic", 
        "value": 38.049840220530541
    }, 
    "Ar40": {
        "error": 0.61458682545606935, 
        "fit": "parabolic", 
        "value": 2368.926177803909
    }, 
    "Ar41": {
        "error": 0.13876815683326474, 
        "fit": "average_SEM", 
        "value": 0.033315716617835278
    }
}