{
    "Ar36": {
        "error": 0.0020203657439385775, 
        "fit": "parabolic", 
        "value": 0.015320281834079481
    }, 
    "Ar37": {
        "error": 0.1313323970935687, 
        "fit": "linear", 
        "value": -0.015304807251847552
    }, 
    "Ar38": {
        "error": 0.20295275096174253, 
        "fit": "linear", 
        "value": 0.43208383947410611
    }, 
    "Ar39": {
        "error": 0.083244295208383848, 
        "fit": "parabolic", 
        "value": 43.163456701202236
    }, 
    "Ar40": {
        "error": 0.63044804310885749, 
        "fit": "parabolic", 
        "value": 2677.1364681309888
    }, 
    "Ar41": {
        "error": 0.12554414358881713, 
        "fit": "average_SEM", 
        "value": 0.062403843554784545
    }
}