{
    "Ar36": {
        "error": 0.0018371400624900035, 
        "fit": "parabolic", 
        "value": 0.0096162711220574865
    }, 
    "Ar37": {
        "error": 0.13936651344188578, 
        "fit": "linear", 
        "value": -0.0051278319941207573
    }, 
    "Ar38": {
        "error": 0.19224123249760403, 
        "fit": "linear", 
        "value": 0.41074254980214664
    }, 
    "Ar39": {
        "error": 0.082210080368548169, 
        "fit": "parabolic", 
        "value": 41.372617492000188
    }, 
    "Ar40": {
        "error": 0.63939797700996537, 
        "fit": "parabolic", 
        "value": 2569.2916486763352
    }, 
    "Ar41": {
        "error": 0.12814077933207998, 
        "fit": "average_SEM", 
        "value": 0.045986295764232639
    }
}