{
    "Ar36": {
        "error": 0.0018955267029708352, 
        "fit": "parabolic", 
        "value": 0.0084825613518757434
    }, 
    "Ar37": {
        "error": 0.13324109670415618, 
        "fit": "linear", 
        "value": -0.0064917759665981036
    }, 
    "Ar38": {
        "error": 0.20262864086517043, 
        "fit": "linear", 
        "value": 0.37178553882166021
    }, 
    "Ar39": {
        "error": 0.081424531872502121, 
        "fit": "parabolic", 
        "value": 38.161349927764903
    }, 
    "Ar40": {
        "error": 0.61769507348552566, 
        "fit": "parabolic", 
        "value": 2366.89184332576
    }, 
    "Ar41": {
        "error": 0.12747075859351897, 
        "fit": "average_SEM", 
        "value": 0.037651184837632169
    }
}