{
    "Ar36": {
        "error": 0.0020561513370859052, 
        "fit": "parabolic", 
        "value": 0.014747681693037668
    }, 
    "Ar37": {
        "error": 0.13655060000615396, 
        "fit": "linear", 
        "value": -0.012854299984806432
    }, 
    "Ar38": {
        "error": 0.18019016154589712, 
        "fit": "linear", 
        "value": 0.53954228898824153
    }, 
    "Ar39": {
        "error": 0.086771593775884046, 
        "fit": "parabolic", 
        "value": 50.230761464692108
    }, 
    "Ar40": {
        "error": 0.694709547179169, 
        "fit": "parabolic", 
        "value": 3128.0900385019522
    }, 
    "Ar41": {
        "error": 0.14261745447809623, 
        "fit": "average_SEM", 
        "value": 0.050699101953650821
    }
}