{
    "Ar36": {
        "error": 0.0017277769625050881, 
        "fit": "parabolic", 
        "value": 0.0090804283890576695
    }, 
    "Ar37": {
        "error": 0.13662296130563942, 
        "fit": "linear", 
        "value": -0.032413868677066443
    }, 
    "Ar38": {
        "error": 0.19260686235024851, 
        "fit": "linear", 
        "value": 0.37677383489473243
    }, 
    "Ar39": {
        "error": 0.074562547862160738, 
        "fit": "parabolic", 
        "value": 35.934040701793265
    }, 
    "Ar40": {
        "error": 0.59334919695633859, 
        "fit": "parabolic", 
        "value": 2236.7423266558544
    }, 
    "Ar41": {
        "error": 0.13620559143888702, 
        "fit": "average_SEM", 
        "value": 0.027813602074456868
    }
}