{
    "Ar36": {
        "error": 0.0015154304516767116, 
        "fit": "parabolic", 
        "value": 0.0062743375794023885
    }, 
    "Ar37": {
        "error": 0.14220067862527477, 
        "fit": "linear", 
        "value": -0.024193840138088792
    }, 
    "Ar38": {
        "error": 0.19160892414784211, 
        "fit": "linear", 
        "value": 0.26925108510808748
    }, 
    "Ar39": {
        "error": 0.075146027513880942, 
        "fit": "parabolic", 
        "value": 28.436058480587945
    }, 
    "Ar40": {
        "error": 0.50406693155488136, 
        "fit": "parabolic", 
        "value": 1767.5267692717689
    }, 
    "Ar41": {
        "error": 0.13966460452328089, 
        "fit": "average_SEM", 
        "value": 0.017497427108901321
    }
}