{
    "Ar36": {
        "error": 0.0019557333216426252, 
        "fit": "parabolic", 
        "value": 0.013068797644914445
    }, 
    "Ar37": {
        "error": 0.13729138961286197, 
        "fit": "linear", 
        "value": -0.0069261873835464432
    }, 
    "Ar38": {
        "error": 0.19251482923781929, 
        "fit": "linear", 
        "value": 0.57387282365626047
    }, 
    "Ar39": {
        "error": 0.085191884035325877, 
        "fit": "parabolic", 
        "value": 51.648695405928756
    }, 
    "Ar40": {
        "error": 0.69484489004856509, 
        "fit": "parabolic", 
        "value": 3214.3657864966135
    }, 
    "Ar41": {
        "error": 0.13037222887332015, 
        "fit": "average_SEM", 
        "value": 0.054858257768937622
    }
}