{
    "Ar36": {
        "error": 0.0015611472429209556, 
        "fit": "parabolic", 
        "value": 0.0088546050228211354
    }, 
    "Ar37": {
        "error": 0.12795469843295515, 
        "fit": "linear", 
        "value": -0.053765816931863497
    }, 
    "Ar38": {
        "error": 0.20014877860763372, 
        "fit": "linear", 
        "value": 0.21797514895250689
    }, 
    "Ar39": {
        "error": 0.070015952270800721, 
        "fit": "parabolic", 
        "value": 25.342844320000424
    }, 
    "Ar40": {
        "error": 0.49657759780447513, 
        "fit": "parabolic", 
        "value": 1572.9647218252417
    }, 
    "Ar41": {
        "error": 0.12536308731381746, 
        "fit": "average_SEM", 
        "value": 0.01033517900008519
    }
}