{
    "Ar36": {
        "error": 0.0013375684626722336, 
        "fit": "parabolic", 
        "value": 0.0052615002647287898
    }, 
    "Ar37": {
        "error": 0.12724865203354416, 
        "fit": "linear", 
        "value": -0.034224326984401386
    }, 
    "Ar38": {
        "error": 0.17550828633881632, 
        "fit": "linear", 
        "value": 0.058441877334279115
    }, 
    "Ar39": {
        "error": 0.064554299348389466, 
        "fit": "parabolic", 
        "value": 10.653594833373724
    }, 
    "Ar40": {
        "error": 0.32374902036260683, 
        "fit": "parabolic", 
        "value": 663.69835852295614
    }, 
    "Ar41": {
        "error": 0.12591488794602693, 
        "fit": "average_SEM", 
        "value": -0.013680673653580016
    }
}