{
    "Ar36": {
        "error": 0.0014233785041499567, 
        "fit": "parabolic", 
        "value": 0.0052757837712746909
    }, 
    "Ar37": {
        "error": 0.13572526636915017, 
        "fit": "linear", 
        "value": -0.015990490887487063
    }, 
    "Ar38": {
        "error": 0.18569503794568465, 
        "fit": "linear", 
        "value": 0.14715866268567912
    }, 
    "Ar39": {
        "error": 0.069086612052613475, 
        "fit": "parabolic", 
        "value": 17.570461225394642
    }, 
    "Ar40": {
        "error": 0.38855530270599414, 
        "fit": "parabolic", 
        "value": 1092.027401248673
    }, 
    "Ar41": {
        "error": 0.13753011574915441, 
        "fit": "average_SEM", 
        "value": 0.0050149932156273282
    }
}