{
    "Ar36": {
        "error": 0.0015204982532722288, 
        "fit": "parabolic", 
        "value": 0.006794504206947936
    }, 
    "Ar37": {
        "error": 0.13820108244533238, 
        "fit": "linear", 
        "value": -0.032572173541715155
    }, 
    "Ar38": {
        "error": 0.20110204777924345, 
        "fit": "linear", 
        "value": 0.20106221960756421
    }, 
    "Ar39": {
        "error": 0.07072946058910512, 
        "fit": "parabolic", 
        "value": 20.868113000025446
    }, 
    "Ar40": {
        "error": 0.48802905458886753, 
        "fit": "parabolic", 
        "value": 1294.1754634341505
    }, 
    "Ar41": {
        "error": 0.12786564729013045, 
        "fit": "average_SEM", 
        "value": -0.0024386085901642218
    }
}