{
    "Ar36": {
        "error": 0.0016315050786971526, 
        "fit": "parabolic", 
        "value": 0.0078338738983738509
    }, 
    "Ar37": {
        "error": 0.13607569079262613, 
        "fit": "linear", 
        "value": -0.044420174560906717
    }, 
    "Ar38": {
        "error": 0.20231283620241153, 
        "fit": "linear", 
        "value": 0.32723353767116703
    }, 
    "Ar39": {
        "error": 0.074858541760217764, 
        "fit": "parabolic", 
        "value": 34.31402236726445
    }, 
    "Ar40": {
        "error": 0.58186829306218835, 
        "fit": "parabolic", 
        "value": 2130.7534796116579
    }, 
    "Ar41": {
        "error": 0.12662804478469794, 
        "fit": "average_SEM", 
        "value": 0.28336412948177897
    }
}