{
    "Ar36": {
        "error": 0.0016313713474403397, 
        "fit": "parabolic", 
        "value": 0.011517319324566736
    }, 
    "Ar37": {
        "error": 0.1369720113621811, 
        "fit": "linear", 
        "value": -0.099458879048171731
    }, 
    "Ar38": {
        "error": 0.13534700969798422, 
        "fit": "linear", 
        "value": -0.14681148262790147
    }, 
    "Ar39": {
        "error": 0.05789391901407008, 
        "fit": "parabolic", 
        "value": -0.026979635964904578
    }, 
    "Ar40": {
        "error": 0.13127099289151578, 
        "fit": "parabolic", 
        "value": 3.4137904834603949
    }, 
    "Ar41": {
        "error": 0.13787095164886648, 
        "fit": "average_SEM", 
        "value": -0.35797803419642149
    }
}