{
    "Ar36": {
        "error": 0.001325063089794287, 
        "fit": "parabolic", 
        "value": 0.0067462260752635924
    }, 
    "Ar37": {
        "error": 0.12751796822934475, 
        "fit": "linear", 
        "value": -0.096470468999042547
    }, 
    "Ar38": {
        "error": 0.13179828048833156, 
        "fit": "linear", 
        "value": -0.16084129604063072
    }, 
    "Ar39": {
        "error": 0.06293628897424261, 
        "fit": "parabolic", 
        "value": -0.023921266186050678
    }, 
    "Ar40": {
        "error": 0.14354300187431804, 
        "fit": "parabolic", 
        "value": 1.985578079581874
    }, 
    "Ar41": {
        "error": 0.13516344093886559, 
        "fit": "average_SEM", 
        "value": -0.093699930126313113
    }
}