{
    "Ar36": {
        "error": 0.0019851354067123715, 
        "fit": "parabolic", 
        "value": 0.024439170912910074
    }, 
    "Ar37": {
        "error": 0.13525274697345771, 
        "fit": "linear", 
        "value": -0.08467434962545542
    }, 
    "Ar38": {
        "error": 0.13387146656042265, 
        "fit": "linear", 
        "value": -0.14923541640477794
    }, 
    "Ar39": {
        "error": 0.059869500405525466, 
        "fit": "parabolic", 
        "value": -0.026447568301437734
    }, 
    "Ar40": {
        "error": 0.13445068328208595, 
        "fit": "parabolic", 
        "value": 7.487324105245146
    }, 
    "Ar41": {
        "error": 0.13552568851609656, 
        "fit": "average_SEM", 
        "value": -0.38082958436105402
    }
}