{
    "Ar36": {
        "error": 0.0015162378419339073, 
        "fit": "parabolic", 
        "value": 0.0094980326525753202
    }, 
    "Ar37": {
        "error": 0.13513217499376354, 
        "fit": "linear", 
        "value": -0.072445029293345106
    }, 
    "Ar38": {
        "error": 0.13021104696080449, 
        "fit": "linear", 
        "value": -0.16252754094105895
    }, 
    "Ar39": {
        "error": 0.054135228105632351, 
        "fit": "parabolic", 
        "value": -0.026026781162436459
    }, 
    "Ar40": {
        "error": 0.13915833291037591, 
        "fit": "parabolic", 
        "value": 2.8189272793515157
    }, 
    "Ar41": {
        "error": 0.13365867525104416, 
        "fit": "average_SEM", 
        "value": -0.35563823522010352
    }
}