{
    "Ar36": {
        "error": 0.0017349576048194088, 
        "fit": "parabolic", 
        "value": 0.015726765887057854
    }, 
    "Ar37": {
        "error": 0.13683337001218709, 
        "fit": "linear", 
        "value": -0.070626961983772385
    }, 
    "Ar38": {
        "error": 0.1289162467183404, 
        "fit": "linear", 
        "value": -0.14273363182702997
    }, 
    "Ar39": {
        "error": 0.059349392507815936, 
        "fit": "parabolic", 
        "value": -0.026530224000672443
    }, 
    "Ar40": {
        "error": 0.13589747232519248, 
        "fit": "parabolic", 
        "value": 4.7859214744546481
    }, 
    "Ar41": {
        "error": 0.14084624443649651, 
        "fit": "average_SEM", 
        "value": -0.37552827579434961
    }
}