{
    "Ar36": {
        "error": 0.0010268443469588176, 
        "fit": "parabolic", 
        "value": 0.0030628417484072643
    }, 
    "Ar37": {
        "error": 0.14565028792743764, 
        "fit": "linear", 
        "value": 0.055490427934404327
    }, 
    "Ar38": {
        "error": 0.14256178610200496, 
        "fit": "linear", 
        "value": -0.091904413081268538
    }, 
    "Ar39": {
        "error": 0.057990924725033539, 
        "fit": "parabolic", 
        "value": -0.020722087984722921
    }, 
    "Ar40": {
        "error": 0.13938345657758253, 
        "fit": "parabolic", 
        "value": 0.6823418136984517
    }, 
    "Ar41": {
        "error": 0.14456945279138828, 
        "fit": "average_SEM", 
        "value": -0.35992869327310473
    }
}