{
    "Ar36": {
        "error": 0.00014615276762414963, 
        "fit": "parabolic", 
        "value": 0.0032842529332694883
    }, 
    "Ar37": {
        "error": 0.012999879932479808, 
        "fit": "linear", 
        "value": 0.05950884741299417
    }, 
    "Ar38": {
        "error": 0.013669168259807811, 
        "fit": "linear", 
        "value": -0.068916452100430542
    }, 
    "Ar39": {
        "error": 0.0086836277800952967, 
        "fit": "parabolic", 
        "value": -0.064007723729780391
    }, 
    "Ar40": {
        "error": 0.019620298223223413, 
        "fit": "parabolic", 
        "value": 0.99821699572058797
    }, 
    "Ar41": {
        "error": 0.01399205239948129, 
        "fit": "linear", 
        "value": -0.038314748194791241
    }
}