{
    "Ar36": {
        "error": 0.0010680592894338416, 
        "fit": "parabolic", 
        "value": 0.0038998888464427256
    }, 
    "Ar37": {
        "error": 0.13225863369719995, 
        "fit": "linear", 
        "value": 0.061083552012782122
    }, 
    "Ar38": {
        "error": 0.15073058388338612, 
        "fit": "linear", 
        "value": -0.052820627930028688
    }, 
    "Ar39": {
        "error": 0.055794072284783808, 
        "fit": "parabolic", 
        "value": -0.035804021879133271
    }, 
    "Ar40": {
        "error": 0.13159840638780773, 
        "fit": "parabolic", 
        "value": 1.1045999588175215
    }, 
    "Ar41": {
        "error": 0.14159927350067547, 
        "fit": "average_SEM", 
        "value": -0.084224961521686056
    }
}