{
    "Ar36": {
        "error": 0.00015591136473399385, 
        "fit": "parabolic", 
        "value": 0.0032803028268781863
    }, 
    "Ar37": {
        "error": 0.013357784073102586, 
        "fit": "linear", 
        "value": 0.045068453052528289
    }, 
    "Ar38": {
        "error": 0.013380705450110584, 
        "fit": "linear", 
        "value": -0.078877651775168103
    }, 
    "Ar39": {
        "error": 0.0091194112433736971, 
        "fit": "parabolic", 
        "value": -0.063430895102217777
    }, 
    "Ar40": {
        "error": 0.020919640230580547, 
        "fit": "parabolic", 
        "value": 0.93755507047917686
    }, 
    "Ar41": {
        "error": 0.013292891319849539, 
        "fit": "linear", 
        "value": -0.034489103190547959
    }
}