{
    "Ar36": {
        "error": 0.0014820963441898216, 
        "fit": "parabolic", 
        "value": 0.01312854989017957
    }, 
    "Ar37": {
        "error": 0.13815052606164988, 
        "fit": "linear", 
        "value": -0.036410255611875268
    }, 
    "Ar38": {
        "error": 0.15456238602076861, 
        "fit": "linear", 
        "value": -0.090074636505798417
    }, 
    "Ar39": {
        "error": 0.056997881452754098, 
        "fit": "parabolic", 
        "value": 0.012214671783565244
    }, 
    "Ar40": {
        "error": 0.12666022748751168, 
        "fit": "parabolic", 
        "value": 3.9047081309856719
    }, 
    "Ar41": {
        "error": 0.12439683425098018, 
        "fit": "average_SEM", 
        "value": 0.23418702167458832
    }
}