{
    "Ar36": {
        "error": 0.0015544559849776296, 
        "fit": "parabolic", 
        "value": 0.0098326253333693835
    }, 
    "Ar37": {
        "error": 0.13804558996088054, 
        "fit": "linear", 
        "value": -0.032559117815170922
    }, 
    "Ar38": {
        "error": 0.14880744694477105, 
        "fit": "linear", 
        "value": -0.084049010744955993
    }, 
    "Ar39": {
        "error": 0.0047488519780686418, 
        "fit": "parabolic", 
        "value": 0.014522722252945392
    }, 
    "Ar40": {
        "error": 0.12909893972266043, 
        "fit": "parabolic", 
        "value": 2.8255853005630613
    }, 
    "Ar41": {
        "error": 0.11950651463969954, 
        "fit": "average_SEM", 
        "value": 0.24243813869414024
    }
}