{
    "Ar36": {
        "error": 0.0011232968344969951, 
        "fit": "parabolic", 
        "value": 0.0048319997445888697
    }, 
    "Ar37": {
        "error": 0.15150102288899012, 
        "fit": "linear", 
        "value": -0.020766850904779859
    }, 
    "Ar38": {
        "error": 0.14964970676311931, 
        "fit": "linear", 
        "value": -0.095895829712693975
    }, 
    "Ar39": {
        "error": 0.0069513615357564198, 
        "fit": "parabolic", 
        "value": 0.015748977253242299
    }, 
    "Ar40": {
        "error": 0.14550218408425181, 
        "fit": "parabolic", 
        "value": 1.4855179122734197
    }, 
    "Ar41": {
        "error": 0.12067537384287515, 
        "fit": "average_SEM", 
        "value": -0.023870827518597555
    }
}