{
    "Ar36": {
        "error": 0.0012721739461410044, 
        "fit": "parabolic", 
        "value": 0.0063961705336917961
    }, 
    "Ar37": {
        "error": 0.13770328245281441, 
        "fit": "linear", 
        "value": -0.063340339081075628
    }, 
    "Ar38": {
        "error": 0.15172343471410504, 
        "fit": "linear", 
        "value": -0.069424725316310304
    }, 
    "Ar39": {
        "error": 0.0068797849186480785, 
        "fit": "parabolic", 
        "value": 0.015785179127262239
    }, 
    "Ar40": {
        "error": 0.15220661421819251, 
        "fit": "parabolic", 
        "value": 1.92095247688266
    }, 
    "Ar41": {
        "error": 0.13248103137152684, 
        "fit": "average_SEM", 
        "value": 0.23179022673413985
    }
}