{
    "Ar36": {
        "error": 0.0001655326743159651, 
        "fit": "parabolic", 
        "value": 0.0036733065420348513
    }, 
    "Ar37": {
        "error": 0.012407786819578735, 
        "fit": "linear", 
        "value": 0.058771860481277097
    }, 
    "Ar38": {
        "error": 0.011590121069780867, 
        "fit": "linear", 
        "value": -0.088925956193593808
    }, 
    "Ar39": {
        "error": 0.0093503220768184486, 
        "fit": "parabolic", 
        "value": -0.038178743461857144
    }, 
    "Ar40": {
        "error": 0.020440508240288795, 
        "fit": "parabolic", 
        "value": 1.0078602573105262
    }, 
    "Ar41": {
        "error": 0.013336558200070996, 
        "fit": "linear", 
        "value": -0.34118888323966007
    }
}