{
    "Ar36": {
        "error": 0.0011360254071701127, 
        "fit": "parabolic", 
        "value": 0.0049917158300384346
    }, 
    "Ar37": {
        "error": 0.13308665328106001, 
        "fit": "linear", 
        "value": 0.025889927914523953
    }, 
    "Ar38": {
        "error": 0.14472545991318028, 
        "fit": "linear", 
        "value": -0.055618200436815653
    }, 
    "Ar39": {
        "error": 0.058228950398761428, 
        "fit": "parabolic", 
        "value": -0.004783481236487511
    }, 
    "Ar40": {
        "error": 0.12797899690558456, 
        "fit": "parabolic", 
        "value": 1.4121083451485528
    }, 
    "Ar41": {
        "error": 0.13146385018966347, 
        "fit": "average_SEM", 
        "value": 0.25799428600352259
    }
}