{
    "Ar36": {
        "error": 0.0010780111263704575, 
        "fit": "parabolic", 
        "value": 0.0045253612304721694
    }, 
    "Ar37": {
        "error": 0.13537025457911303, 
        "fit": "linear", 
        "value": 0.07078346618637707
    }, 
    "Ar38": {
        "error": 0.16231946729297772, 
        "fit": "linear", 
        "value": -0.07151328196275103
    }, 
    "Ar39": {
        "error": 0.06232896346573924, 
        "fit": "parabolic", 
        "value": -0.042099812406693471
    }, 
    "Ar40": {
        "error": 0.12990493213111781, 
        "fit": "parabolic", 
        "value": 1.2316896229435077
    }, 
    "Ar41": {
        "error": 0.1430751020015788, 
        "fit": "average_SEM", 
        "value": -0.35205725850537417
    }
}