{
    "Ar36": {
        "error": 0.0011892077802560272, 
        "fit": "parabolic", 
        "value": 0.0044392146891867046
    }, 
    "Ar37": {
        "error": 0.14378546469273329, 
        "fit": "linear", 
        "value": 0.024010814314159412
    }, 
    "Ar38": {
        "error": 0.13263124046158231, 
        "fit": "linear", 
        "value": -0.045621138303887268
    }, 
    "Ar39": {
        "error": 0.059951392328580079, 
        "fit": "parabolic", 
        "value": -0.0013147456308196274
    }, 
    "Ar40": {
        "error": 0.14508277036900863, 
        "fit": "parabolic", 
        "value": 1.037391259823536
    }, 
    "Ar41": {
        "error": 0.13183510123303877, 
        "fit": "average_SEM", 
        "value": -0.012628839774006338
    }
}