{
    "Ar36": {
        "error": 0.0011338673803203709, 
        "fit": "parabolic", 
        "value": 0.0055047982539479703
    }, 
    "Ar37": {
        "error": 0.14045488446515209, 
        "fit": "linear", 
        "value": 0.060833850071754555
    }, 
    "Ar38": {
        "error": 0.1553357123270688, 
        "fit": "linear", 
        "value": -0.085439099744774344
    }, 
    "Ar39": {
        "error": 0.055782396336284366, 
        "fit": "parabolic", 
        "value": -0.046023514716713294
    }, 
    "Ar40": {
        "error": 0.12710976537759563, 
        "fit": "parabolic", 
        "value": 1.4646192843695502
    }, 
    "Ar41": {
        "error": 0.13773449942238153, 
        "fit": "average_SEM", 
        "value": -0.3613240422960371
    }
}