{
    "Ar36": {
        "error": 0.0011647564342499594, 
        "fit": "parabolic", 
        "value": 0.0039938396278213209
    }, 
    "Ar37": {
        "error": 0.13843090686121162, 
        "fit": "linear", 
        "value": -0.022061150499520295
    }, 
    "Ar38": {
        "error": 0.15455689943614162, 
        "fit": "linear", 
        "value": -0.071290330336454988
    }, 
    "Ar39": {
        "error": 0.0066732724278576721, 
        "fit": "parabolic", 
        "value": 0.01312285986589927
    }, 
    "Ar40": {
        "error": 0.13947226037625632, 
        "fit": "parabolic", 
        "value": 1.1764524217355388
    }, 
    "Ar41": {
        "error": 0.12082280887548762, 
        "fit": "average_SEM", 
        "value": -0.030950133715264706
    }
}