{
    "Ar36": {
        "error": 0.0011304954979933872, 
        "fit": "parabolic", 
        "value": 0.0047796310312244478
    }, 
    "Ar37": {
        "error": 0.1334626515276218, 
        "fit": "linear", 
        "value": 0.046375718291708709
    }, 
    "Ar38": {
        "error": 0.13844177999325752, 
        "fit": "linear", 
        "value": -0.027472397551154805
    }, 
    "Ar39": {
        "error": 0.058508290277693255, 
        "fit": "parabolic", 
        "value": 0.0024267868583035344
    }, 
    "Ar40": {
        "error": 0.14343394547747279, 
        "fit": "parabolic", 
        "value": 1.3150818557921475
    }, 
    "Ar41": {
        "error": 0.12885807699143365, 
        "fit": "average_SEM", 
        "value": 0.25733099060176756
    }
}