{
    "Ar36": {
        "error": 0.0011594762408150632, 
        "fit": "parabolic", 
        "value": 0.004484871699518991
    }, 
    "Ar37": {
        "error": 0.12793577318394747, 
        "fit": "linear", 
        "value": 0.035784422420375148
    }, 
    "Ar38": {
        "error": 0.14261137522849859, 
        "fit": "linear", 
        "value": -0.063858879926880871
    }, 
    "Ar39": {
        "error": 0.060002385055402729, 
        "fit": "parabolic", 
        "value": -0.0079959980439625409
    }, 
    "Ar40": {
        "error": 0.13602739177305526, 
        "fit": "parabolic", 
        "value": 1.1419467564046284
    }, 
    "Ar41": {
        "error": 0.13601257072097994, 
        "fit": "average_SEM", 
        "value": 0.24840609827089793
    }
}