{
    "Ar36": {
        "error": 0.0011732259472425483, 
        "fit": "parabolic", 
        "value": 0.0040050262903228561
    }, 
    "Ar37": {
        "error": 0.13399761729106524, 
        "fit": "linear", 
        "value": -0.00086861367830869292
    }, 
    "Ar38": {
        "error": 0.15321154774785772, 
        "fit": "linear", 
        "value": -0.030161691902379047
    }, 
    "Ar39": {
        "error": 0.0057970988064909371, 
        "fit": "parabolic", 
        "value": 0.015587415788154289
    }, 
    "Ar40": {
        "error": 0.12720509976005714, 
        "fit": "parabolic", 
        "value": 1.082547116108358
    }, 
    "Ar41": {
        "error": 0.12082908657702807, 
        "fit": "average_SEM", 
        "value": -0.019332218249069735
    }
}