{
    "Ar36": {
        "error": 0.0010229553283492407, 
        "fit": "parabolic", 
        "value": 0.0033070851982489853
    }, 
    "Ar37": {
        "error": 0.14470571664275492, 
        "fit": "linear", 
        "value": 0.017149445336448889
    }, 
    "Ar38": {
        "error": 0.14162424991567718, 
        "fit": "linear", 
        "value": -0.092408960556208702
    }, 
    "Ar39": {
        "error": 0.060415793418670712, 
        "fit": "parabolic", 
        "value": -0.027194435796971811
    }, 
    "Ar40": {
        "error": 0.12823093956908838, 
        "fit": "parabolic", 
        "value": 0.71963998326102252
    }, 
    "Ar41": {
        "error": 0.13254067145980633, 
        "fit": "average_SEM", 
        "value": -0.10036490642640274
    }
}