{
    "Ar36": {
        "error": 0.0020982589351792569, 
        "fit": "parabolic", 
        "value": 0.027211160168889879
    }, 
    "Ar37": {
        "error": 0.14391964241161259, 
        "fit": "linear", 
        "value": 0.0033535576876858059
    }, 
    "Ar38": {
        "error": 0.16502608378615904, 
        "fit": "linear", 
        "value": -0.087574528314887295
    }, 
    "Ar39": {
        "error": 0.056937486519558579, 
        "fit": "parabolic", 
        "value": -0.032181282259300482
    }, 
    "Ar40": {
        "error": 0.1333249436721074, 
        "fit": "parabolic", 
        "value": 8.3642392055464256
    }, 
    "Ar41": {
        "error": 0.14304131609623458, 
        "fit": "average_SEM", 
        "value": -0.37138246284797788
    }
}