{
    "Ar36": {
        "error": 0.0011837201433102969, 
        "fit": "parabolic", 
        "value": 0.0057739223563199821
    }, 
    "Ar37": {
        "error": 0.13033231635897477, 
        "fit": "linear", 
        "value": 0.043773080951166443
    }, 
    "Ar38": {
        "error": 0.16136454868657427, 
        "fit": "linear", 
        "value": -0.057332111902525337
    }, 
    "Ar39": {
        "error": 0.061186709854547945, 
        "fit": "parabolic", 
        "value": -0.034204494682955708
    }, 
    "Ar40": {
        "error": 0.13804831024583733, 
        "fit": "parabolic", 
        "value": 1.6297016866378289
    }, 
    "Ar41": {
        "error": 0.14942381460590101, 
        "fit": "average_SEM", 
        "value": -0.35006551807280628
    }
}