{
    "Ar36": {
        "error": 0.0011611483865632914, 
        "fit": "parabolic", 
        "value": 0.0042851010602269653
    }, 
    "Ar37": {
        "error": 0.14111268354534182, 
        "fit": "linear", 
        "value": 0.059577782101927282
    }, 
    "Ar38": {
        "error": 0.13104463649966525, 
        "fit": "linear", 
        "value": -0.038752086486381482
    }, 
    "Ar39": {
        "error": 0.059370548256364605, 
        "fit": "parabolic", 
        "value": 0.0063320531056372444
    }, 
    "Ar40": {
        "error": 0.14156258651778758, 
        "fit": "parabolic", 
        "value": 1.0573360033390951
    }, 
    "Ar41": {
        "error": 0.15199919602860582, 
        "fit": "average_SEM", 
        "value": 0.0049897330478415828
    }
}