{
    "Ar36": {
        "error": 0.0011337867556304648, 
        "fit": "parabolic", 
        "value": 0.0044655614160608505
    }, 
    "Ar37": {
        "error": 0.12338260388649042, 
        "fit": "linear", 
        "value": 0.0080707986616608343
    }, 
    "Ar38": {
        "error": 0.15022734512472094, 
        "fit": "linear", 
        "value": -0.073509025609454631
    }, 
    "Ar39": {
        "error": 0.0069098300996169384, 
        "fit": "parabolic", 
        "value": 0.014612330194993025
    }, 
    "Ar40": {
        "error": 0.13563970130258585, 
        "fit": "parabolic", 
        "value": 1.3744403120853079
    }, 
    "Ar41": {
        "error": 0.14191196450503357, 
        "fit": "average_SEM", 
        "value": -0.027534098716245757
    }
}