{
    "Ar36": {
        "error": 0.00097635618755399106, 
        "fit": "parabolic", 
        "value": 0.0028534913733379574
    }, 
    "Ar37": {
        "error": 0.12657773990455487, 
        "fit": "linear", 
        "value": 0.054144916377397115
    }, 
    "Ar38": {
        "error": 0.13416651230741222, 
        "fit": "linear", 
        "value": -0.076371294296162406
    }, 
    "Ar39": {
        "error": 0.05784119027624781, 
        "fit": "parabolic", 
        "value": -0.038642169671693344
    }, 
    "Ar40": {
        "error": 0.12944288427801467, 
        "fit": "parabolic", 
        "value": 0.68642633330102076
    }, 
    "Ar41": {
        "error": 0.13952970802718664, 
        "fit": "average_SEM", 
        "value": -0.35400527223479
    }
}