{
    "Ar36": {
        "error": 0.00093636389411808031, 
        "fit": "parabolic", 
        "value": 0.0029665015022766507
    }, 
    "Ar37": {
        "error": 0.14085819520627815, 
        "fit": "linear", 
        "value": 0.049209117459567325
    }, 
    "Ar38": {
        "error": 0.14225858090242852, 
        "fit": "linear", 
        "value": -0.083490935462606081
    }, 
    "Ar39": {
        "error": 0.056513476382571093, 
        "fit": "parabolic", 
        "value": -0.04301009769237045
    }, 
    "Ar40": {
        "error": 0.13710376996669602, 
        "fit": "parabolic", 
        "value": 0.681108416822364
    }, 
    "Ar41": {
        "error": 0.14183552334477123, 
        "fit": "average_SEM", 
        "value": -0.10347251279861666
    }
}