{
    "Ar36": {
        "error": 0.001555439037816776, 
        "fit": "parabolic", 
        "value": 0.014669566444659249
    }, 
    "Ar37": {
        "error": 0.13386504870064489, 
        "fit": "linear", 
        "value": -0.039549632694854758
    }, 
    "Ar38": {
        "error": 0.15189514668144544, 
        "fit": "linear", 
        "value": -0.082221853870384484
    }, 
    "Ar39": {
        "error": 0.058705718472995445, 
        "fit": "parabolic", 
        "value": 0.01404502281678385
    }, 
    "Ar40": {
        "error": 0.13687220191837965, 
        "fit": "parabolic", 
        "value": 4.4701047649961447
    }, 
    "Ar41": {
        "error": 0.11577343596564109, 
        "fit": "average_SEM", 
        "value": 0.23583049184177071
    }
}