{
    "Ar36": {
        "error": 0.0011357830935960526, 
        "fit": "parabolic", 
        "value": 0.0046492959246212263
    }, 
    "Ar37": {
        "error": 0.13635346482464944, 
        "fit": "linear", 
        "value": 0.025465570489499833
    }, 
    "Ar38": {
        "error": 0.12878045927798401, 
        "fit": "linear", 
        "value": -0.0458371798009094
    }, 
    "Ar39": {
        "error": 0.056892963468537699, 
        "fit": "parabolic", 
        "value": -0.003189191445791965
    }, 
    "Ar40": {
        "error": 0.14280487339804573, 
        "fit": "parabolic", 
        "value": 1.0926063549451486
    }, 
    "Ar41": {
        "error": 0.13574766299859323, 
        "fit": "average_SEM", 
        "value": -0.0081518032295934979
    }
}