{
    "Ar36": {
        "error": 0.0015490638366833724, 
        "fit": "parabolic", 
        "value": 0.013574977031832323
    }, 
    "Ar37": {
        "error": 0.1364037719960387, 
        "fit": "linear", 
        "value": -0.045351725566286513
    }, 
    "Ar38": {
        "error": 0.15896838154023651, 
        "fit": "linear", 
        "value": -0.078885921197736464
    }, 
    "Ar39": {
        "error": 0.059171054830548409, 
        "fit": "parabolic", 
        "value": 0.0043124090715803629
    }, 
    "Ar40": {
        "error": 0.13160734519027617, 
        "fit": "parabolic", 
        "value": 4.0169650954998799
    }, 
    "Ar41": {
        "error": 0.11848543814938305, 
        "fit": "average_SEM", 
        "value": 0.22425397471000907
    }
}