{
    "AX": {
        "error": 0.05748917728958339, 
        "fit": "average_SEM", 
        "value": -0.036819628465713725
    }, 
    "CDD": {
        "error": 0.00011225581427822082, 
        "fit": "average_SEM", 
        "value": 7.255237497803238e-05
    }, 
    "H1": {
        "error": 0.12328640917167488, 
        "fit": "average_SEM", 
        "value": 0.032465241881760046
    }, 
    "H2": {
        "error": 0.14030032896037029, 
        "fit": "average_SEM", 
        "value": -0.3768051642510626
    }, 
    "L1": {
        "error": 0.1381340809052247, 
        "fit": "average_SEM", 
        "value": -0.16163426216743473
    }, 
    "L2": {
        "error": 0.13962168704195357, 
        "fit": "average_SEM", 
        "value": -0.12408183194153631
    }
}