{
    "AX": {
        "error": 0.059716256739891796, 
        "fit": "average_SEM", 
        "value": -0.03325546463214171
    }, 
    "CDD": {
        "error": 0.00013748473420167228, 
        "fit": "average_SEM", 
        "value": 0.00011401087556603469
    }, 
    "H1": {
        "error": 0.12191053384119308, 
        "fit": "average_SEM", 
        "value": 0.042699572989820606
    }, 
    "H2": {
        "error": 0.1206712968833457, 
        "fit": "average_SEM", 
        "value": -0.37798240586287446
    }, 
    "L1": {
        "error": 0.13753286127812703, 
        "fit": "average_SEM", 
        "value": -0.1637659332003548
    }, 
    "L2": {
        "error": 0.14477922146071173, 
        "fit": "average_SEM", 
        "value": -0.12379535203540905
    }
}