{
    "AX": {
        "error": 0.061890220729967436, 
        "fit": "average_SEM", 
        "value": -0.030166275650521532
    }, 
    "CDD": {
        "error": 0.00012912036466914353, 
        "fit": "average_SEM", 
        "value": 9.500906259442369e-05
    }, 
    "H1": {
        "error": 0.11265387834746904, 
        "fit": "average_SEM", 
        "value": 0.03275499176039982
    }, 
    "H2": {
        "error": 0.1289496807232488, 
        "fit": "average_SEM", 
        "value": -0.35261384902728926
    }, 
    "L1": {
        "error": 0.13444712888996038, 
        "fit": "average_SEM", 
        "value": -0.14826655010692774
    }, 
    "L2": {
        "error": 0.13107393364827813, 
        "fit": "average_SEM", 
        "value": -0.11787786641572084
    }
}