{
    "AX": {
        "error": 0.0520483270330254, 
        "fit": "average_SEM", 
        "value": -0.03591330383464487
    }, 
    "CDD": {
        "error": 0.00013629436760160895, 
        "fit": "average_SEM", 
        "value": 0.000134740125374972
    }, 
    "H1": {
        "error": 0.12013065878048787, 
        "fit": "average_SEM", 
        "value": 0.047357582734225113
    }, 
    "H2": {
        "error": 0.11587357965318894, 
        "fit": "average_SEM", 
        "value": -0.3573812470253971
    }, 
    "L1": {
        "error": 0.12534882947500675, 
        "fit": "average_SEM", 
        "value": -0.14751171034036412
    }, 
    "L2": {
        "error": 0.14419724803217526, 
        "fit": "average_SEM", 
        "value": -0.09135306526441127
    }
}