{
    "AX": {
        "error": 0.06205532697420642, 
        "fit": "average_SEM", 
        "value": -0.031005386702923313
    }, 
    "CDD": {
        "error": 9.01962609794335e-05, 
        "fit": "average_SEM", 
        "value": 6.564262439496815e-05
    }, 
    "H1": {
        "error": 0.1443496644980477, 
        "fit": "average_SEM", 
        "value": 0.021988086169747272
    }, 
    "H2": {
        "error": 0.14311600269661798, 
        "fit": "average_SEM", 
        "value": -0.3808336488902569
    }, 
    "L1": {
        "error": 0.1273456098473879, 
        "fit": "average_SEM", 
        "value": -0.16665320897785327
    }, 
    "L2": {
        "error": 0.11781605024094774, 
        "fit": "average_SEM", 
        "value": -0.1361732267981602
    }
}