{
    "AX": {
        "error": 0.05979636262569862, 
        "fit": "average_SEM", 
        "value": -0.031685191008728
    }, 
    "CDD": {
        "error": 0.00010943825327522531, 
        "fit": "average_SEM", 
        "value": 8.809931233473536e-05
    }, 
    "H1": {
        "error": 0.1302822114880597, 
        "fit": "average_SEM", 
        "value": 0.038233196624787524
    }, 
    "H2": {
        "error": 0.14669810074744496, 
        "fit": "average_SEM", 
        "value": -0.36710068463451334
    }, 
    "L1": {
        "error": 0.1396587417303496, 
        "fit": "average_SEM", 
        "value": -0.14642962808979468
    }, 
    "L2": {
        "error": 0.14323436219336702, 
        "fit": "average_SEM", 
        "value": -0.11548064784922947
    }
}