{
    "AX": {
        "error": 0.06116462154816726, 
        "fit": "average_SEM", 
        "value": -0.035396309163156225
    }, 
    "CDD": {
        "error": 0.00018384719882877352, 
        "fit": "average_SEM", 
        "value": 0.0001675614411295909
    }, 
    "H1": {
        "error": 0.14142577521732794, 
        "fit": "average_SEM", 
        "value": 0.04551018873333103
    }, 
    "H2": {
        "error": 0.13337228543399499, 
        "fit": "average_SEM", 
        "value": -0.3710699121157328
    }, 
    "L1": {
        "error": 0.12574617443557842, 
        "fit": "average_SEM", 
        "value": -0.16329800086936708
    }, 
    "L2": {
        "error": 0.12290194150851122, 
        "fit": "average_SEM", 
        "value": -0.09474009223696259
    }
}