{
    "AX": {
        "error": 0.056630704216422835, 
        "fit": "average_SEM", 
        "value": -0.040830228715721104
    }, 
    "CDD": {
        "error": 0.00012603366058902964, 
        "fit": "average_SEM", 
        "value": 7.94621255610966e-05
    }, 
    "H1": {
        "error": 0.12060051596172144, 
        "fit": "average_SEM", 
        "value": 0.049790607462637124
    }, 
    "H2": {
        "error": 0.13560439031972182, 
        "fit": "average_SEM", 
        "value": -0.3741666477587488
    }, 
    "L1": {
        "error": 0.13565961963267079, 
        "fit": "average_SEM", 
        "value": -0.16653546284263332
    }, 
    "L2": {
        "error": 0.14089162386039114, 
        "fit": "average_SEM", 
        "value": -0.1163861612478892
    }
}