{
    "AX": {
        "error": 0.06545183528958962, 
        "fit": "average_SEM", 
        "value": -0.03434247221901185
    }, 
    "CDD": {
        "error": 0.00012742660207549112, 
        "fit": "average_SEM", 
        "value": 9.155418794964337e-05
    }, 
    "H1": {
        "error": 0.1335698644228865, 
        "fit": "average_SEM", 
        "value": 0.013161943493307465
    }, 
    "H2": {
        "error": 0.12711985122688899, 
        "fit": "average_SEM", 
        "value": -0.3710643981066015
    }, 
    "L1": {
        "error": 0.12746648804131724, 
        "fit": "average_SEM", 
        "value": -0.11295177801512182
    }, 
    "L2": {
        "error": 0.12791602219313486, 
        "fit": "average_SEM", 
        "value": -0.10358101734244782
    }
}