{
    "AX": {
        "error": 0.05246894788460931, 
        "fit": "average_SEM", 
        "value": -0.04164327608887106
    }, 
    "CDD": {
        "error": 0.00014749120240461344, 
        "fit": "average_SEM", 
        "value": 0.0001399224381505822
    }, 
    "H1": {
        "error": 0.11924419254780431, 
        "fit": "average_SEM", 
        "value": 0.04166278095088071
    }, 
    "H2": {
        "error": 0.13456383705056005, 
        "fit": "average_SEM", 
        "value": -0.3497548985398478
    }, 
    "L1": {
        "error": 0.11014824371939831, 
        "fit": "average_SEM", 
        "value": -0.14532643543886176
    }, 
    "L2": {
        "error": 0.13553630641725578, 
        "fit": "average_SEM", 
        "value": -0.11360291260385161
    }
}