{
    "AX": {
        "error": 0.05710096944324447, 
        "fit": "average_SEM", 
        "value": -0.02854195457120012
    }, 
    "CDD": {
        "error": 0.00015745585872393644, 
        "fit": "average_SEM", 
        "value": 0.00016928887635003775
    }, 
    "H1": {
        "error": 0.13035767669024115, 
        "fit": "average_SEM", 
        "value": 0.035826181938561304
    }, 
    "H2": {
        "error": 0.12003258696705191, 
        "fit": "average_SEM", 
        "value": -0.3402544370955891
    }, 
    "L1": {
        "error": 0.13718960141981076, 
        "fit": "average_SEM", 
        "value": -0.15889126754676303
    }, 
    "L2": {
        "error": 0.14591956456648744, 
        "fit": "average_SEM", 
        "value": -0.12836078060014794
    }
}