{
    "AX": {
        "error": 0.049650749718459515, 
        "fit": "average_SEM", 
        "value": -0.028635775059228763
    }, 
    "CDD": {
        "error": 0.0001470814469460441, 
        "fit": "average_SEM", 
        "value": 0.0001364675628590501
    }, 
    "H1": {
        "error": 0.13823080745720634, 
        "fit": "average_SEM", 
        "value": 0.05060061574654861
    }, 
    "H2": {
        "error": 0.14842289550632834, 
        "fit": "average_SEM", 
        "value": -0.36814546942089993
    }, 
    "L1": {
        "error": 0.12038759866188864, 
        "fit": "average_SEM", 
        "value": -0.1485588183122066
    }, 
    "L2": {
        "error": 0.12282637514358419, 
        "fit": "average_SEM", 
        "value": -0.12116463616128183
    }
}