{
    "AX": {
        "error": 0.060798514114327906, 
        "fit": "average_SEM", 
        "value": -0.036648334772326055
    }, 
    "CDD": {
        "error": 0.0001074205909417259, 
        "fit": "average_SEM", 
        "value": 7.946212459096892e-05
    }, 
    "H1": {
        "error": 0.13222830775998154, 
        "fit": "average_SEM", 
        "value": 0.02221707662877937
    }, 
    "H2": {
        "error": 0.13737680246514422, 
        "fit": "average_SEM", 
        "value": -0.3493874864238832
    }, 
    "L1": {
        "error": 0.13760937140181126, 
        "fit": "average_SEM", 
        "value": -0.16702523418288265
    }, 
    "L2": {
        "error": 0.15446101801488937, 
        "fit": "average_SEM", 
        "value": -0.1034502615498948
    }
}