{
    "AX": {
        "error": 0.055960000484011764, 
        "fit": "average_SEM", 
        "value": -0.03227462288729536
    }, 
    "CDD": {
        "error": 0.00015144815213385908, 
        "fit": "average_SEM", 
        "value": 0.00014337731408886611
    }, 
    "H1": {
        "error": 0.12125876024317057, 
        "fit": "average_SEM", 
        "value": 0.04298936785328099
    }, 
    "H2": {
        "error": 0.1327431330142101, 
        "fit": "average_SEM", 
        "value": -0.3707136146724224
    }, 
    "L1": {
        "error": 0.1440532036917873, 
        "fit": "average_SEM", 
        "value": -0.14094911705599064
    }, 
    "L2": {
        "error": 0.15469164603369087, 
        "fit": "average_SEM", 
        "value": -0.09990870284899656
    }
}