{
    "AX": {
        "error": 0.06118002139487181, 
        "fit": "average_SEM", 
        "value": -0.033342377750927375
    }, 
    "CDD": {
        "error": 0.00012146149527113595, 
        "fit": "average_SEM", 
        "value": 8.464443768995504e-05
    }, 
    "H1": {
        "error": 0.12475840876030278, 
        "fit": "average_SEM", 
        "value": 0.01650519200031542
    }, 
    "H2": {
        "error": 0.14436921622227775, 
        "fit": "average_SEM", 
        "value": -0.3821729187336233
    }, 
    "L1": {
        "error": 0.13220958308098635, 
        "fit": "average_SEM", 
        "value": -0.15750813614059653
    }, 
    "L2": {
        "error": 0.14177099400862558, 
        "fit": "average_SEM", 
        "value": -0.10839786814370503
    }
}