{
    "AX": {
        "error": 0.06350286815699897, 
        "fit": "average_SEM", 
        "value": -0.04489025820382974
    }, 
    "CDD": {
        "error": 0.00016131805995423483, 
        "fit": "average_SEM", 
        "value": 0.00014855962751122813
    }, 
    "H1": {
        "error": 0.12666526759846783, 
        "fit": "average_SEM", 
        "value": 0.05126741348439181
    }, 
    "H2": {
        "error": 0.11797582387505944, 
        "fit": "average_SEM", 
        "value": -0.3435666095879343
    }, 
    "L1": {
        "error": 0.1372329866798309, 
        "fit": "average_SEM", 
        "value": -0.15170260622269577
    }, 
    "L2": {
        "error": 0.15027348218584619, 
        "fit": "average_SEM", 
        "value": -0.09141921176989046
    }
}