{
    "AX": {
        "error": 0.052898073489681625, 
        "fit": "average_SEM", 
        "value": -0.03957524910802022
    }, 
    "CDD": {
        "error": 0.00011786809261033954, 
        "fit": "average_SEM", 
        "value": 9.67364997551259e-05
    }, 
    "H1": {
        "error": 0.13252417114886375, 
        "fit": "average_SEM", 
        "value": 0.03740229259710759
    }, 
    "H2": {
        "error": 0.1423558862406044, 
        "fit": "average_SEM", 
        "value": -0.35615591638618044
    }, 
    "L1": {
        "error": 0.11867325468724295, 
        "fit": "average_SEM", 
        "value": -0.1578757491428405
    }, 
    "L2": {
        "error": 0.1377495547776386, 
        "fit": "average_SEM", 
        "value": -0.11187700259809692
    }
}