{
    "AX": {
        "error": 0.05692928741185624, 
        "fit": "average_SEM", 
        "value": -0.033483082647176664
    }, 
    "CDD": {
        "error": 0.00014723524111589776, 
        "fit": "average_SEM", 
        "value": 0.00013128525105356756
    }, 
    "H1": {
        "error": 0.12248904406083447, 
        "fit": "average_SEM", 
        "value": 0.052804940113694306
    }, 
    "H2": {
        "error": 0.12564440710680055, 
        "fit": "average_SEM", 
        "value": -0.3392637057436837
    }, 
    "L1": {
        "error": 0.1392309035415179, 
        "fit": "average_SEM", 
        "value": -0.16538202965942522
    }, 
    "L2": {
        "error": 0.13499979513137783, 
        "fit": "average_SEM", 
        "value": -0.12256467444143103
    }
}