{
    "AX": {
        "error": 0.05675718453906732, 
        "fit": "average_SEM", 
        "value": -0.027775353827504054
    }, 
    "CDD": {
        "error": 0.00011920458233155802, 
        "fit": "average_SEM", 
        "value": 8.464443768995504e-05
    }, 
    "H1": {
        "error": 0.12346521873213394, 
        "fit": "average_SEM", 
        "value": 0.02167574655225811
    }, 
    "H2": {
        "error": 0.147595042337132, 
        "fit": "average_SEM", 
        "value": -0.34664122829110255
    }, 
    "L1": {
        "error": 0.13125719014756562, 
        "fit": "average_SEM", 
        "value": -0.1502022274562882
    }, 
    "L2": {
        "error": 0.13290392508960905, 
        "fit": "average_SEM", 
        "value": -0.10905400653007544
    }
}