{
    "AX": {
        "error": 0.06540810360575432, 
        "fit": "average_SEM", 
        "value": -0.034110513465323795
    }, 
    "CDD": {
        "error": 0.00013230615052673035, 
        "fit": "average_SEM", 
        "value": 0.00014337731214861076
    }, 
    "H1": {
        "error": 0.1432739485891889, 
        "fit": "average_SEM", 
        "value": 0.04613071791827679
    }, 
    "H2": {
        "error": 0.15451571512447654, 
        "fit": "average_SEM", 
        "value": -0.3530485665736099
    }, 
    "L1": {
        "error": 0.11678322603341522, 
        "fit": "average_SEM", 
        "value": -0.1475675786803347
    }, 
    "L2": {
        "error": 0.13452509289613804, 
        "fit": "average_SEM", 
        "value": -0.11162992878331958
    }
}