{
    "AX": {
        "error": 0.04988290666814857, 
        "fit": "average_SEM", 
        "value": -0.04278757609285498
    }, 
    "CDD": {
        "error": 0.00013194072651359504, 
        "fit": "average_SEM", 
        "value": 0.00011919318737151722
    }, 
    "H1": {
        "error": 0.11812221172033656, 
        "fit": "average_SEM", 
        "value": 0.03554624920555701
    }, 
    "H2": {
        "error": 0.14909069412668025, 
        "fit": "average_SEM", 
        "value": -0.36072142202821045
    }, 
    "L1": {
        "error": 0.1320393831357152, 
        "fit": "average_SEM", 
        "value": -0.1228693058560667
    }, 
    "L2": {
        "error": 0.12736048498825453, 
        "fit": "average_SEM", 
        "value": -0.08662404807562578
    }
}