{
    "AX": {
        "error": 0.05919024213515875, 
        "fit": "average_SEM", 
        "value": -0.04579528096364811
    }, 
    "CDD": {
        "error": 0.0001967163106948868, 
        "fit": "average_SEM", 
        "value": 0.00023493150365538895
    }, 
    "H1": {
        "error": 0.11868166036469072, 
        "fit": "average_SEM", 
        "value": 0.04516345377907985
    }, 
    "H2": {
        "error": 0.15173259872354738, 
        "fit": "average_SEM", 
        "value": -0.3673754057743483
    }, 
    "L1": {
        "error": 0.14132978977816582, 
        "fit": "average_SEM", 
        "value": -0.13305085744860762
    }, 
    "L2": {
        "error": 0.13797235607235528, 
        "fit": "average_SEM", 
        "value": -0.09140723505794691
    }
}