{
    "AX": {
        "error": 0.05384454164555912, 
        "fit": "average_SEM", 
        "value": -0.030042950425801487
    }, 
    "CDD": {
        "error": 0.00013884973211727067, 
        "fit": "average_SEM", 
        "value": 0.00015374193769983118
    }, 
    "H1": {
        "error": 0.12441234746549816, 
        "fit": "average_SEM", 
        "value": 0.018108831548468315
    }, 
    "H2": {
        "error": 0.1381765264514162, 
        "fit": "average_SEM", 
        "value": -0.3361165521459447
    }, 
    "L1": {
        "error": 0.12111324822795846, 
        "fit": "average_SEM", 
        "value": -0.13148322976970425
    }, 
    "L2": {
        "error": 0.14900962854415617, 
        "fit": "average_SEM", 
        "value": -0.09946786361486172
    }
}