{
    "AX": {
        "error": 0.06164268275271367, 
        "fit": "average_SEM", 
        "value": -0.03410453345083321
    }, 
    "CDD": {
        "error": 0.00010855232460960177, 
        "fit": "average_SEM", 
        "value": 6.046031291286151e-05
    }, 
    "H1": {
        "error": 0.12469775298776921, 
        "fit": "average_SEM", 
        "value": 0.02317915675489025
    }, 
    "H2": {
        "error": 0.113172682207393, 
        "fit": "average_SEM", 
        "value": -0.09467275759929585
    }, 
    "L1": {
        "error": 0.14875253955385845, 
        "fit": "average_SEM", 
        "value": -0.06316516936963631
    }, 
    "L2": {
        "error": 0.13197335051291695, 
        "fit": "average_SEM", 
        "value": 0.013368672414475844
    }
}