{
    "AX": {
        "error": 0.05842680089515718, 
        "fit": "average_SEM", 
        "value": -0.039121095808998994
    }, 
    "CDD": {
        "error": 0.0001281703768351575, 
        "fit": "average_SEM", 
        "value": 0.00011055600027450256
    }, 
    "H1": {
        "error": 0.14176642154579253, 
        "fit": "average_SEM", 
        "value": 0.007068127076814158
    }, 
    "H2": {
        "error": 0.12150563807663467, 
        "fit": "average_SEM", 
        "value": -0.08292529210448266
    }, 
    "L1": {
        "error": 0.11139696254997174, 
        "fit": "average_SEM", 
        "value": -0.09480089200531236
    }, 
    "L2": {
        "error": 0.13507410828678607, 
        "fit": "average_SEM", 
        "value": 0.022806479481773244
    }
}