{
    "AX": {
        "error": 0.06000704408441738, 
        "fit": "average_SEM", 
        "value": -0.04200300373906632
    }, 
    "CDD": {
        "error": 0.00012154841675297697, 
        "fit": "average_SEM", 
        "value": 8.291700020587692e-05
    }, 
    "H1": {
        "error": 0.12391184539745721, 
        "fit": "average_SEM", 
        "value": 0.01931278731337645
    }, 
    "H2": {
        "error": 0.13124114320896957, 
        "fit": "average_SEM", 
        "value": -0.10230250436191758
    }, 
    "L1": {
        "error": 0.1571852554100689, 
        "fit": "average_SEM", 
        "value": -0.04069751954585728
    }, 
    "L2": {
        "error": 0.1589327711361507, 
        "fit": "average_SEM", 
        "value": 0.008535462368227956
    }
}