{
    "AX": {
        "error": 0.05945165113478385, 
        "fit": "average_SEM", 
        "value": -0.042279142185321285
    }, 
    "CDD": {
        "error": 0.00015459349025666978, 
        "fit": "average_SEM", 
        "value": 0.0001036462516316937
    }, 
    "H1": {
        "error": 0.12348157882000622, 
        "fit": "average_SEM", 
        "value": 0.03249832200171012
    }, 
    "H2": {
        "error": 0.13756250420741284, 
        "fit": "average_SEM", 
        "value": -0.09134810836727006
    }, 
    "L1": {
        "error": 0.1442922606067237, 
        "fit": "average_SEM", 
        "value": -0.05460187862109807
    }, 
    "L2": {
        "error": 0.15420447878524565, 
        "fit": "average_SEM", 
        "value": 0.027990784043342702
    }
}