{
    "AX": {
        "error": 0.05469903962828169, 
        "fit": "average_SEM", 
        "value": -0.03608017514230192
    }, 
    "CDD": {
        "error": 0.00013069987643114323, 
        "fit": "average_SEM", 
        "value": 0.00010882856246704856
    }, 
    "H1": {
        "error": 0.12800575241337417, 
        "fit": "average_SEM", 
        "value": 0.00527220139435182
    }, 
    "H2": {
        "error": 0.14620198405983184, 
        "fit": "average_SEM", 
        "value": -0.10524210331237151
    }, 
    "L1": {
        "error": 0.13847247978918245, 
        "fit": "average_SEM", 
        "value": -0.045322919730097055
    }, 
    "L2": {
        "error": 0.13089745384406115, 
        "fit": "average_SEM", 
        "value": 0.0142478627890038
    }
}