{
    "AX": {
        "error": 0.05589510188837161, 
        "fit": "average_SEM", 
        "value": -0.033445794549253255
    }, 
    "CDD": {
        "error": 0.0001354949815491033, 
        "fit": "average_SEM", 
        "value": 9.328162575709737e-05
    }, 
    "H1": {
        "error": 0.11566854556562003, 
        "fit": "average_SEM", 
        "value": 0.051092060681872276
    }, 
    "H2": {
        "error": 0.15722814519886874, 
        "fit": "average_SEM", 
        "value": -0.06788847172639281
    }, 
    "L1": {
        "error": 0.14880930910461776, 
        "fit": "average_SEM", 
        "value": -0.06923943553960675
    }, 
    "L2": {
        "error": 0.14529423097116273, 
        "fit": "average_SEM", 
        "value": 0.023873172538070423
    }
}