{
    "AX": {
        "error": 0.05634341703657952, 
        "fit": "average_SEM", 
        "value": -0.04579940327352637
    }, 
    "CDD": {
        "error": 0.00010987853764674805, 
        "fit": "average_SEM", 
        "value": 8.118956207504703e-05
    }, 
    "H1": {
        "error": 0.1240373844296182, 
        "fit": "average_SEM", 
        "value": 0.0005552485533472564
    }, 
    "H2": {
        "error": 0.1558049911496289, 
        "fit": "average_SEM", 
        "value": -0.09232791542179054
    }, 
    "L1": {
        "error": 0.1098814123317319, 
        "fit": "average_SEM", 
        "value": -0.06850084336264343
    }, 
    "L2": {
        "error": 0.1511780156639067, 
        "fit": "average_SEM", 
        "value": 0.03703676173204763
    }
}