{
    "AX": {
        "error": 0.05306595142556234, 
        "fit": "average_SEM", 
        "value": -0.039204401012587674
    }, 
    "CDD": {
        "error": 9.198512339213046e-05, 
        "fit": "average_SEM", 
        "value": 5.8732874458655714e-05
    }, 
    "H1": {
        "error": 0.13988266087474527, 
        "fit": "average_SEM", 
        "value": 0.02634860364293369
    }, 
    "H2": {
        "error": 0.15278134778719887, 
        "fit": "average_SEM", 
        "value": -0.3705561028017352
    }, 
    "L1": {
        "error": 0.14173050494468872, 
        "fit": "average_SEM", 
        "value": -0.06379166433535931
    }, 
    "L2": {
        "error": 0.1347893117734946, 
        "fit": "average_SEM", 
        "value": 0.02359551878180355
    }
}