{
    "AX": {
        "error": 0.06109248725357854, 
        "fit": "average_SEM", 
        "value": -0.04065233884482748
    }, 
    "CDD": {
        "error": 0.00017756852186619568, 
        "fit": "average_SEM", 
        "value": 0.00017101631512761944
    }, 
    "H1": {
        "error": 0.12356421146643082, 
        "fit": "average_SEM", 
        "value": 0.03392777495707075
    }, 
    "H2": {
        "error": 0.14358711665445376, 
        "fit": "average_SEM", 
        "value": -0.3532919858064916
    }, 
    "L1": {
        "error": 0.11908808609125125, 
        "fit": "average_SEM", 
        "value": -0.07904989995165831
    }, 
    "L2": {
        "error": 0.13085536404595527, 
        "fit": "average_SEM", 
        "value": 0.014223241831900345
    }
}