{
    "AX": {
        "error": 0.05892685523181252, 
        "fit": "average_SEM", 
        "value": -0.03085420270088232
    }, 
    "CDD": {
        "error": 0.00011471537850560466, 
        "fit": "average_SEM", 
        "value": 7.427981246211049e-05
    }, 
    "H1": {
        "error": 0.1173079370096397, 
        "fit": "average_SEM", 
        "value": 0.02069132772481276
    }, 
    "H2": {
        "error": 0.1314345444526116, 
        "fit": "average_SEM", 
        "value": -0.36839631501999165
    }, 
    "L1": {
        "error": 0.1372779521889097, 
        "fit": "average_SEM", 
        "value": -0.07212271599823403
    }, 
    "L2": {
        "error": 0.1579585910894117, 
        "fit": "average_SEM", 
        "value": 0.035027442800088064
    }
}