{
    "AX": {
        "error": 0.05902985431156996, 
        "fit": "average_SEM", 
        "value": -0.037467924784868954
    }, 
    "CDD": {
        "error": 0.0001571201202560104, 
        "fit": "average_SEM", 
        "value": 0.00016065168828289543
    }, 
    "H1": {
        "error": 0.1341008764044422, 
        "fit": "average_SEM", 
        "value": 0.03155792496335279
    }, 
    "H2": {
        "error": 0.12918030872023092, 
        "fit": "average_SEM", 
        "value": -0.35460908090074855
    }, 
    "L1": {
        "error": 0.15294845069855248, 
        "fit": "average_SEM", 
        "value": -0.07813364320188865
    }, 
    "L2": {
        "error": 0.1263707965994068, 
        "fit": "average_SEM", 
        "value": 0.01609074851213437
    }
}