{
    "AX": {
        "error": 0.05581977171286937, 
        "fit": "average_SEM", 
        "value": -0.04101299948395333
    }, 
    "CDD": {
        "error": 9.31586167744512e-05, 
        "fit": "average_SEM", 
        "value": 6.564262439496815e-05
    }, 
    "H1": {
        "error": 0.134939462624136, 
        "fit": "average_SEM", 
        "value": 0.027371333764555552
    }, 
    "H2": {
        "error": 0.13593383709320922, 
        "fit": "average_SEM", 
        "value": -0.36348893543084465
    }, 
    "L1": {
        "error": 0.1355724432983716, 
        "fit": "average_SEM", 
        "value": -0.06218242053938512
    }, 
    "L2": {
        "error": 0.14464160692207925, 
        "fit": "average_SEM", 
        "value": 0.025110715857913926
    }
}