{
    "AX": {
        "error": 0.05860056617689236, 
        "fit": "average_SEM", 
        "value": -0.04743363731928791
    }, 
    "CDD": {
        "error": 0.00013770404353162556, 
        "fit": "average_SEM", 
        "value": 0.00014855962524759687
    }, 
    "H1": {
        "error": 0.1171627426318857, 
        "fit": "average_SEM", 
        "value": 0.015255186285745974
    }, 
    "H2": {
        "error": 0.12909815989661796, 
        "fit": "average_SEM", 
        "value": -0.3711708876407809
    }, 
    "L1": {
        "error": 0.13635230156278016, 
        "fit": "average_SEM", 
        "value": -0.07269985996600654
    }, 
    "L2": {
        "error": 0.1455138555022482, 
        "fit": "average_SEM", 
        "value": 0.02331524242957433
    }
}