{
    "AX": {
        "error": 0.060077912939611816, 
        "fit": "average_SEM", 
        "value": -0.04078765095327981
    }, 
    "CDD": {
        "error": 0.000126475818674922, 
        "fit": "average_SEM", 
        "value": 9.846393723920402e-05
    }, 
    "H1": {
        "error": 0.13608977284183713, 
        "fit": "average_SEM", 
        "value": 0.015252253089824485
    }, 
    "H2": {
        "error": 0.14348165374397642, 
        "fit": "average_SEM", 
        "value": -0.34960124886905153
    }, 
    "L1": {
        "error": 0.10580833199241499, 
        "fit": "average_SEM", 
        "value": -0.07345766589925107
    }, 
    "L2": {
        "error": 0.14186032361229545, 
        "fit": "average_SEM", 
        "value": 0.02938667787901876
    }
}