{
    "AX": {
        "error": 0.05877575280463125, 
        "fit": "average_SEM", 
        "value": -0.03771964131544034
    }, 
    "CDD": {
        "error": 0.00013518283107815426, 
        "fit": "average_SEM", 
        "value": 0.00010710112530634634
    }, 
    "H1": {
        "error": 0.13395488375522405, 
        "fit": "average_SEM", 
        "value": 0.005786673314610703
    }, 
    "H2": {
        "error": 0.16610593979768848, 
        "fit": "average_SEM", 
        "value": -0.3720006719749007
    }, 
    "L1": {
        "error": 0.17533281772280102, 
        "fit": "average_SEM", 
        "value": -0.07714480594990568
    }, 
    "L2": {
        "error": 0.14106998373881338, 
        "fit": "average_SEM", 
        "value": 0.020905013128908145
    }
}