{
    "AX": {
        "error": 0.06462890103853274, 
        "fit": "average_SEM", 
        "value": -0.04439909701080372
    }, 
    "CDD": {
        "error": 0.00012699963081511608, 
        "fit": "average_SEM", 
        "value": 9.500906291779959e-05
    }, 
    "H1": {
        "error": 0.11625740279490265, 
        "fit": "average_SEM", 
        "value": 0.029686825413308623
    }, 
    "H2": {
        "error": 0.13889178102309568, 
        "fit": "average_SEM", 
        "value": -0.3384269252833393
    }, 
    "L1": {
        "error": 0.13910446995240633, 
        "fit": "average_SEM", 
        "value": -0.07860744497738778
    }, 
    "L2": {
        "error": 0.13713969981068969, 
        "fit": "average_SEM", 
        "value": 0.048417151830573046
    }
}