{
    "AX": {
        "error": 0.05406693302370083, 
        "fit": "average_SEM", 
        "value": -0.029951621129940677
    }, 
    "CDD": {
        "error": 7.483720798903999e-05, 
        "fit": "average_SEM", 
        "value": 3.8003624649718407e-05
    }, 
    "H1": {
        "error": 0.14169444603621345, 
        "fit": "average_SEM", 
        "value": 0.025860057414845667
    }, 
    "H2": {
        "error": 0.13797747341547942, 
        "fit": "average_SEM", 
        "value": -0.35255287695262166
    }, 
    "L1": {
        "error": 0.12054998021847319, 
        "fit": "average_SEM", 
        "value": -0.104631557677769
    }, 
    "L2": {
        "error": 0.14753783556486638, 
        "fit": "average_SEM", 
        "value": 0.003603857889538631
    }
}