{
    "AX": {
        "error": 0.06088752204268138, 
        "fit": "average_SEM", 
        "value": -0.037667183459012044
    }, 
    "CDD": {
        "error": 0.00010486191383724897, 
        "fit": "average_SEM", 
        "value": 7.946212459096892e-05
    }, 
    "H1": {
        "error": 0.12479117449068677, 
        "fit": "average_SEM", 
        "value": 0.01611184281193548
    }, 
    "H2": {
        "error": 0.1364259776789198, 
        "fit": "average_SEM", 
        "value": -0.3399993657858835
    }, 
    "L1": {
        "error": 0.14477828350992286, 
        "fit": "average_SEM", 
        "value": -0.06087727506075882
    }, 
    "L2": {
        "error": 0.14475052378434605, 
        "fit": "average_SEM", 
        "value": 0.018322225929134423
    }
}