{
    "AX": {
        "error": 0.05835739055996045, 
        "fit": "average_SEM", 
        "value": -0.037221652652240464
    }, 
    "CDD": {
        "error": 9.119440565566365e-05, 
        "fit": "average_SEM", 
        "value": 5.52779994904995e-05
    }, 
    "H1": {
        "error": 0.1474305752162144, 
        "fit": "average_SEM", 
        "value": 0.001637669373303652
    }, 
    "H2": {
        "error": 0.13485649035546163, 
        "fit": "average_SEM", 
        "value": -0.3581781695700354
    }, 
    "L1": {
        "error": 0.13480732593502928, 
        "fit": "average_SEM", 
        "value": -0.15175388109766774
    }, 
    "L2": {
        "error": 0.14822373941410377, 
        "fit": "average_SEM", 
        "value": -0.10638009180288968
    }
}