{
    "AX": {
        "error": 0.04731226336830528, 
        "fit": "average_SEM", 
        "value": -0.03575103311644246
    }, 
    "CDD": {
        "error": 8.587746011700335e-05, 
        "fit": "average_SEM", 
        "value": 5.8732874458655714e-05
    }, 
    "H1": {
        "error": 0.11985895200080676, 
        "fit": "average_SEM", 
        "value": 0.0500457443891921
    }, 
    "H2": {
        "error": 0.13828445067233158, 
        "fit": "average_SEM", 
        "value": -0.09006410928753515
    }, 
    "L1": {
        "error": 0.12150159781851999, 
        "fit": "average_SEM", 
        "value": -0.1623459474128645
    }, 
    "L2": {
        "error": 0.1258145069911947, 
        "fit": "average_SEM", 
        "value": -0.10328454988258373
    }
}