{
    "AX": {
        "error": 0.06595750850183196, 
        "fit": "average_SEM", 
        "value": -0.04613137733669848
    }, 
    "CDD": {
        "error": 0.00013069987822046176, 
        "fit": "average_SEM", 
        "value": 0.00010882856311380035
    }, 
    "H1": {
        "error": 0.14191415965469878, 
        "fit": "average_SEM", 
        "value": 0.035501928622316985
    }, 
    "H2": {
        "error": 0.12824256289102434, 
        "fit": "average_SEM", 
        "value": -0.08711326464803683
    }, 
    "L1": {
        "error": 0.11125432815816448, 
        "fit": "average_SEM", 
        "value": -0.1421606457679041
    }, 
    "L2": {
        "error": 0.12227203822630944, 
        "fit": "average_SEM", 
        "value": -0.08911879867599863
    }
}