{
    "AX": {
        "error": 0.04620889492696506, 
        "fit": "average_SEM", 
        "value": -0.03767016092315316
    }, 
    "CDD": {
        "error": 0.0001264638893256723, 
        "fit": "average_SEM", 
        "value": 0.00013819499969637642
    }, 
    "H1": {
        "error": 0.1301566948852985, 
        "fit": "average_SEM", 
        "value": 0.03928246724535711
    }, 
    "H2": {
        "error": 0.15048946453500164, 
        "fit": "average_SEM", 
        "value": -0.09003393891163998
    }, 
    "L1": {
        "error": 0.10630732838195968, 
        "fit": "average_SEM", 
        "value": -0.137308071152721
    }, 
    "L2": {
        "error": 0.13567260896058495, 
        "fit": "average_SEM", 
        "value": -0.10815391839973422
    }
}