{
    "AX": {
        "error": 0.06476267277181588, 
        "fit": "average_SEM", 
        "value": -0.037553967803251
    }, 
    "CDD": {
        "error": 0.00012179642507354255, 
        "fit": "average_SEM", 
        "value": 0.00010019137504665801
    }, 
    "H1": {
        "error": 0.11086568168736567, 
        "fit": "average_SEM", 
        "value": 0.0532669703126885
    }, 
    "H2": {
        "error": 0.13750210135268182, 
        "fit": "average_SEM", 
        "value": -0.08354272545418806
    }, 
    "L1": {
        "error": 0.1358360778374137, 
        "fit": "average_SEM", 
        "value": -0.09247323287547463
    }, 
    "L2": {
        "error": 0.14761269000832591, 
        "fit": "average_SEM", 
        "value": -0.11352743866542975
    }
}