{
    "AX": {
        "error": 0.06127489369031922, 
        "fit": "average_SEM", 
        "value": -0.029281811461421763
    }, 
    "CDD": {
        "error": 0.00010312086467213422, 
        "fit": "average_SEM", 
        "value": 5.873287478203161e-05
    }, 
    "H1": {
        "error": 0.13233593838017393, 
        "fit": "average_SEM", 
        "value": 0.04470989221913947
    }, 
    "H2": {
        "error": 0.14984178429252856, 
        "fit": "average_SEM", 
        "value": -0.07720584113849327
    }, 
    "L1": {
        "error": 0.13418389738695782, 
        "fit": "average_SEM", 
        "value": -0.12581311062547482
    }, 
    "L2": {
        "error": 0.16065587024262712, 
        "fit": "average_SEM", 
        "value": -0.09807960692172249
    }
}