{
    "AX": {
        "error": 0.06161679122121583, 
        "fit": "average_SEM", 
        "value": -0.03904561047869114
    }, 
    "CDD": {
        "error": 0.00013634970569982252, 
        "fit": "average_SEM", 
        "value": 0.00014337731247198663
    }, 
    "H1": {
        "error": 0.11162971713441504, 
        "fit": "average_SEM", 
        "value": 0.0525309014321667
    }, 
    "H2": {
        "error": 0.13364072954043052, 
        "fit": "average_SEM", 
        "value": -0.08256640692965853
    }, 
    "L1": {
        "error": 0.13295031461162388, 
        "fit": "average_SEM", 
        "value": -0.13613391428047583
    }, 
    "L2": {
        "error": 0.13868470806108563, 
        "fit": "average_SEM", 
        "value": -0.0948324662167579
    }
}