{
    "AX": {
        "error": 0.050973281479585644, 
        "fit": "average_SEM", 
        "value": -0.033753083075539
    }, 
    "CDD": {
        "error": 0.00011554100947689787, 
        "fit": "average_SEM", 
        "value": 9.67364997551259e-05
    }, 
    "H1": {
        "error": 0.12915373517737666, 
        "fit": "average_SEM", 
        "value": 0.015733212662517974
    }, 
    "H2": {
        "error": 0.13945991624331416, 
        "fit": "average_SEM", 
        "value": -0.09244800652167114
    }, 
    "L1": {
        "error": 0.13209072295338806, 
        "fit": "average_SEM", 
        "value": -0.14878859901606725
    }, 
    "L2": {
        "error": 0.15526313174930043, 
        "fit": "average_SEM", 
        "value": -0.10014517535811239
    }
}