{
    "AX": {
        "error": 0.05700752917295579, 
        "fit": "average_SEM", 
        "value": -0.04001377609868844
    }, 
    "CDD": {
        "error": 0.00016553714142259675, 
        "fit": "average_SEM", 
        "value": 0.00015028706467193033
    }, 
    "H1": {
        "error": 0.12334564614620622, 
        "fit": "average_SEM", 
        "value": 0.018329876345685787
    }, 
    "H2": {
        "error": 0.12076974290626098, 
        "fit": "average_SEM", 
        "value": -0.09995422619843643
    }, 
    "L1": {
        "error": 0.13998148931315635, 
        "fit": "average_SEM", 
        "value": -0.12807740389802752
    }, 
    "L2": {
        "error": 0.1459498361840384, 
        "fit": "average_SEM", 
        "value": -0.0800635265186429
    }
}