{
    "AX": {
        "error": 0.06297626182066626, 
        "fit": "average_SEM", 
        "value": -0.03399548891854162
    }, 
    "CDD": {
        "error": 0.00012253743347243184, 
        "fit": "average_SEM", 
        "value": 0.00010710112433621867
    }, 
    "H1": {
        "error": 0.14320923374547598, 
        "fit": "average_SEM", 
        "value": 0.039983406842737976
    }, 
    "H2": {
        "error": 0.14392657660725958, 
        "fit": "average_SEM", 
        "value": -0.07879130369466213
    }, 
    "L1": {
        "error": 0.13646515734074063, 
        "fit": "average_SEM", 
        "value": -0.14384522285674595
    }, 
    "L2": {
        "error": 0.15636163909503487, 
        "fit": "average_SEM", 
        "value": -0.11174858446595155
    }
}