{
    "AX": {
        "error": 0.06583264133068376, 
        "fit": "average_SEM", 
        "value": -0.040457004457130095
    }, 
    "CDD": {
        "error": 0.0001395001885259871, 
        "fit": "average_SEM", 
        "value": 0.00010537368814564414
    }, 
    "H1": {
        "error": 0.11855419871647967, 
        "fit": "average_SEM", 
        "value": 0.029587123713766535
    }, 
    "H2": {
        "error": 0.13380325248575062, 
        "fit": "average_SEM", 
        "value": -0.0876518034376204
    }, 
    "L1": {
        "error": 0.12347577353224234, 
        "fit": "average_SEM", 
        "value": -0.15304793890876076
    }, 
    "L2": {
        "error": 0.1460568679105402, 
        "fit": "average_SEM", 
        "value": -0.11792510316914154
    }
}