{
    "AX": {
        "error": 0.057557635023016286, 
        "fit": "average_SEM", 
        "value": -0.04784726950133012
    }, 
    "CDD": {
        "error": 0.0001367805829445223, 
        "fit": "average_SEM", 
        "value": 0.0001381950006665041
    }, 
    "H1": {
        "error": 0.12861496333200104, 
        "fit": "average_SEM", 
        "value": 0.0466670330769072
    }, 
    "H2": {
        "error": 0.12536600687242205, 
        "fit": "average_SEM", 
        "value": -0.10819652696243591
    }, 
    "L1": {
        "error": 0.1358744551891107, 
        "fit": "average_SEM", 
        "value": -0.15193430996344734
    }, 
    "L2": {
        "error": 0.11320122985402793, 
        "fit": "average_SEM", 
        "value": -0.11863747572319375
    }
}