{
    "AX": {
        "error": 0.06059422268721928, 
        "fit": "average_SEM", 
        "value": -0.03769272791558049
    }, 
    "CDD": {
        "error": 0.00018199131540019297, 
        "fit": "average_SEM", 
        "value": 0.00015201450312613614
    }, 
    "H1": {
        "error": 0.10968093290535863, 
        "fit": "average_SEM", 
        "value": 0.05619613750798938
    }, 
    "H2": {
        "error": 0.13460171056284875, 
        "fit": "average_SEM", 
        "value": -0.1129750529381757
    }, 
    "L1": {
        "error": 0.11144353906844304, 
        "fit": "average_SEM", 
        "value": -0.16623262390753046
    }, 
    "L2": {
        "error": 0.12251810715547737, 
        "fit": "average_SEM", 
        "value": -0.1367866221142726
    }
}