{
    "AX": {
        "error": 0.0639777621575919, 
        "fit": "average_SEM", 
        "value": -0.03453127531360628
    }, 
    "CDD": {
        "error": 0.00011237671332407354, 
        "fit": "average_SEM", 
        "value": 7.77346871068908e-05
    }, 
    "H1": {
        "error": 0.10659091220825931, 
        "fit": "average_SEM", 
        "value": 0.022704154630870714
    }, 
    "H2": {
        "error": 0.14324795783824018, 
        "fit": "average_SEM", 
        "value": -0.08506047670832939
    }, 
    "L1": {
        "error": 0.14133796213088312, 
        "fit": "average_SEM", 
        "value": -0.129970967117697
    }, 
    "L2": {
        "error": 0.16493397823039802, 
        "fit": "average_SEM", 
        "value": -0.11001890825120629
    }
}