{
    "AX": {
        "error": 0.06439201906413164, 
        "fit": "average_SEM", 
        "value": -0.029386108193365443
    }, 
    "CDD": {
        "error": 0.0001320664563116752, 
        "fit": "average_SEM", 
        "value": 8.637187549740904e-05
    }, 
    "H1": {
        "error": 0.11403554645181063, 
        "fit": "average_SEM", 
        "value": 0.036519869873558895
    }, 
    "H2": {
        "error": 0.13718951019775305, 
        "fit": "average_SEM", 
        "value": -0.09434984786332481
    }, 
    "L1": {
        "error": 0.12203759895812238, 
        "fit": "average_SEM", 
        "value": -0.1510168105001665
    }, 
    "L2": {
        "error": 0.14222733024824086, 
        "fit": "average_SEM", 
        "value": -0.10454316941193409
    }
}