{
    "AX": {
        "error": 0.06515506324747544, 
        "fit": "average_SEM", 
        "value": -0.04189268248673114
    }, 
    "CDD": {
        "error": 0.0001488658002147337, 
        "fit": "average_SEM", 
        "value": 0.00016583400041175384
    }, 
    "H1": {
        "error": 0.12606897169947445, 
        "fit": "average_SEM", 
        "value": 0.0682464513513777
    }, 
    "H2": {
        "error": 0.16124000835495172, 
        "fit": "average_SEM", 
        "value": -0.11545606965406073
    }, 
    "L1": {
        "error": 0.11902423346636076, 
        "fit": "average_SEM", 
        "value": -0.16396887847739788
    }, 
    "L2": {
        "error": 0.12695394281036831, 
        "fit": "average_SEM", 
        "value": -0.14276954318370877
    }
}