{
    "AX": {
        "error": 0.05530460330688337, 
        "fit": "average_SEM", 
        "value": -0.03783126204539763
    }, 
    "CDD": {
        "error": 0.00018298346322932486, 
        "fit": "average_SEM", 
        "value": 0.0001416498772515398
    }, 
    "H1": {
        "error": 0.12320165560129928, 
        "fit": "average_SEM", 
        "value": 0.030056511260206916
    }, 
    "H2": {
        "error": 0.14952828290351974, 
        "fit": "average_SEM", 
        "value": -0.11778128672805098
    }, 
    "L1": {
        "error": 0.13120188470007152, 
        "fit": "average_SEM", 
        "value": -0.15238725922018703
    }, 
    "L2": {
        "error": 0.1387162723323585, 
        "fit": "average_SEM", 
        "value": -0.10528886252884856
    }
}