{
    "AX": {
        "error": 0.060008268614168324, 
        "fit": "average_SEM", 
        "value": -0.027095878730890238
    }, 
    "CDD": {
        "error": 0.00017735597314094285, 
        "fit": "average_SEM", 
        "value": 0.00016237912835398067
    }, 
    "H1": {
        "error": 0.11984059325869205, 
        "fit": "average_SEM", 
        "value": 0.07268966790029986
    }, 
    "H2": {
        "error": 0.1410494125432783, 
        "fit": "average_SEM", 
        "value": -0.08807673858892587
    }, 
    "L1": {
        "error": 0.15676372671236316, 
        "fit": "average_SEM", 
        "value": -0.1565243894001469
    }, 
    "L2": {
        "error": 0.1321724868773575, 
        "fit": "average_SEM", 
        "value": -0.11217717692941531
    }
}