{
    "AX": {
        "error": 0.06174071110017377, 
        "fit": "average_SEM", 
        "value": -0.038839815062884656
    }, 
    "CDD": {
        "error": 4.543145454092494e-05, 
        "fit": "average_SEM", 
        "value": 1.0364624904468655e-05
    }, 
    "H1": {
        "error": 0.12523818847865614, 
        "fit": "average_SEM", 
        "value": 0.042784257182049465
    }, 
    "H2": {
        "error": 0.12826851814033005, 
        "fit": "average_SEM", 
        "value": -0.14068997451621626
    }, 
    "L1": {
        "error": 0.13735885337395382, 
        "fit": "average_SEM", 
        "value": -0.17133202362391683
    }, 
    "L2": {
        "error": 0.14521822900837578, 
        "fit": "average_SEM", 
        "value": -0.10442379590434332
    }
}