{
    "AX": {
        "error": 0.061724948681045756, 
        "fit": "average_SEM", 
        "value": -0.029595172632576175
    }, 
    "CDD": {
        "error": 0.00017592097587108726, 
        "fit": "average_SEM", 
        "value": 0.00015201450344951202
    }, 
    "H1": {
        "error": 0.11280884806109519, 
        "fit": "average_SEM", 
        "value": 0.06100093710443212
    }, 
    "H2": {
        "error": 0.1245914852233747, 
        "fit": "average_SEM", 
        "value": -0.09563017493411381
    }, 
    "L1": {
        "error": 0.12589911177887975, 
        "fit": "average_SEM", 
        "value": -0.17074526687049205
    }, 
    "L2": {
        "error": 0.14765023975935831, 
        "fit": "average_SEM", 
        "value": -0.11950418124906718
    }
}