{
    "AX": {
        "error": 0.06010456721599068, 
        "fit": "average_SEM", 
        "value": -0.046724193268972966
    }, 
    "CDD": {
        "error": 9.452524121968822e-05, 
        "fit": "average_SEM", 
        "value": 5.70054369745776e-05
    }, 
    "H1": {
        "error": 0.12963382109292, 
        "fit": "average_SEM", 
        "value": 0.06635472666110015
    }, 
    "H2": {
        "error": 0.13343461879083682, 
        "fit": "average_SEM", 
        "value": -0.10533992664681541
    }, 
    "L1": {
        "error": 0.13978660624114025, 
        "fit": "average_SEM", 
        "value": -0.15808813962244636
    }, 
    "L2": {
        "error": 0.1344526987601301, 
        "fit": "average_SEM", 
        "value": -0.148901058629983
    }
}