{
    "AX": {
        "error": 0.05599742759578748, 
        "fit": "average_SEM", 
        "value": -0.0377369538285873
    }, 
    "CDD": {
        "error": 0.00015370279239705216, 
        "fit": "average_SEM", 
        "value": 0.00012264806427992881
    }, 
    "H1": {
        "error": 0.12885222308819522, 
        "fit": "average_SEM", 
        "value": 0.008365348480745322
    }, 
    "H2": {
        "error": 0.13000804951109815, 
        "fit": "average_SEM", 
        "value": -0.375173919275403
    }, 
    "L1": {
        "error": 0.12875137133473397, 
        "fit": "average_SEM", 
        "value": -0.10580666868740486
    }, 
    "L2": {
        "error": 0.1396411369084359, 
        "fit": "average_SEM", 
        "value": -0.10612694304953847
    }
}