{
    "AX": {
        "error": 0.05606103196985666, 
        "fit": "average_SEM", 
        "value": -0.03707745075484531
    }, 
    "CDD": {
        "error": 0.00011316608363940858, 
        "fit": "average_SEM", 
        "value": 9.67364997551259e-05
    }, 
    "H1": {
        "error": 0.13321938654612164, 
        "fit": "average_SEM", 
        "value": 0.04696843950207242
    }, 
    "H2": {
        "error": 0.12996896817480746, 
        "fit": "average_SEM", 
        "value": -0.09670435033945574
    }, 
    "L1": {
        "error": 0.11868825299858016, 
        "fit": "average_SEM", 
        "value": -0.11094094223032396
    }, 
    "L2": {
        "error": 0.13177743081575052, 
        "fit": "average_SEM", 
        "value": -0.1281261087524601
    }
}