{
    "AX": {
        "error": 0.061687868321530386, 
        "fit": "average_SEM", 
        "value": -0.02720137613020294
    }, 
    "CDD": {
        "error": 0.00011316608257119032, 
        "fit": "average_SEM", 
        "value": 9.673649943175002e-05
    }, 
    "H1": {
        "error": 0.11830223484636497, 
        "fit": "average_SEM", 
        "value": 0.003987033541003863
    }, 
    "H2": {
        "error": 0.11192364334203138, 
        "fit": "average_SEM", 
        "value": -0.3731737084272835
    }, 
    "L1": {
        "error": 0.140390589219963, 
        "fit": "average_SEM", 
        "value": -0.09705902094590581
    }, 
    "L2": {
        "error": 0.15494241906110667, 
        "fit": "average_SEM", 
        "value": -0.12703588715650968
    }
}