{
    "AX": {
        "error": 0.0628379092526238, 
        "fit": "average_SEM", 
        "value": -0.037106192888717894
    }, 
    "CDD": {
        "error": 0.00011786809261033954, 
        "fit": "average_SEM", 
        "value": 9.67364997551259e-05
    }, 
    "H1": {
        "error": 0.1211350498069416, 
        "fit": "average_SEM", 
        "value": 0.03685028273741611
    }, 
    "H2": {
        "error": 0.13153643938436485, 
        "fit": "average_SEM", 
        "value": -0.3776670966711309
    }, 
    "L1": {
        "error": 0.13379858314154872, 
        "fit": "average_SEM", 
        "value": -0.09739286240397228
    }, 
    "L2": {
        "error": 0.13937597068559748, 
        "fit": "average_SEM", 
        "value": -0.13832276162898374
    }
}