{
    "AX": {
        "error": 0.05820346893034711, 
        "fit": "average_SEM", 
        "value": -0.038730994555064374
    }, 
    "CDD": {
        "error": 0.00015538201330528542, 
        "fit": "average_SEM", 
        "value": 0.00015028706370180266
    }, 
    "H1": {
        "error": 0.1359159185569844, 
        "fit": "average_SEM", 
        "value": 0.032084672132300006
    }, 
    "H2": {
        "error": 0.12742461398013852, 
        "fit": "average_SEM", 
        "value": -0.09139795312657953
    }, 
    "L1": {
        "error": 0.1280176935102621, 
        "fit": "average_SEM", 
        "value": -0.09569240232619146
    }, 
    "L2": {
        "error": 0.13799620085039485, 
        "fit": "average_SEM", 
        "value": -0.14071714526766704
    }
}