{
    "AX": {
        "error": 0.05643839336240122, 
        "fit": "average_SEM", 
        "value": -0.03649008059356776
    }, 
    "CDD": {
        "error": 0.0001662919216011423, 
        "fit": "average_SEM", 
        "value": 0.0001796535019012582
    }, 
    "H1": {
        "error": 0.11834651979770305, 
        "fit": "average_SEM", 
        "value": 0.03889489233131624
    }, 
    "H2": {
        "error": 0.11911025975915956, 
        "fit": "average_SEM", 
        "value": -0.105974985855735
    }, 
    "L1": {
        "error": 0.15679439020730399, 
        "fit": "average_SEM", 
        "value": -0.07818873987998813
    }, 
    "L2": {
        "error": 0.1255520974175625, 
        "fit": "average_SEM", 
        "value": -0.12108500497415661
    }
}