{
    "AX": {
        "error": 0.060354336757737784, 
        "fit": "average_SEM", 
        "value": -0.03346472588988642
    }, 
    "CDD": {
        "error": 0.00011464959860888493, 
        "fit": "average_SEM", 
        "value": 8.291700020587692e-05
    }, 
    "H1": {
        "error": 0.1227784184019931, 
        "fit": "average_SEM", 
        "value": 0.02037967742782914
    }, 
    "H2": {
        "error": 0.14374516301151427, 
        "fit": "average_SEM", 
        "value": -0.09496618333505466
    }, 
    "L1": {
        "error": 0.16145038696785796, 
        "fit": "average_SEM", 
        "value": -0.06876671931046682
    }, 
    "L2": {
        "error": 0.14634593132291698, 
        "fit": "average_SEM", 
        "value": -0.11055768748952283
    }
}