{
    "AX": {
        "error": 0.06282305114029445, 
        "fit": "average_SEM", 
        "value": -0.03192426207371884
    }, 
    "CDD": {
        "error": 0.00014661910555604192, 
        "fit": "average_SEM", 
        "value": 0.00012783037608541135
    }, 
    "H1": {
        "error": 0.13389200552766237, 
        "fit": "average_SEM", 
        "value": 0.01868361687973245
    }, 
    "H2": {
        "error": 0.10697174755269404, 
        "fit": "average_SEM", 
        "value": -0.10748820113432077
    }, 
    "L1": {
        "error": 0.1953698050888859, 
        "fit": "average_SEM", 
        "value": -0.07283387815372812
    }, 
    "L2": {
        "error": 0.1268783161937239, 
        "fit": "average_SEM", 
        "value": -0.11583280813906136
    }
}