{
    "AX": {
        "error": 0.06085870578330605, 
        "fit": "average_SEM", 
        "value": -0.04192246013812514
    }, 
    "CDD": {
        "error": 4.9133034131109857e-05, 
        "fit": "average_SEM", 
        "value": 1.7274374840781093e-05
    }, 
    "H1": {
        "error": 0.13049316362946425, 
        "fit": "average_SEM", 
        "value": 0.01751314557008704
    }, 
    "H2": {
        "error": 0.1265884239972462, 
        "fit": "average_SEM", 
        "value": -0.10952043756842614
    }, 
    "L1": {
        "error": 0.12818672640152817, 
        "fit": "average_SEM", 
        "value": -0.08264042927055723
    }, 
    "L2": {
        "error": 0.1501133590935807, 
        "fit": "average_SEM", 
        "value": -0.12703385590058233
    }
}