{
    "AX": {
        "error": 0.056874231324107266, 
        "fit": "average_SEM", 
        "value": -0.033192051636676
    }, 
    "CDD": {
        "error": 0.00010152839778861008, 
        "fit": "average_SEM", 
        "value": 6.564262504171994e-05
    }, 
    "H1": {
        "error": 0.12982198469932354, 
        "fit": "average_SEM", 
        "value": 0.02199331959175955
    }, 
    "H2": {
        "error": 0.1260055801672164, 
        "fit": "average_SEM", 
        "value": -0.11638744478890052
    }, 
    "L1": {
        "error": 0.13185642374083684, 
        "fit": "average_SEM", 
        "value": -0.1017050256435242
    }, 
    "L2": {
        "error": 0.13075826507419622, 
        "fit": "average_SEM", 
        "value": -0.12090797589884864
    }
}