{
    "AX": {
        "error": 0.06058166516383104, 
        "fit": "average_SEM", 
        "value": -0.03765933757854833
    }, 
    "CDD": {
        "error": 0.00015545967637152825, 
        "fit": "average_SEM", 
        "value": 0.00015719681428486687
    }, 
    "H1": {
        "error": 0.13706006172139548, 
        "fit": "average_SEM", 
        "value": 0.02923472414517568
    }, 
    "H2": {
        "error": 0.11394230742471734, 
        "fit": "average_SEM", 
        "value": -0.11692102119490705
    }, 
    "L1": {
        "error": 0.14340357344769675, 
        "fit": "average_SEM", 
        "value": -0.12042369062166675
    }, 
    "L2": {
        "error": 0.1194331067567547, 
        "fit": "average_SEM", 
        "value": -0.14386155822366062
    }
}