{
    "AX": {
        "error": 0.06628197373099355, 
        "fit": "average_SEM", 
        "value": -0.03896673180343997
    }, 
    "CDD": {
        "error": 0.00010991972408502758, 
        "fit": "average_SEM", 
        "value": 7.946212459096892e-05
    }, 
    "H1": {
        "error": 0.1242015958808753, 
        "fit": "average_SEM", 
        "value": 0.03663226728547468
    }, 
    "H2": {
        "error": 0.13495927287666323, 
        "fit": "average_SEM", 
        "value": -0.11330321445129812
    }, 
    "L1": {
        "error": 0.14362802934036603, 
        "fit": "average_SEM", 
        "value": -0.09895787441378666
    }, 
    "L2": {
        "error": 0.11403781465348298, 
        "fit": "average_SEM", 
        "value": -0.12613596792669138
    }
}