{
    "AX": {
        "error": 0.056679520691778285, 
        "fit": "average_SEM", 
        "value": -0.03176408567944438
    }, 
    "CDD": {
        "error": 0.00012689266452913105, 
        "fit": "average_SEM", 
        "value": 0.00010710112562972225
    }, 
    "H1": {
        "error": 0.1365647748620615, 
        "fit": "average_SEM", 
        "value": 0.032988700506070424
    }, 
    "H2": {
        "error": 0.13333822464045803, 
        "fit": "average_SEM", 
        "value": -0.09802110036317672
    }, 
    "L1": {
        "error": 0.1339989008721493, 
        "fit": "average_SEM", 
        "value": -0.10342253560407294
    }, 
    "L2": {
        "error": 0.12612241056945908, 
        "fit": "average_SEM", 
        "value": -0.13849262718318237
    }
}