{
    "AX": {
        "error": 0.05851529852742158, 
        "fit": "average_SEM", 
        "value": -0.0349764092130095
    }, 
    "CDD": {
        "error": 0.00012264820104919915, 
        "fit": "average_SEM", 
        "value": 6.0460312589485614e-05
    }, 
    "H1": {
        "error": 0.11872719913070151, 
        "fit": "average_SEM", 
        "value": 0.03569308529711432
    }, 
    "H2": {
        "error": 0.13331873059196178, 
        "fit": "average_SEM", 
        "value": -0.12697115356309546
    }, 
    "L1": {
        "error": 0.12457599870358563, 
        "fit": "average_SEM", 
        "value": -0.09126380256946302
    }, 
    "L2": {
        "error": 0.13072474125281758, 
        "fit": "average_SEM", 
        "value": -0.10129713929167741
    }
}