{
    "AX": {
        "error": 0.06057556950533066, 
        "fit": "average_SEM", 
        "value": -0.03448425286009701
    }, 
    "CDD": {
        "error": 0.00013651558919339771, 
        "fit": "average_SEM", 
        "value": 0.00010019137537003391
    }, 
    "H1": {
        "error": 0.13230006799099928, 
        "fit": "average_SEM", 
        "value": 0.04464988994425059
    }, 
    "H2": {
        "error": 0.12080865093189606, 
        "fit": "average_SEM", 
        "value": -0.0997999536494414
    }, 
    "L1": {
        "error": 0.14667097734622828, 
        "fit": "average_SEM", 
        "value": -0.09267834918573499
    }, 
    "L2": {
        "error": 0.12759407365709483, 
        "fit": "average_SEM", 
        "value": -0.11368458719160925
    }
}