{
    "AX": {
        "error": 0.057134046049880864, 
        "fit": "average_SEM", 
        "value": -0.03799319316135047
    }, 
    "CDD": {
        "error": 4.1871320434481716e-05, 
        "fit": "average_SEM", 
        "value": 1.2092062388546764e-05
    }, 
    "H1": {
        "error": 0.1392379351308372, 
        "fit": "average_SEM", 
        "value": 0.007425888868035852
    }, 
    "H2": {
        "error": 0.11260918727160595, 
        "fit": "average_SEM", 
        "value": -0.11243897180797326
    }, 
    "L1": {
        "error": 0.12298581067641354, 
        "fit": "average_SEM", 
        "value": -0.09841091754755729
    }, 
    "L2": {
        "error": 0.14652587321105107, 
        "fit": "average_SEM", 
        "value": -0.10097097242057013
    }
}