{
    "AX": {
        "error": 0.06082609019204788, 
        "fit": "average_SEM", 
        "value": -0.03553532255722934
    }, 
    "CDD": {
        "error": 0.00014698909556800385, 
        "fit": "average_SEM", 
        "value": 0.00012092062614909891
    }, 
    "H1": {
        "error": 0.13006084497623505, 
        "fit": "average_SEM", 
        "value": 0.042897906821842
    }, 
    "H2": {
        "error": 0.12274778667433402, 
        "fit": "average_SEM", 
        "value": -0.09941836909856647
    }, 
    "L1": {
        "error": 0.13653259745309151, 
        "fit": "average_SEM", 
        "value": -0.115324584824945
    }, 
    "L2": {
        "error": 0.13651886515337108, 
        "fit": "average_SEM", 
        "value": -0.10741269034656903
    }
}