{
    "AX": {
        "error": 0.060560633689865424, 
        "fit": "average_SEM", 
        "value": -0.028449853707570583
    }, 
    "CDD": {
        "error": 9.489165037095965e-05, 
        "fit": "average_SEM", 
        "value": 5.8732874458655714e-05
    }, 
    "H1": {
        "error": 0.11585714278898201, 
        "fit": "average_SEM", 
        "value": 0.0075537509453069
    }, 
    "H2": {
        "error": 0.12123339715754886, 
        "fit": "average_SEM", 
        "value": -0.10367815388987461
    }, 
    "L1": {
        "error": 0.13337511420715145, 
        "fit": "average_SEM", 
        "value": -0.09371525779004312
    }, 
    "L2": {
        "error": 0.11556958081246198, 
        "fit": "average_SEM", 
        "value": -0.10156556583113141
    }
}