{
    "AX": {
        "error": 0.05651366320548603, 
        "fit": "average_SEM", 
        "value": -0.036489429151535864
    }, 
    "CDD": {
        "error": 0.00013555064481086414, 
        "fit": "average_SEM", 
        "value": 0.00013646756253567422
    }, 
    "H1": {
        "error": 0.12836120687076547, 
        "fit": "average_SEM", 
        "value": 0.029671306786217932
    }, 
    "H2": {
        "error": 0.12919219612948685, 
        "fit": "average_SEM", 
        "value": -0.3559434902336862
    }, 
    "L1": {
        "error": 0.13541218506970487, 
        "fit": "average_SEM", 
        "value": -0.08588904037864672
    }, 
    "L2": {
        "error": 0.14542461463280992, 
        "fit": "average_SEM", 
        "value": -0.10399851132468838
    }
}