{
    "AX": {
        "error": 0.05920236984547365, 
        "fit": "average_SEM", 
        "value": -0.034072825522889615
    }, 
    "CDD": {
        "error": 0.0001613180565225642, 
        "fit": "average_SEM", 
        "value": 0.0001623791260903494
    }, 
    "H1": {
        "error": 0.11692939626450666, 
        "fit": "average_SEM", 
        "value": 0.02617869104206976
    }, 
    "H2": {
        "error": 0.1257580186826177, 
        "fit": "average_SEM", 
        "value": -0.09239730548320545
    }, 
    "L1": {
        "error": 0.1306393081533833, 
        "fit": "average_SEM", 
        "value": -0.10082027602992538
    }, 
    "L2": {
        "error": 0.13678639581598798, 
        "fit": "average_SEM", 
        "value": -0.12381830644638588
    }
}