{
    "AX": {
        "error": 0.060885522336196714, 
        "fit": "average_SEM", 
        "value": -0.031120672752149404
    }, 
    "CDD": {
        "error": 8.713324916477691e-05, 
        "fit": "average_SEM", 
        "value": 6.564262439496815e-05
    }, 
    "H1": {
        "error": 0.12198866574614713, 
        "fit": "average_SEM", 
        "value": 0.01992530285820572
    }, 
    "H2": {
        "error": 0.1308865786327963, 
        "fit": "average_SEM", 
        "value": -0.3565354853868484
    }, 
    "L1": {
        "error": 0.13476174217343545, 
        "fit": "average_SEM", 
        "value": -0.07192651364021004
    }, 
    "L2": {
        "error": 0.14998031395979688, 
        "fit": "average_SEM", 
        "value": -0.12679185498273
    }
}