{
    "AX": {
        "error": 0.06293829248621644, 
        "fit": "average_SEM", 
        "value": -0.02809510450076939
    }, 
    "CDD": {
        "error": 0.00015494443887169207, 
        "fit": "average_SEM", 
        "value": 0.00013474012634509967
    }, 
    "H1": {
        "error": 0.1180487634774207, 
        "fit": "average_SEM", 
        "value": 0.030093230449387595
    }, 
    "H2": {
        "error": 0.10958788109653168, 
        "fit": "average_SEM", 
        "value": -0.3719840846127934
    }, 
    "L1": {
        "error": 0.1476974891600678, 
        "fit": "average_SEM", 
        "value": -0.08678294010977779
    }, 
    "L2": {
        "error": 0.1417820751782279, 
        "fit": "average_SEM", 
        "value": -0.10369135062727663
    }
}