{
    "AX": {
        "error": 0.05983717754954972, 
        "fit": "average_SEM", 
        "value": -0.038931048781766245
    }, 
    "CDD": {
        "error": 0.00012071387653870731, 
        "fit": "average_SEM", 
        "value": 0.00010537368685214056
    }, 
    "H1": {
        "error": 0.12714921080750508, 
        "fit": "average_SEM", 
        "value": 0.03956158633421485
    }, 
    "H2": {
        "error": 0.13532356705823279, 
        "fit": "average_SEM", 
        "value": -0.3651105768694025
    }, 
    "L1": {
        "error": 0.13845781225356776, 
        "fit": "average_SEM", 
        "value": -0.07024395287606038
    }, 
    "L2": {
        "error": 0.13844681876629397, 
        "fit": "average_SEM", 
        "value": -0.09331742504922053
    }
}