{
    "AX": {
        "error": 0.056327842871713926, 
        "fit": "average_SEM", 
        "value": -0.03621425800956786
    }, 
    "CDD": {
        "error": 0.00012883961866996506, 
        "fit": "average_SEM", 
        "value": 0.00011573831305011279
    }, 
    "H1": {
        "error": 0.12126300447441857, 
        "fit": "average_SEM", 
        "value": 0.02062882656335003
    }, 
    "H2": {
        "error": 0.12381428939042723, 
        "fit": "average_SEM", 
        "value": -0.35639068191198425
    }, 
    "L1": {
        "error": 0.1226540807903151, 
        "fit": "average_SEM", 
        "value": -0.07308361508120369
    }, 
    "L2": {
        "error": 0.11720211399410096, 
        "fit": "average_SEM", 
        "value": -0.10550344290936159
    }
}