{
    "AX": {
        "error": 0.05602023002952637, 
        "fit": "average_SEM", 
        "value": -0.031840031265811475
    }, 
    "CDD": {
        "error": 0.00014472369120464946, 
        "fit": "average_SEM", 
        "value": 0.00013301268853764566
    }, 
    "H1": {
        "error": 0.1479496779489013, 
        "fit": "average_SEM", 
        "value": 0.044745188588017806
    }, 
    "H2": {
        "error": 0.1338842659262644, 
        "fit": "average_SEM", 
        "value": -0.3761554928910401
    }, 
    "L1": {
        "error": 0.13828228454555622, 
        "fit": "average_SEM", 
        "value": -0.09475653491810793
    }, 
    "L2": {
        "error": 0.13842511381695724, 
        "fit": "average_SEM", 
        "value": -0.10379982529621985
    }
}