{
    "AX": {
        "error": 0.05699774884306844, 
        "fit": "average_SEM", 
        "value": -0.03734364453056413
    }, 
    "CDD": {
        "error": 0.00012603365978226198, 
        "fit": "average_SEM", 
        "value": 7.94621255610966e-05
    }, 
    "H1": {
        "error": 0.12683094323124902, 
        "fit": "average_SEM", 
        "value": 0.038090539887909676
    }, 
    "H2": {
        "error": 0.11206838783098398, 
        "fit": "average_SEM", 
        "value": -0.3274828998164998
    }, 
    "L1": {
        "error": 0.1535706108959761, 
        "fit": "average_SEM", 
        "value": -0.07398706737440079
    }, 
    "L2": {
        "error": 0.11885131975061089, 
        "fit": "average_SEM", 
        "value": -0.11535790919297143
    }
}