{
    "AX": {
        "error": 0.05704271632730415, 
        "fit": "average_SEM", 
        "value": -0.03868462909740629
    }, 
    "CDD": {
        "error": 0.0001072097002272899, 
        "fit": "average_SEM", 
        "value": 8.464443704320325e-05
    }, 
    "H1": {
        "error": 0.1275198093447162, 
        "fit": "average_SEM", 
        "value": 0.05599530154140666
    }, 
    "H2": {
        "error": 0.13359422599687298, 
        "fit": "average_SEM", 
        "value": -0.367684344533417
    }, 
    "L1": {
        "error": 0.12759131178197294, 
        "fit": "average_SEM", 
        "value": -0.0853910375567567
    }, 
    "L2": {
        "error": 0.14457582953573136, 
        "fit": "average_SEM", 
        "value": -0.09708923139195476
    }
}