{
    "AX": {
        "error": 0.054962566627946574, 
        "fit": "average_SEM", 
        "value": -0.03230289101451894
    }, 
    "CDD": {
        "error": 0.00015642719701987475, 
        "fit": "average_SEM", 
        "value": 0.00019174556493655674
    }, 
    "H1": {
        "error": 0.1297397067148777, 
        "fit": "average_SEM", 
        "value": 0.06348408428796877
    }, 
    "H2": {
        "error": 0.1328597497738852, 
        "fit": "average_SEM", 
        "value": -0.37319991580314105
    }, 
    "L1": {
        "error": 0.13125560769759448, 
        "fit": "average_SEM", 
        "value": -0.06407661904943072
    }, 
    "L2": {
        "error": 0.13482818671394614, 
        "fit": "average_SEM", 
        "value": -0.11223837065820892
    }
}