{
    "AX": {
        "error": 0.060147497382757306, 
        "fit": "average_SEM", 
        "value": -0.03360560885307172
    }, 
    "CDD": {
        "error": 0.00011042642807262616, 
        "fit": "average_SEM", 
        "value": 9.846393723920402e-05
    }, 
    "H1": {
        "error": 0.12182414974993512, 
        "fit": "average_SEM", 
        "value": 0.03895134903594023
    }, 
    "H2": {
        "error": 0.14088339226814273, 
        "fit": "average_SEM", 
        "value": -0.3215077172136969
    }, 
    "L1": {
        "error": 0.13241795411259713, 
        "fit": "average_SEM", 
        "value": -0.05401327989529818
    }, 
    "L2": {
        "error": 0.12307120537376255, 
        "fit": "average_SEM", 
        "value": -0.09742562938093519
    }
}