{
    "AX": {
        "error": 0.0571991761407036, 
        "fit": "average_SEM", 
        "value": -0.037797556887380776
    }, 
    "CDD": {
        "error": 0.00011909061212750515, 
        "fit": "average_SEM", 
        "value": 6.909750000987616e-05
    }, 
    "H1": {
        "error": 0.11879845270190291, 
        "fit": "average_SEM", 
        "value": 0.032533908160662074
    }, 
    "H2": {
        "error": 0.13098514269586192, 
        "fit": "average_SEM", 
        "value": -0.3772935451939702
    }, 
    "L1": {
        "error": 0.13184525522240678, 
        "fit": "average_SEM", 
        "value": -0.08382730380011101
    }, 
    "L2": {
        "error": 0.12121339997374282, 
        "fit": "average_SEM", 
        "value": -0.09892723974771797
    }
}