{
    "AX": {
        "error": 0.04918065385175634, 
        "fit": "average_SEM", 
        "value": -0.045240280486177654
    }, 
    "CDD": {
        "error": 0.0001500469348371255, 
        "fit": "average_SEM", 
        "value": 0.00010882856343717625
    }, 
    "H1": {
        "error": 0.13414378248933073, 
        "fit": "average_SEM", 
        "value": 0.05413745117063324
    }, 
    "H2": {
        "error": 0.14606247531700522, 
        "fit": "average_SEM", 
        "value": -0.35950546744796963
    }, 
    "L1": {
        "error": 0.12929321030700217, 
        "fit": "average_SEM", 
        "value": -0.09177728473118299
    }, 
    "L2": {
        "error": 0.14330615570339802, 
        "fit": "average_SEM", 
        "value": -0.11605903340451833
    }
}