{
    "AX": {
        "error": 0.05804554454817298, 
        "fit": "average_SEM", 
        "value": -0.040651812510299756
    }, 
    "CDD": {
        "error": 0.0001136981320996399, 
        "fit": "average_SEM", 
        "value": 9.328162478696968e-05
    }, 
    "H1": {
        "error": 0.12359509067785125, 
        "fit": "average_SEM", 
        "value": 0.03415161408095931
    }, 
    "H2": {
        "error": 0.13657498318104108, 
        "fit": "average_SEM", 
        "value": -0.3744562631679906
    }, 
    "L1": {
        "error": 0.12183578270216125, 
        "fit": "average_SEM", 
        "value": -0.05864320620732744
    }, 
    "L2": {
        "error": 0.14150347276703126, 
        "fit": "average_SEM", 
        "value": -0.1062593276366695
    }
}