{
    "AX": {
        "error": 0.05125193146665433, 
        "fit": "average_SEM", 
        "value": -0.04937658185695505
    }, 
    "CDD": {
        "error": 9.803548663448513e-05, 
        "fit": "average_SEM", 
        "value": 6.0460311942733824e-05
    }, 
    "H1": {
        "error": 0.14836812465095583, 
        "fit": "average_SEM", 
        "value": 0.009842470426681555
    }, 
    "H2": {
        "error": 0.1294358950056596, 
        "fit": "average_SEM", 
        "value": -0.3888459666321675
    }, 
    "L1": {
        "error": 0.16726048473121222, 
        "fit": "average_SEM", 
        "value": -0.08899510907423165
    }, 
    "L2": {
        "error": 0.13265601152050605, 
        "fit": "average_SEM", 
        "value": -0.021798205338806536
    }
}