{
    "AX": {
        "error": 0.0667013480368449, 
        "fit": "average_SEM", 
        "value": -0.04946199800405238
    }, 
    "CDD": {
        "error": 0.00013704506472676396, 
        "fit": "average_SEM", 
        "value": 0.00012783037576203545
    }, 
    "H1": {
        "error": 0.1208600296896045, 
        "fit": "average_SEM", 
        "value": 0.025047382235061377
    }, 
    "H2": {
        "error": 0.12231703019632728, 
        "fit": "average_SEM", 
        "value": -0.34019552728989055
    }, 
    "L1": {
        "error": 0.14787231719695346, 
        "fit": "average_SEM", 
        "value": -0.10037589947783596
    }, 
    "L2": {
        "error": 0.1364945043254558, 
        "fit": "average_SEM", 
        "value": 0.02277110834580122
    }
}