{
    "AX": {
        "error": 0.053620307870009695, 
        "fit": "average_SEM", 
        "value": -0.0549801351606018
    }, 
    "CDD": {
        "error": 0.00014749120240461342, 
        "fit": "average_SEM", 
        "value": 0.0001399224381505822
    }, 
    "H1": {
        "error": 0.135152141796569, 
        "fit": "average_SEM", 
        "value": 0.023044461482883586
    }, 
    "H2": {
        "error": 0.13667093957987494, 
        "fit": "average_SEM", 
        "value": -0.339928545927008
    }, 
    "L1": {
        "error": 0.1497753576846169, 
        "fit": "average_SEM", 
        "value": -0.0872086336163597
    }, 
    "L2": {
        "error": 0.1491338927320052, 
        "fit": "average_SEM", 
        "value": 0.023280197599281866
    }
}