{
    "AX": {
        "error": 0.051913894981417213, 
        "fit": "average_SEM", 
        "value": -0.05471984022167615
    }, 
    "CDD": {
        "error": 0.00010905154248549596, 
        "fit": "average_SEM", 
        "value": 6.391518723426593e-05
    }, 
    "H1": {
        "error": 0.1387030112737863, 
        "fit": "average_SEM", 
        "value": 0.045820560828886095
    }, 
    "H2": {
        "error": 0.1410966206505039, 
        "fit": "average_SEM", 
        "value": -0.3505022727366951
    }, 
    "L1": {
        "error": 0.1962655421292696, 
        "fit": "average_SEM", 
        "value": -0.057657701708376405
    }, 
    "L2": {
        "error": 0.13111276561828433, 
        "fit": "average_SEM", 
        "value": 0.014314899334890975
    }
}