{
    "AX": {
        "error": 0.06833192075056427, 
        "fit": "average_SEM", 
        "value": -0.05144934794795215
    }, 
    "CDD": {
        "error": 0.00011471537850560466, 
        "fit": "average_SEM", 
        "value": 7.427981246211049e-05
    }, 
    "H1": {
        "error": 0.12772081168818972, 
        "fit": "average_SEM", 
        "value": 0.032740336707663825
    }, 
    "H2": {
        "error": 0.14072598837450428, 
        "fit": "average_SEM", 
        "value": -0.34914535155726806
    }, 
    "L1": {
        "error": 0.1352751987539379, 
        "fit": "average_SEM", 
        "value": -0.06229397965491646
    }, 
    "L2": {
        "error": 0.14938022874459927, 
        "fit": "average_SEM", 
        "value": 0.023092877538874745
    }
}