{
    "AX": {
        "error": 0.05309267841373819, 
        "fit": "average_SEM", 
        "value": -0.05153522312951585
    }, 
    "CDD": {
        "error": 0.0001756892563672115, 
        "fit": "average_SEM", 
        "value": 0.0002055650661026852
    }, 
    "H1": {
        "error": 0.1294853081041584, 
        "fit": "average_SEM", 
        "value": 0.06172149804802353
    }, 
    "H2": {
        "error": 0.11675569686111101, 
        "fit": "average_SEM", 
        "value": -0.34114445779058666
    }, 
    "L1": {
        "error": 0.15218859611098398, 
        "fit": "average_SEM", 
        "value": -0.06744495333081836
    }, 
    "L2": {
        "error": 0.13187851955749125, 
        "fit": "average_SEM", 
        "value": 0.03343745034783044
    }
}