{
    "AX": {
        "error": 0.055725798566185654, 
        "fit": "average_SEM", 
        "value": -0.06489763103891164
    }, 
    "CDD": {
        "error": 0.00011939428602171222, 
        "fit": "average_SEM", 
        "value": 7.946212491434481e-05
    }, 
    "H1": {
        "error": 0.13072074639249048, 
        "fit": "average_SEM", 
        "value": 0.034947583797232555
    }, 
    "H2": {
        "error": 0.15405528362955145, 
        "fit": "average_SEM", 
        "value": -0.3528612621956401
    }, 
    "L1": {
        "error": 0.160025725316913, 
        "fit": "average_SEM", 
        "value": -0.05678356994434984
    }, 
    "L2": {
        "error": 0.14036981871847462, 
        "fit": "average_SEM", 
        "value": 0.010671622156708811
    }
}