{
    "AX": {
        "error": 0.06425006792834671, 
        "fit": "average_SEM", 
        "value": -0.03918272873723051
    }, 
    "CDD": {
        "error": 0.00012154841758951506, 
        "fit": "average_SEM", 
        "value": 8.291700020587692e-05
    }, 
    "H1": {
        "error": 0.143253696596804, 
        "fit": "average_SEM", 
        "value": 0.04758939169502507
    }, 
    "H2": {
        "error": 0.1534266257961551, 
        "fit": "average_SEM", 
        "value": -0.344500624988642
    }, 
    "L1": {
        "error": 0.16369480206758408, 
        "fit": "average_SEM", 
        "value": -0.0674542371287114
    }, 
    "L2": {
        "error": 0.1332474271459332, 
        "fit": "average_SEM", 
        "value": 0.01984687393479463
    }
}