{
    "AX": {
        "error": 0.058375447695063296, 
        "fit": "average_SEM", 
        "value": -0.058190464646193304
    }, 
    "CDD": {
        "error": 9.696775062408368e-05, 
        "fit": "average_SEM", 
        "value": 5.527799981387539e-05
    }, 
    "H1": {
        "error": 0.10819583892930275, 
        "fit": "average_SEM", 
        "value": 0.0157775878181888
    }, 
    "H2": {
        "error": 0.16167739851844337, 
        "fit": "average_SEM", 
        "value": -0.37038062152763207
    }, 
    "L1": {
        "error": 0.19126655526572373, 
        "fit": "average_SEM", 
        "value": -0.0816194510139111
    }, 
    "L2": {
        "error": 0.14051961812223313, 
        "fit": "average_SEM", 
        "value": 0.036231144828101
    }
}