{
    "AX": {
        "error": 0.057403304659154525, 
        "fit": "average_SEM", 
        "value": -0.04506769274852963
    }, 
    "CDD": {
        "error": 0.00016846435232626414, 
        "fit": "average_SEM", 
        "value": 0.0001813809406788399
    }, 
    "H1": {
        "error": 0.12224903382511464, 
        "fit": "average_SEM", 
        "value": 0.03660059111296303
    }, 
    "H2": {
        "error": 0.16348994580233245, 
        "fit": "average_SEM", 
        "value": -0.3442981402700146
    }, 
    "L1": {
        "error": 0.14668896805466564, 
        "fit": "average_SEM", 
        "value": -0.07502151216095727
    }, 
    "L2": {
        "error": 0.14125160703896666, 
        "fit": "average_SEM", 
        "value": 0.02402031317081613
    }
}