{
    "AX": {
        "error": 0.05180376731897236, 
        "fit": "average_SEM", 
        "value": -0.04882746587714387
    }, 
    "CDD": {
        "error": 0.00015103914057592818, 
        "fit": "average_SEM", 
        "value": 0.000155469376154037
    }, 
    "H1": {
        "error": 0.11551652080986663, 
        "fit": "average_SEM", 
        "value": 0.029604709880530006
    }, 
    "H2": {
        "error": 0.1584769477774919, 
        "fit": "average_SEM", 
        "value": -0.35182870061447225
    }, 
    "L1": {
        "error": 0.1591767419279102, 
        "fit": "average_SEM", 
        "value": -0.07029510994131366
    }, 
    "L2": {
        "error": 0.13672197859666171, 
        "fit": "average_SEM", 
        "value": 0.02053246376777275
    }
}