{
    "AX": {
        "error": 0.059235044583374696, 
        "fit": "average_SEM", 
        "value": -0.05248372403697835
    }, 
    "CDD": {
        "error": 0.00011859548237190754, 
        "fit": "average_SEM", 
        "value": 9.155418697951569e-05
    }, 
    "H1": {
        "error": 0.13395343437422055, 
        "fit": "average_SEM", 
        "value": 0.03550396182367371
    }, 
    "H2": {
        "error": 0.13427224726560755, 
        "fit": "average_SEM", 
        "value": -0.36146850544545384
    }, 
    "L1": {
        "error": 0.1335187101778781, 
        "fit": "average_SEM", 
        "value": -0.06893358844237
    }, 
    "L2": {
        "error": 0.14268836044388478, 
        "fit": "average_SEM", 
        "value": 0.0019525841214797562
    }
}