{
    "AX": {
        "error": 0.05299399459908115, 
        "fit": "average_SEM", 
        "value": -0.057288285618415105
    }, 
    "CDD": {
        "error": 0.00014703014668660555, 
        "fit": "average_SEM", 
        "value": 0.00011401087524265879
    }, 
    "H1": {
        "error": 0.13272730349561043, 
        "fit": "average_SEM", 
        "value": 0.015675976156489923
    }, 
    "H2": {
        "error": 0.12602962191184935, 
        "fit": "average_SEM", 
        "value": -0.354309617034677
    }, 
    "L1": {
        "error": 0.16234195604026805, 
        "fit": "average_SEM", 
        "value": -0.0853628434040325
    }, 
    "L2": {
        "error": 0.14333600140279576, 
        "fit": "average_SEM", 
        "value": 0.039279837670296226
    }
}