{
    "AX": {
        "error": 0.06369656176557552, 
        "fit": "average_SEM", 
        "value": -0.04803785602044728
    }, 
    "CDD": {
        "error": 0.0001441386919536104, 
        "fit": "average_SEM", 
        "value": 0.00012955781292273768
    }, 
    "H1": {
        "error": 0.1201780901367864, 
        "fit": "average_SEM", 
        "value": 0.03547860847595277
    }, 
    "H2": {
        "error": 0.13592952893622096, 
        "fit": "average_SEM", 
        "value": -0.34250862151384354
    }, 
    "L1": {
        "error": 0.17498128959379178, 
        "fit": "average_SEM", 
        "value": -0.09389476781814463
    }, 
    "L2": {
        "error": 0.14351792956718, 
        "fit": "average_SEM", 
        "value": 0.02405891453899029
    }
}