{
    "AX": {
        "error": 0.06768507766245169, 
        "fit": "average_SEM", 
        "value": -0.05725155009325438
    }, 
    "CDD": {
        "error": 0.00011455744072945629, 
        "fit": "average_SEM", 
        "value": 8.464443736657914e-05
    }, 
    "H1": {
        "error": 0.12712531182867254, 
        "fit": "average_SEM", 
        "value": 0.02344482438121405
    }, 
    "H2": {
        "error": 0.13483389171722318, 
        "fit": "average_SEM", 
        "value": -0.3331418595173293
    }, 
    "L1": {
        "error": 0.18728163719217086, 
        "fit": "average_SEM", 
        "value": -0.09547482254242318
    }, 
    "L2": {
        "error": 0.1352247970373267, 
        "fit": "average_SEM", 
        "value": 0.028640478611406353
    }
}