{
    "AX": {
        "error": 0.057672945638157, 
        "fit": "average_SEM", 
        "value": -0.053083660598430366
    }, 
    "CDD": {
        "error": 0.00011225581421783502, 
        "fit": "average_SEM", 
        "value": 8.291699988250103e-05
    }, 
    "H1": {
        "error": 0.15594657709047566, 
        "fit": "average_SEM", 
        "value": 0.028754204507761946
    }, 
    "H2": {
        "error": 0.12878840072161338, 
        "fit": "average_SEM", 
        "value": -0.34629254589478176
    }, 
    "L1": {
        "error": 0.15284274218350197, 
        "fit": "average_SEM", 
        "value": -0.07724910455031528
    }, 
    "L2": {
        "error": 0.13284137234961105, 
        "fit": "average_SEM", 
        "value": 0.02487939956813029
    }
}