{
    "AX": {
        "error": 0.05940759224177004, 
        "fit": "average_SEM", 
        "value": -0.04569020064534723
    }, 
    "CDD": {
        "error": 0.00012831155875957646, 
        "fit": "average_SEM", 
        "value": 0.00010019137504665801
    }, 
    "H1": {
        "error": 0.11535971538141647, 
        "fit": "average_SEM", 
        "value": 0.02126403134768932
    }, 
    "H2": {
        "error": 0.1253605964089745, 
        "fit": "average_SEM", 
        "value": -0.3313918357921971
    }, 
    "L1": {
        "error": 0.13399163712568968, 
        "fit": "average_SEM", 
        "value": -0.0970011510925057
    }, 
    "L2": {
        "error": 0.12142815902104175, 
        "fit": "average_SEM", 
        "value": 0.04192878411655935
    }
}