{
    "AX": {
        "error": 0.05442161075534852, 
        "fit": "average_SEM", 
        "value": -0.048689865639769576
    }, 
    "CDD": {
        "error": 0.00015382054154643244, 
        "fit": "average_SEM", 
        "value": 0.00011573831369686458
    }, 
    "H1": {
        "error": 0.11746501557388585, 
        "fit": "average_SEM", 
        "value": 0.035517751976537205
    }, 
    "H2": {
        "error": 0.1467638303982768, 
        "fit": "average_SEM", 
        "value": -0.324412894455923
    }, 
    "L1": {
        "error": 0.16739134830888872, 
        "fit": "average_SEM", 
        "value": -0.06614631555146641
    }, 
    "L2": {
        "error": 0.12913003974597917, 
        "fit": "average_SEM", 
        "value": 0.0392478980589658
    }
}