{
    "AX": {
        "error": 0.06305237998236961, 
        "fit": "average_SEM", 
        "value": -0.05257255074943209
    }, 
    "CDD": {
        "error": 0.00016611036062319805, 
        "fit": "average_SEM", 
        "value": 0.00016583400235200922
    }, 
    "H1": {
        "error": 0.14904254694125874, 
        "fit": "average_SEM", 
        "value": 0.040563154856984814
    }, 
    "H2": {
        "error": 0.13925882448605614, 
        "fit": "average_SEM", 
        "value": -0.3468934954971903
    }, 
    "L1": {
        "error": 0.14773382678953814, 
        "fit": "average_SEM", 
        "value": -0.05776903986827367
    }, 
    "L2": {
        "error": 0.13486622975008425, 
        "fit": "average_SEM", 
        "value": 0.027640749391220097
    }
}