{
    "AX": {
        "error": 0.05816482365326641, 
        "fit": "average_SEM", 
        "value": -0.04888319897246321
    }, 
    "CDD": {
        "error": 0.000178043711701274, 
        "fit": "average_SEM", 
        "value": 0.00016410656422117932
    }, 
    "H1": {
        "error": 0.13036111781887996, 
        "fit": "average_SEM", 
        "value": 0.05136764298141416
    }, 
    "H2": {
        "error": 0.13681007216629948, 
        "fit": "average_SEM", 
        "value": -0.36239968784567383
    }, 
    "L1": {
        "error": 0.13366292791944193, 
        "fit": "average_SEM", 
        "value": -0.07433142966409731
    }, 
    "L2": {
        "error": 0.1575561112280286, 
        "fit": "average_SEM", 
        "value": 0.01623447616261223
    }
}