{
    "AX": {
        "error": 0.05462398965341495, 
        "fit": "average_SEM", 
        "value": -0.04751410001707781
    }, 
    "CDD": {
        "error": 0.00011392350043350053, 
        "fit": "average_SEM", 
        "value": 6.391518755764184e-05
    }, 
    "H1": {
        "error": 0.12348874520846362, 
        "fit": "average_SEM", 
        "value": 0.04632548562302771
    }, 
    "H2": {
        "error": 0.13848490084947082, 
        "fit": "average_SEM", 
        "value": -0.3465682620803515
    }, 
    "L1": {
        "error": 0.1502426652820292, 
        "fit": "average_SEM", 
        "value": -0.06691924496295137
    }, 
    "L2": {
        "error": 0.13890090979489964, 
        "fit": "average_SEM", 
        "value": 0.04288279287930992
    }
}