{
    "AX": {
        "error": 0.059096970903362245, 
        "fit": "average_SEM", 
        "value": -0.04946422871564411
    }, 
    "CDD": {
        "error": 7.786074573592886e-05, 
        "fit": "average_SEM", 
        "value": 5.355056200642139e-05
    }, 
    "H1": {
        "error": 0.12808057706130127, 
        "fit": "average_SEM", 
        "value": 0.04890552143074779
    }, 
    "H2": {
        "error": 0.1520057910616948, 
        "fit": "average_SEM", 
        "value": -0.35770328690608344
    }, 
    "L1": {
        "error": 0.1407475421304351, 
        "fit": "average_SEM", 
        "value": -0.10248698997311294
    }, 
    "L2": {
        "error": 0.13386515952159922, 
        "fit": "average_SEM", 
        "value": 0.03813939488285945
    }
}