{
    "AX": {
        "error": 0.0626301762114312, 
        "fit": "average_SEM", 
        "value": -0.04900805423708839
    }, 
    "CDD": {
        "error": 0.00010958979805881025, 
        "fit": "average_SEM", 
        "value": 6.909749936312437e-05
    }, 
    "H1": {
        "error": 0.12255849973635954, 
        "fit": "average_SEM", 
        "value": 0.02389413198300948
    }, 
    "H2": {
        "error": 0.1649931910055738, 
        "fit": "average_SEM", 
        "value": -0.3323294893734985
    }, 
    "L1": {
        "error": 0.1794986986586894, 
        "fit": "average_SEM", 
        "value": -0.048783212561263806
    }, 
    "L2": {
        "error": 0.13920682441279508, 
        "fit": "average_SEM", 
        "value": 0.03578240616609239
    }
}