{
    "AX": {
        "error": 0.06284260204888112, 
        "fit": "average_SEM", 
        "value": -0.0628084114293516
    }, 
    "CDD": {
        "error": 0.0001964476829448736, 
        "fit": "average_SEM", 
        "value": 0.00019174556590668444
    }, 
    "H1": {
        "error": 0.12573604774353633, 
        "fit": "average_SEM", 
        "value": 0.057380127609293494
    }, 
    "H2": {
        "error": 0.15271941848349194, 
        "fit": "average_SEM", 
        "value": -0.36304852288837236
    }, 
    "L1": {
        "error": 0.12980241499511666, 
        "fit": "average_SEM", 
        "value": -0.07780260578729212
    }, 
    "L2": {
        "error": 0.129053176959706, 
        "fit": "average_SEM", 
        "value": 0.03363949719973284
    }
}