{
    "AX": {
        "error": 0.054741501656323854, 
        "fit": "average_SEM", 
        "value": -0.05132919342690406
    }, 
    "CDD": {
        "error": 9.97291671321218e-05, 
        "fit": "average_SEM", 
        "value": 5.52779994904995e-05
    }, 
    "H1": {
        "error": 0.12181232441215094, 
        "fit": "average_SEM", 
        "value": 0.043182196421548726
    }, 
    "H2": {
        "error": 0.1576010725451449, 
        "fit": "average_SEM", 
        "value": -0.3274022521942647
    }, 
    "L1": {
        "error": 0.1581880845988478, 
        "fit": "average_SEM", 
        "value": -0.04753655239732729
    }, 
    "L2": {
        "error": 0.14016740104349423, 
        "fit": "average_SEM", 
        "value": 0.01600908866773049
    }
}