{
    "AX": {
        "error": 0.06259766057524357, 
        "fit": "average_SEM", 
        "value": -0.048909235497315726
    }, 
    "CDD": {
        "error": 0.00012116299955603183, 
        "fit": "average_SEM", 
        "value": 0.00011228343678845299
    }, 
    "H1": {
        "error": 0.11266941836338956, 
        "fit": "average_SEM", 
        "value": 0.04820066638446103
    }, 
    "H2": {
        "error": 0.12147683140510752, 
        "fit": "average_SEM", 
        "value": -0.34700550797084967
    }, 
    "L1": {
        "error": 0.12173714635524177, 
        "fit": "average_SEM", 
        "value": -0.06745024024793464
    }, 
    "L2": {
        "error": 0.138670879936397, 
        "fit": "average_SEM", 
        "value": 0.04399460153912919
    }
}