{
    "AX": {
        "error": 0.05964133414348352, 
        "fit": "average_SEM", 
        "value": -0.049316444850733714
    }, 
    "CDD": {
        "error": 9.950197608495907e-05, 
        "fit": "average_SEM", 
        "value": 7.42798118153587e-05
    }, 
    "H1": {
        "error": 0.13195480873213833, 
        "fit": "average_SEM", 
        "value": 0.01846855602149541
    }, 
    "H2": {
        "error": 0.1416278094026584, 
        "fit": "average_SEM", 
        "value": -0.07928501990520292
    }, 
    "L1": {
        "error": 0.1228654390403808, 
        "fit": "average_SEM", 
        "value": -0.07102203580046383
    }, 
    "L2": {
        "error": 0.13263380813177092, 
        "fit": "average_SEM", 
        "value": 0.023842769565655748
    }
}