{
    "AX": {
        "error": 0.06341872471142421, 
        "fit": "average_SEM", 
        "value": -0.04434013543812196
    }, 
    "CDD": {
        "error": 8.223364085947016e-05, 
        "fit": "average_SEM", 
        "value": 4.664081207010895e-05
    }, 
    "H1": {
        "error": 0.12670333072492637, 
        "fit": "average_SEM", 
        "value": 0.02128511037444696
    }, 
    "H2": {
        "error": 0.1365573653652339, 
        "fit": "average_SEM", 
        "value": -0.34746506851580405
    }, 
    "L1": {
        "error": 0.16340763609496442, 
        "fit": "average_SEM", 
        "value": -0.05469898734849671
    }, 
    "L2": {
        "error": 0.150910635100561, 
        "fit": "average_SEM", 
        "value": 0.034039019431091014
    }
}