{
    "AX": {
        "error": 0.049965606761356605, 
        "fit": "average_SEM", 
        "value": -0.05494569750864887
    }, 
    "CDD": {
        "error": 0.00016086849666436135, 
        "fit": "average_SEM", 
        "value": 0.0001416498775749157
    }, 
    "H1": {
        "error": 0.11666419682714309, 
        "fit": "average_SEM", 
        "value": 0.04813717411727541
    }, 
    "H2": {
        "error": 0.1643103050015953, 
        "fit": "average_SEM", 
        "value": -0.07515337932078789
    }, 
    "L1": {
        "error": 0.15947117145617026, 
        "fit": "average_SEM", 
        "value": -0.07963155999362546
    }, 
    "L2": {
        "error": 0.15880449330589125, 
        "fit": "average_SEM", 
        "value": 0.02311067928175261
    }
}