{
    "AX": {
        "error": 0.057254862161609896, 
        "fit": "average_SEM", 
        "value": -0.0507277544018709
    }, 
    "CDD": {
        "error": 0.0001370450639188685, 
        "fit": "average_SEM", 
        "value": 0.00012783037543865955
    }, 
    "H1": {
        "error": 0.13919584503710894, 
        "fit": "average_SEM", 
        "value": 0.02821870090621006
    }, 
    "H2": {
        "error": 0.14202783359682195, 
        "fit": "average_SEM", 
        "value": -0.07883423179801967
    }, 
    "L1": {
        "error": 0.16727435316083378, 
        "fit": "average_SEM", 
        "value": -0.0510144190552334
    }, 
    "L2": {
        "error": 0.14220979600565445, 
        "fit": "average_SEM", 
        "value": 0.013751558467952741
    }
}