{
    "AX": {
        "error": 0.047434975640333533, 
        "fit": "average_SEM", 
        "value": -0.05911373985646706
    }, 
    "CDD": {
        "error": 0.00015168706047001022, 
        "fit": "average_SEM", 
        "value": 0.00016410656389780341
    }, 
    "H1": {
        "error": 0.12753153453522495, 
        "fit": "average_SEM", 
        "value": 0.039507989364210516
    }, 
    "H2": {
        "error": 0.14035079792078847, 
        "fit": "average_SEM", 
        "value": -0.06250884364514302
    }, 
    "L1": {
        "error": 0.15527984555380112, 
        "fit": "average_SEM", 
        "value": -0.060514154885378146
    }, 
    "L2": {
        "error": 0.12382456161873316, 
        "fit": "average_SEM", 
        "value": 0.04011292721455296
    }
}