{
    "AX": {
        "error": 0.05403476787857232, 
        "fit": "average_SEM", 
        "value": -0.0569312251599816
    }, 
    "CDD": {
        "error": 0.00013276151758511394, 
        "fit": "average_SEM", 
        "value": 0.00010882856311380035
    }, 
    "H1": {
        "error": 0.13069140426953746, 
        "fit": "average_SEM", 
        "value": 0.08063826286233962
    }, 
    "H2": {
        "error": 0.14589741864639258, 
        "fit": "average_SEM", 
        "value": -0.09606571551153643
    }, 
    "L1": {
        "error": 0.15035810643826153, 
        "fit": "average_SEM", 
        "value": -0.0884556130376748
    }, 
    "L2": {
        "error": 0.14787278135370377, 
        "fit": "average_SEM", 
        "value": 0.021700499780450223
    }
}