{
    "AX": {
        "error": 0.05476098370287196, 
        "fit": "average_SEM", 
        "value": -0.04581288095202277
    }, 
    "CDD": {
        "error": 9.232893300771079e-05, 
        "fit": "average_SEM", 
        "value": 6.0460311942733824e-05
    }, 
    "H1": {
        "error": 0.10707399618713659, 
        "fit": "average_SEM", 
        "value": 0.027771572763514187
    }, 
    "H2": {
        "error": 0.1380362775311952, 
        "fit": "average_SEM", 
        "value": -0.10686401476203981
    }, 
    "L1": {
        "error": 0.1429081744781631, 
        "fit": "average_SEM", 
        "value": -0.0513294452878957
    }, 
    "L2": {
        "error": 0.13268469590852247, 
        "fit": "average_SEM", 
        "value": 0.03021147650854093
    }
}