{
    "AX": {
        "error": 0.0632747442950564, 
        "fit": "average_SEM", 
        "value": -0.053426393144117255
    }, 
    "CDD": {
        "error": 9.36915559154072e-05, 
        "fit": "average_SEM", 
        "value": 8.464443671982736e-05
    }, 
    "H1": {
        "error": 0.14938294500443688, 
        "fit": "average_SEM", 
        "value": 0.04191244047445555
    }, 
    "H2": {
        "error": 0.14006847144055223, 
        "fit": "average_SEM", 
        "value": -0.08503487166275994
    }, 
    "L1": {
        "error": 0.15713575786646805, 
        "fit": "average_SEM", 
        "value": -0.10334916801140126
    }, 
    "L2": {
        "error": 0.13363665506647202, 
        "fit": "average_SEM", 
        "value": 0.021832600124859405
    }
}