{
    "AX": {
        "error": 0.05595764085603639, 
        "fit": "average_SEM", 
        "value": -0.05257418093452644
    }, 
    "CDD": {
        "error": 9.489165177586318e-05, 
        "fit": "average_SEM", 
        "value": 5.873287478203161e-05
    }, 
    "H1": {
        "error": 0.11225299257970817, 
        "fit": "average_SEM", 
        "value": 0.039197228256509536
    }, 
    "H2": {
        "error": 0.12247894433656355, 
        "fit": "average_SEM", 
        "value": -0.08446611216705706
    }, 
    "L1": {
        "error": 0.13845672265600448, 
        "fit": "average_SEM", 
        "value": -0.04569588583092102
    }, 
    "L2": {
        "error": 0.14075869958104922, 
        "fit": "average_SEM", 
        "value": -0.0018370718281302187
    }
}